-- phpMyAdmin SQL Dump
-- version 5.2.2
-- https://www.phpmyadmin.net/
--
-- Host: localhost:3306
-- Generation Time: Feb 28, 2026 at 11:31 AM
-- Server version: 8.0.45
-- PHP Version: 8.4.16

SET SQL_MODE = "NO_AUTO_VALUE_ON_ZERO";
START TRANSACTION;
SET time_zone = "+00:00";


/*!40101 SET @OLD_CHARACTER_SET_CLIENT=@@CHARACTER_SET_CLIENT */;
/*!40101 SET @OLD_CHARACTER_SET_RESULTS=@@CHARACTER_SET_RESULTS */;
/*!40101 SET @OLD_COLLATION_CONNECTION=@@COLLATION_CONNECTION */;
/*!40101 SET NAMES utf8mb4 */;

--
-- Database: `indsoft24_chataura`
--

-- --------------------------------------------------------

--
-- Table structure for table `admin_settings`
--

CREATE TABLE `admin_settings` (
  `id` bigint UNSIGNED NOT NULL,
  `gift_commission_percent` int NOT NULL DEFAULT '20',
  `audio_call_price_per_min` int NOT NULL DEFAULT '10',
  `audio_call_commission_percent` int NOT NULL DEFAULT '30',
  `video_call_price_per_min` int NOT NULL DEFAULT '20',
  `video_call_commission_percent` int NOT NULL DEFAULT '30',
  `referral_reward_referrer` int UNSIGNED NOT NULL DEFAULT '100',
  `referral_reward_referee` int UNSIGNED NOT NULL DEFAULT '50',
  `referral_coin_conversion_rate` int UNSIGNED NOT NULL DEFAULT '1' COMMENT 'Gold coins per 1 referral coin',
  `created_at` timestamp NULL DEFAULT NULL,
  `updated_at` timestamp NULL DEFAULT NULL
) ENGINE=InnoDB DEFAULT CHARSET=utf8mb4 COLLATE=utf8mb4_unicode_ci;

--
-- Dumping data for table `admin_settings`
--

INSERT INTO `admin_settings` (`id`, `gift_commission_percent`, `audio_call_price_per_min`, `audio_call_commission_percent`, `video_call_price_per_min`, `video_call_commission_percent`, `referral_reward_referrer`, `referral_reward_referee`, `referral_coin_conversion_rate`, `created_at`, `updated_at`) VALUES
(1, 20, 10, 30, 20, 30, 100, 50, 1, '2026-02-22 16:24:51', '2026-02-22 16:24:51');

-- --------------------------------------------------------

--
-- Table structure for table `blocked_users`
--

CREATE TABLE `blocked_users` (
  `id` bigint UNSIGNED NOT NULL,
  `blocker_id` bigint UNSIGNED NOT NULL,
  `blocked_id` bigint UNSIGNED NOT NULL,
  `created_at` timestamp NULL DEFAULT NULL,
  `updated_at` timestamp NULL DEFAULT NULL
) ENGINE=InnoDB DEFAULT CHARSET=utf8mb4 COLLATE=utf8mb4_unicode_ci;

-- --------------------------------------------------------

--
-- Table structure for table `cache`
--

CREATE TABLE `cache` (
  `key` varchar(255) COLLATE utf8mb4_unicode_ci NOT NULL,
  `value` mediumtext COLLATE utf8mb4_unicode_ci NOT NULL,
  `expiration` int NOT NULL
) ENGINE=InnoDB DEFAULT CHARSET=utf8mb4 COLLATE=utf8mb4_unicode_ci;

--
-- Dumping data for table `cache`
--

INSERT INTO `cache` (`key`, `value`, `expiration`) VALUES
('chataura-cache-email_otp:35', 's:6:\"640967\";', 1772169762);

-- --------------------------------------------------------

--
-- Table structure for table `cache_locks`
--

CREATE TABLE `cache_locks` (
  `key` varchar(255) COLLATE utf8mb4_unicode_ci NOT NULL,
  `owner` varchar(255) COLLATE utf8mb4_unicode_ci NOT NULL,
  `expiration` int NOT NULL
) ENGINE=InnoDB DEFAULT CHARSET=utf8mb4 COLLATE=utf8mb4_unicode_ci;

-- --------------------------------------------------------

--
-- Table structure for table `calls`
--

CREATE TABLE `calls` (
  `id` bigint UNSIGNED NOT NULL,
  `caller_id` bigint UNSIGNED NOT NULL,
  `receiver_id` bigint UNSIGNED NOT NULL,
  `channel_name` varchar(255) COLLATE utf8mb4_unicode_ci NOT NULL,
  `agora_token` text COLLATE utf8mb4_unicode_ci,
  `call_type` varchar(20) COLLATE utf8mb4_unicode_ci NOT NULL DEFAULT 'audio',
  `status` varchar(20) COLLATE utf8mb4_unicode_ci NOT NULL DEFAULT 'ringing',
  `started_at` timestamp NULL DEFAULT NULL,
  `ended_at` timestamp NULL DEFAULT NULL,
  `last_heartbeat_at` timestamp NULL DEFAULT NULL,
  `created_at` timestamp NULL DEFAULT NULL,
  `updated_at` timestamp NULL DEFAULT NULL
) ENGINE=InnoDB DEFAULT CHARSET=utf8mb4 COLLATE=utf8mb4_unicode_ci;

--
-- Dumping data for table `calls`
--

INSERT INTO `calls` (`id`, `caller_id`, `receiver_id`, `channel_name`, `agora_token`, `call_type`, `status`, `started_at`, `ended_at`, `last_heartbeat_at`, `created_at`, `updated_at`) VALUES
(1, 14, 6, 'call_6_14_1771915647', NULL, 'video', 'ended', '2026-02-24 17:17:32', '2026-02-24 17:18:23', NULL, '2026-02-24 17:17:27', '2026-02-24 17:18:23'),
(2, 14, 6, 'call_6_14_1771916012', NULL, 'audio', 'ended', NULL, '2026-02-24 17:24:02', NULL, '2026-02-24 17:23:32', '2026-02-24 17:24:02'),
(3, 14, 6, 'call_6_14_1771916206', NULL, 'audio', 'ended', NULL, '2026-02-24 17:27:25', NULL, '2026-02-24 17:26:46', '2026-02-24 17:27:25'),
(4, 14, 6, 'call_6_14_1771916250', NULL, 'video', 'ended', NULL, '2026-02-24 17:27:57', NULL, '2026-02-24 17:27:30', '2026-02-24 17:27:57'),
(5, 6, 14, 'call_6_14_1771916402', NULL, 'video', 'ended', '2026-02-24 17:30:17', '2026-02-24 17:30:26', NULL, '2026-02-24 17:30:02', '2026-02-24 17:30:26'),
(6, 6, 14, 'call_6_14_1771916444', NULL, 'audio', 'ended', '2026-02-24 17:30:47', '2026-02-24 17:31:14', NULL, '2026-02-24 17:30:44', '2026-02-24 17:31:14'),
(7, 14, 6, 'call_6_14_1771917178', NULL, 'video', 'ended', '2026-02-24 17:43:06', '2026-02-24 17:43:42', NULL, '2026-02-24 17:42:58', '2026-02-24 17:43:42'),
(8, 15, 19, 'call_15_19_1771918648', NULL, 'audio', 'ended', NULL, '2026-02-24 18:08:13', NULL, '2026-02-24 18:07:28', '2026-02-24 18:08:13'),
(9, 21, 15, 'call_15_21_1771919230', NULL, 'audio', 'ended', NULL, '2026-02-24 18:18:03', NULL, '2026-02-24 18:17:10', '2026-02-24 18:18:03'),
(10, 21, 15, 'call_15_21_1771919293', NULL, 'video', 'ended', NULL, '2026-02-24 18:18:29', NULL, '2026-02-24 18:18:13', '2026-02-24 18:18:29'),
(11, 21, 15, 'call_15_21_1771919312', NULL, 'video', 'ended', NULL, '2026-02-24 18:18:54', NULL, '2026-02-24 18:18:32', '2026-02-24 18:18:54'),
(12, 15, 21, 'call_15_21_1771919369', NULL, 'audio', 'ended', '2026-02-24 18:19:35', '2026-02-24 18:20:14', NULL, '2026-02-24 18:19:29', '2026-02-24 18:20:14'),
(13, 21, 15, 'call_15_21_1771919497', NULL, 'audio', 'ended', '2026-02-24 18:21:43', '2026-02-24 18:23:34', NULL, '2026-02-24 18:21:37', '2026-02-24 18:23:34'),
(14, 21, 15, 'call_15_21_1771919811', NULL, 'audio', 'ended', NULL, '2026-02-24 18:27:25', NULL, '2026-02-24 18:26:51', '2026-02-24 18:27:25'),
(15, 15, 23, 'call_15_23_1771921994', NULL, 'audio', 'ended', '2026-02-24 19:03:28', '2026-02-24 19:03:41', NULL, '2026-02-24 19:03:14', '2026-02-24 19:03:41'),
(16, 15, 23, 'call_15_23_1771922039', NULL, 'video', 'ended', '2026-02-24 19:04:11', '2026-02-24 19:04:23', NULL, '2026-02-24 19:03:59', '2026-02-24 19:04:23'),
(17, 14, 21, 'call_14_21_1771945900', NULL, 'video', 'ended', '2026-02-25 01:41:46', '2026-02-25 01:42:40', NULL, '2026-02-25 01:41:40', '2026-02-25 01:42:40'),
(18, 14, 21, 'call_14_21_1771945994', NULL, 'video', 'ended', '2026-02-25 01:43:18', '2026-02-25 01:43:35', NULL, '2026-02-25 01:43:14', '2026-02-25 01:43:35'),
(19, 14, 21, 'call_14_21_1771946034', NULL, 'audio', 'ended', '2026-02-25 01:44:00', '2026-02-25 01:44:06', NULL, '2026-02-25 01:43:54', '2026-02-25 01:44:06'),
(20, 14, 21, 'call_14_21_1771946066', NULL, 'audio', 'ended', NULL, '2026-02-25 01:44:31', NULL, '2026-02-25 01:44:26', '2026-02-25 01:44:31'),
(21, 14, 21, 'call_14_21_1771946116', NULL, 'audio', 'ended', '2026-02-25 01:45:20', '2026-02-25 01:45:49', NULL, '2026-02-25 01:45:16', '2026-02-25 01:45:49'),
(22, 21, 14, 'call_14_21_1771961472', NULL, 'video', 'ended', NULL, '2026-02-25 06:01:35', NULL, '2026-02-25 06:01:12', '2026-02-25 06:01:35'),
(23, 21, 14, 'call_14_21_1771961523', NULL, 'video', 'ended', '2026-02-25 06:02:08', '2026-02-25 06:02:26', NULL, '2026-02-25 06:02:03', '2026-02-25 06:02:26'),
(24, 21, 26, 'call_21_26_1771999240', NULL, 'audio', 'ended', '2026-02-25 16:30:46', '2026-02-25 16:31:05', NULL, '2026-02-25 16:30:40', '2026-02-25 16:31:05'),
(25, 21, 26, 'call_21_26_1771999276', NULL, 'audio', 'ended', NULL, '2026-02-25 16:31:51', NULL, '2026-02-25 16:31:16', '2026-02-25 16:31:51'),
(26, 21, 26, 'call_21_26_1771999314', NULL, 'video', 'ended', '2026-02-25 16:32:02', '2026-02-25 16:32:55', NULL, '2026-02-25 16:31:54', '2026-02-25 16:32:55'),
(27, 21, 26, 'call_21_26_1771999386', NULL, 'video', 'ended', NULL, '2026-02-25 16:33:27', NULL, '2026-02-25 16:33:06', '2026-02-25 16:33:27'),
(28, 6, 14, 'call_6_14_1772005317', NULL, 'video', 'ended', NULL, '2026-02-25 18:15:12', NULL, '2026-02-25 18:11:57', '2026-02-25 18:15:12'),
(29, 6, 14, 'call_6_14_1772005517', NULL, 'audio', 'ended', NULL, '2026-02-25 18:15:37', NULL, '2026-02-25 18:15:17', '2026-02-25 18:15:37'),
(30, 6, 14, 'call_6_14_1772005623', NULL, 'audio', 'ended', NULL, '2026-02-25 18:17:36', NULL, '2026-02-25 18:17:03', '2026-02-25 18:17:36'),
(31, 6, 14, 'call_6_14_1772006434', NULL, 'video', 'ended', '2026-02-25 18:33:41', '2026-02-25 18:33:49', NULL, '2026-02-25 18:30:34', '2026-02-25 18:33:49'),
(32, 6, 14, 'call_6_14_1772006637', NULL, 'video', 'ended', '2026-02-25 18:34:03', '2026-02-25 18:35:38', NULL, '2026-02-25 18:33:57', '2026-02-25 18:35:38'),
(33, 6, 14, 'call_6_14_1772006807', NULL, 'audio', 'ended', '2026-02-25 18:38:59', '2026-02-25 18:39:19', NULL, '2026-02-25 18:36:47', '2026-02-25 18:39:19'),
(34, 6, 14, 'call_6_14_1772006978', NULL, 'audio', 'ended', NULL, '2026-02-25 18:39:46', NULL, '2026-02-25 18:39:38', '2026-02-25 18:39:46'),
(35, 6, 14, 'call_6_14_1772006996', NULL, 'audio', 'ended', NULL, '2026-02-25 18:40:03', NULL, '2026-02-25 18:39:56', '2026-02-25 18:40:03'),
(36, 6, 14, 'call_6_14_1772007123', NULL, 'audio', 'ended', NULL, '2026-02-25 18:42:14', NULL, '2026-02-25 18:42:03', '2026-02-25 18:42:14'),
(37, 6, 14, 'call_6_14_1772007388', NULL, 'audio', 'ended', NULL, '2026-02-25 18:46:35', NULL, '2026-02-25 18:46:28', '2026-02-25 18:46:35'),
(38, 6, 14, 'call_6_14_1772007402', NULL, 'audio', 'ended', NULL, '2026-02-25 18:47:01', NULL, '2026-02-25 18:46:42', '2026-02-25 18:47:01'),
(39, 6, 14, 'call_6_14_1772007426', NULL, 'video', 'ended', NULL, '2026-02-25 18:47:12', NULL, '2026-02-25 18:47:06', '2026-02-25 18:47:12'),
(40, 6, 14, 'call_6_14_1772007444', NULL, 'video', 'ended', NULL, '2026-02-25 18:47:32', NULL, '2026-02-25 18:47:24', '2026-02-25 18:47:32'),
(41, 6, 14, 'call_6_14_1772007905', NULL, 'video', 'ended', '2026-02-25 18:55:10', '2026-02-25 18:55:59', NULL, '2026-02-25 18:55:05', '2026-02-25 18:55:59'),
(42, 14, 6, 'call_6_14_1772008103', NULL, 'video', 'ended', NULL, '2026-02-25 18:58:30', NULL, '2026-02-25 18:58:23', '2026-02-25 18:58:30'),
(43, 14, 6, 'call_6_14_1772008135', NULL, 'video', 'ended', NULL, '2026-02-25 18:59:12', NULL, '2026-02-25 18:58:55', '2026-02-25 18:59:12'),
(44, 14, 6, 'call_6_14_1772008157', NULL, 'video', 'ended', NULL, '2026-02-25 18:59:26', NULL, '2026-02-25 18:59:17', '2026-02-25 18:59:26'),
(45, 14, 6, 'call_6_14_1772008200', NULL, 'video', 'ended', '2026-02-25 19:00:04', '2026-02-25 19:00:09', NULL, '2026-02-25 19:00:00', '2026-02-25 19:00:09'),
(46, 14, 6, 'call_6_14_1772008239', NULL, 'video', 'ended', NULL, '2026-02-25 19:00:53', NULL, '2026-02-25 19:00:39', '2026-02-25 19:00:53'),
(47, 14, 6, 'call_6_14_1772008469', NULL, 'video', 'ended', NULL, '2026-02-25 19:04:42', NULL, '2026-02-25 19:04:29', '2026-02-25 19:04:42'),
(48, 14, 6, 'call_6_14_1772008499', NULL, 'video', 'ended', NULL, '2026-02-25 19:05:06', NULL, '2026-02-25 19:04:59', '2026-02-25 19:05:06'),
(49, 14, 6, 'call_6_14_1772009727', NULL, 'video', 'ended', '2026-02-25 19:25:40', '2026-02-25 19:25:50', NULL, '2026-02-25 19:25:27', '2026-02-25 19:25:50'),
(50, 14, 6, 'call_6_14_1772009905', NULL, 'video', 'ended', '2026-02-25 19:28:33', '2026-02-25 19:28:36', NULL, '2026-02-25 19:28:25', '2026-02-25 19:28:36'),
(51, 6, 14, 'call_6_14_1772009937', NULL, 'video', 'ended', '2026-02-25 19:29:07', '2026-02-25 19:29:19', NULL, '2026-02-25 19:28:57', '2026-02-25 19:29:19'),
(52, 6, 14, 'call_6_14_1772011547', NULL, 'audio', 'ended', '2026-02-25 19:56:00', '2026-02-25 19:56:22', NULL, '2026-02-25 19:55:47', '2026-02-25 19:56:22'),
(53, 6, 14, 'call_6_14_1772011596', NULL, 'audio', 'ended', '2026-02-25 19:56:59', '2026-02-25 19:57:07', NULL, '2026-02-25 19:56:36', '2026-02-25 19:57:07'),
(54, 6, 14, 'call_6_14_1772020533', NULL, 'audio', 'ended', NULL, '2026-02-25 22:25:48', NULL, '2026-02-25 22:25:33', '2026-02-25 22:25:48'),
(55, 6, 14, 'call_6_14_1772021883', NULL, 'audio', 'ended', '2026-02-25 22:48:15', '2026-02-25 22:48:45', NULL, '2026-02-25 22:48:03', '2026-02-25 22:48:45'),
(56, 6, 14, 'call_6_14_1772022030', NULL, 'video', 'ended', '2026-02-25 22:50:41', '2026-02-25 22:50:48', NULL, '2026-02-25 22:50:30', '2026-02-25 22:50:48'),
(57, 21, 14, 'call_14_21_1772029928', NULL, 'audio', 'ended', NULL, '2026-02-26 01:02:42', NULL, '2026-02-26 01:02:08', '2026-02-26 01:02:42'),
(58, 6, 14, 'call_6_14_1772030365', NULL, 'audio', 'ended', '2026-02-26 01:09:55', '2026-02-26 01:10:02', NULL, '2026-02-26 01:09:25', '2026-02-26 01:10:02'),
(59, 14, 6, 'call_6_14_1772030460', NULL, 'audio', 'ended', NULL, '2026-02-26 01:11:55', NULL, '2026-02-26 01:11:00', '2026-02-26 01:11:55'),
(60, 14, 21, 'call_14_21_1772030691', NULL, 'audio', 'ended', '2026-02-26 01:15:08', '2026-02-26 01:15:14', NULL, '2026-02-26 01:14:51', '2026-02-26 01:15:14'),
(61, 14, 21, 'call_14_21_1772030716', NULL, 'audio', 'rejected', NULL, NULL, NULL, '2026-02-26 01:15:16', '2026-02-26 01:15:29'),
(62, 14, 21, 'call_14_21_1772031079', NULL, 'video', 'ended', '2026-02-26 01:21:29', '2026-02-26 01:21:55', NULL, '2026-02-26 01:21:19', '2026-02-26 01:21:55'),
(63, 14, 21, 'call_14_21_1772031629', NULL, 'audio', 'ended', '2026-02-26 01:30:38', '2026-02-26 01:31:19', NULL, '2026-02-26 01:30:29', '2026-02-26 01:31:19'),
(64, 14, 21, 'call_14_21_1772035683', NULL, 'video', 'ended', NULL, '2026-02-26 02:38:31', NULL, '2026-02-26 02:38:03', '2026-02-26 02:38:31'),
(65, 21, 14, 'call_14_21_1772035720', NULL, 'video', 'ended', '2026-02-26 02:38:55', '2026-02-26 02:39:33', NULL, '2026-02-26 02:38:40', '2026-02-26 02:39:33'),
(66, 29, 5, 'call_5_29_1772047618', NULL, 'audio', 'ended', '2026-02-26 05:57:09', '2026-02-26 05:57:09', NULL, '2026-02-26 05:56:58', '2026-02-26 06:05:57'),
(67, 21, 5, 'call_5_21_1772048726', NULL, 'audio', 'ended', '2026-02-26 06:15:34', '2026-02-26 06:15:47', '2026-02-26 06:15:34', '2026-02-26 06:15:26', '2026-02-26 06:15:47'),
(68, 5, 21, 'call_5_21_1772048792', NULL, 'video', 'ended', '2026-02-26 06:16:40', '2026-02-26 06:17:54', '2026-02-26 06:17:41', '2026-02-26 06:16:32', '2026-02-26 06:17:54'),
(69, 29, 21, 'call_21_29_1772049503', NULL, 'video', 'ended', '2026-02-26 06:28:29', '2026-02-26 06:29:31', '2026-02-26 06:29:30', '2026-02-26 06:28:23', '2026-02-26 06:29:31'),
(70, 31, 18, 'call_18_31_1772090396', NULL, 'audio', 'ended', '2026-02-26 17:50:04', '2026-02-26 17:50:04', '2026-02-26 17:50:04', '2026-02-26 17:49:56', '2026-02-26 17:53:12'),
(71, 31, 18, 'call_18_31_1772090592', NULL, 'audio', 'ended', '2026-02-26 17:53:17', '2026-02-26 17:53:34', '2026-02-26 17:53:17', '2026-02-26 17:53:12', '2026-02-26 17:53:34'),
(72, 31, 18, 'call_18_31_1772090621', NULL, 'audio', 'ended', '2026-02-26 17:53:47', '2026-02-26 17:53:54', '2026-02-26 17:53:47', '2026-02-26 17:53:41', '2026-02-26 17:53:54'),
(73, 14, 6, 'call_6_14_1772104079', NULL, 'video', 'ended', '2026-02-26 21:38:18', '2026-02-26 21:38:33', '2026-02-26 21:38:18', '2026-02-26 21:37:59', '2026-02-26 21:38:33'),
(74, 6, 21, 'call_6_21_1772107436', NULL, 'video', 'ended', '2026-02-26 21:48:18', '2026-02-26 21:58:18', '2026-02-26 21:58:18', '2026-02-26 22:33:56', '2026-02-26 23:17:05'),
(75, 6, 14, 'call_6_14_1772110141', NULL, 'video', 'ended', '2026-02-26 23:19:10', '2026-02-26 23:19:26', '2026-02-26 23:19:10', '2026-02-26 23:19:01', '2026-02-26 23:19:26'),
(76, 30, 29, 'call_29_30_1772121631', NULL, 'audio', 'ended', '2026-02-27 02:30:42', '2026-02-27 02:30:49', '2026-02-27 02:30:42', '2026-02-27 02:30:31', '2026-02-27 02:30:49'),
(77, 30, 29, 'call_29_30_1772121684', NULL, 'video', 'ended', '2026-02-27 02:31:31', '2026-02-27 02:32:37', '2026-02-27 02:32:32', '2026-02-27 02:31:24', '2026-02-27 02:32:37'),
(78, 29, 30, 'call_29_30_1772121878', NULL, 'video', 'ended', '2026-02-27 02:34:47', '2026-02-27 02:35:01', '2026-02-27 02:34:47', '2026-02-27 02:34:38', '2026-02-27 02:35:01'),
(79, 29, 30, 'call_29_30_1772122264', NULL, 'video', 'ended', '2026-02-27 02:41:10', '2026-02-27 02:41:44', '2026-02-27 02:41:42', '2026-02-27 02:41:04', '2026-02-27 02:41:44'),
(80, 29, 30, 'call_29_30_1772123083', NULL, 'video', 'ended', '2026-02-27 02:54:50', '2026-02-27 02:55:58', '2026-02-27 02:55:52', '2026-02-27 02:54:43', '2026-02-27 02:55:58'),
(81, 29, 30, 'call_29_30_1772123343', NULL, 'video', 'ended', '2026-02-27 02:59:10', '2026-02-27 02:59:22', '2026-02-27 02:59:10', '2026-02-27 02:59:03', '2026-02-27 02:59:22'),
(82, 29, 30, 'call_29_30_1772123804', NULL, 'video', 'ended', '2026-02-27 03:06:49', '2026-02-27 03:06:54', '2026-02-27 03:06:49', '2026-02-27 03:06:44', '2026-02-27 03:06:54'),
(83, 29, 30, 'call_29_30_1772123851', NULL, 'video', 'ended', '2026-02-27 03:07:41', '2026-02-27 03:07:49', '2026-02-27 03:07:41', '2026-02-27 03:07:31', '2026-02-27 03:07:49'),
(84, 21, 14, 'call_14_21_1772171247', NULL, 'video', 'ended', '2026-02-27 16:17:35', '2026-02-27 16:18:02', '2026-02-27 16:17:35', '2026-02-27 16:17:27', '2026-02-27 16:18:02'),
(85, 21, 14, 'call_14_21_1772171286', NULL, 'audio', 'ended', '2026-02-27 16:18:10', '2026-02-27 16:18:27', '2026-02-27 16:18:10', '2026-02-27 16:18:06', '2026-02-27 16:18:27'),
(86, 21, 14, 'call_14_21_1772171344', NULL, 'audio', 'ended', '2026-02-27 16:19:09', '2026-02-27 16:19:28', '2026-02-27 16:19:09', '2026-02-27 16:19:04', '2026-02-27 16:19:28'),
(87, 21, 14, 'call_14_21_1772171383', NULL, 'audio', 'ended', '2026-02-27 16:19:47', '2026-02-27 16:20:03', '2026-02-27 16:19:47', '2026-02-27 16:19:43', '2026-02-27 16:20:03'),
(88, 14, 21, 'call_14_21_1772171449', NULL, 'video', 'ended', '2026-02-27 16:20:53', '2026-02-27 16:21:20', '2026-02-27 16:20:53', '2026-02-27 16:20:49', '2026-02-27 16:21:20'),
(89, 14, 21, 'call_14_21_1772171484', NULL, 'audio', 'ended', '2026-02-27 16:21:31', '2026-02-27 16:21:46', '2026-02-27 16:21:31', '2026-02-27 16:21:24', '2026-02-27 16:21:46'),
(90, 21, 27, 'call_21_27_1772172944', NULL, 'audio', 'ended', '2026-02-27 16:45:52', '2026-02-27 16:46:04', '2026-02-27 16:45:52', '2026-02-27 16:45:44', '2026-02-27 16:46:04'),
(91, 27, 21, 'call_21_27_1772173253', NULL, 'audio', 'ended', '2026-02-27 16:50:58', '2026-02-27 16:51:19', '2026-02-27 16:50:58', '2026-02-27 16:50:53', '2026-02-27 16:51:19'),
(92, 27, 21, 'call_21_27_1772173283', NULL, 'audio', 'ended', '2026-02-27 16:51:30', '2026-02-27 16:51:43', '2026-02-27 16:51:30', '2026-02-27 16:51:23', '2026-02-27 16:51:43'),
(93, 21, 27, 'call_21_27_1772173365', NULL, 'video', 'ended', NULL, '2026-02-27 16:53:17', NULL, '2026-02-27 16:52:45', '2026-02-27 16:53:17'),
(94, 21, 27, 'call_21_27_1772173413', NULL, 'video', 'ended', '2026-02-27 16:53:40', '2026-02-27 16:54:04', '2026-02-27 16:53:40', '2026-02-27 16:53:33', '2026-02-27 16:54:04'),
(95, 21, 27, 'call_21_27_1772173458', NULL, 'video', 'ended', '2026-02-27 16:54:29', '2026-02-27 16:56:01', '2026-02-27 16:56:00', '2026-02-27 16:54:18', '2026-02-27 16:56:01'),
(96, 26, 21, 'call_21_26_1772173893', NULL, 'audio', 'ended', '2026-02-27 17:01:44', '2026-02-27 17:01:56', '2026-02-27 17:01:44', '2026-02-27 17:01:33', '2026-02-27 17:01:56'),
(97, 21, 26, 'call_21_26_1772174030', NULL, 'video', 'ended', NULL, '2026-02-27 17:04:26', NULL, '2026-02-27 17:03:50', '2026-02-27 17:04:26'),
(98, 21, 26, 'call_21_26_1772174239', NULL, 'video', 'ended', NULL, '2026-02-27 17:08:10', NULL, '2026-02-27 17:07:19', '2026-02-27 17:08:10'),
(99, 21, 14, 'call_14_21_1772174311', NULL, 'audio', 'ended', '2026-02-27 17:08:39', '2026-02-27 17:09:36', '2026-02-27 17:09:10', '2026-02-27 17:08:31', '2026-02-27 17:09:36'),
(100, 21, 26, 'call_21_26_1772174391', NULL, 'audio', 'ended', NULL, '2026-02-27 17:10:13', NULL, '2026-02-27 17:09:51', '2026-02-27 17:10:13'),
(101, 21, 26, 'call_21_26_1772174476', NULL, 'video', 'ended', NULL, '2026-02-27 17:12:00', NULL, '2026-02-27 17:11:16', '2026-02-27 17:12:00'),
(102, 21, 26, 'call_21_26_1772174678', NULL, 'video', 'ended', NULL, '2026-02-27 17:15:28', NULL, '2026-02-27 17:14:38', '2026-02-27 17:15:28'),
(103, 21, 26, 'call_21_26_1772174871', NULL, 'audio', 'ended', NULL, '2026-02-27 17:18:12', NULL, '2026-02-27 17:17:51', '2026-02-27 17:18:12'),
(104, 21, 14, 'call_14_21_1772174898', NULL, 'audio', 'ended', '2026-02-27 17:18:32', '2026-02-27 17:19:28', '2026-02-27 17:19:04', '2026-02-27 17:18:18', '2026-02-27 17:19:28'),
(105, 14, 26, 'call_14_26_1772175009', NULL, 'audio', 'ended', NULL, '2026-02-27 17:20:50', NULL, '2026-02-27 17:20:09', '2026-02-27 17:20:50'),
(106, 26, 21, 'call_21_26_1772175073', NULL, 'video', 'ended', '2026-02-27 17:21:27', '2026-02-27 17:22:30', '2026-02-27 17:22:28', '2026-02-27 17:21:13', '2026-02-27 17:22:30'),
(107, 14, 21, 'call_14_21_1772175165', NULL, 'audio', 'ended', NULL, '2026-02-27 17:23:34', NULL, '2026-02-27 17:22:45', '2026-02-27 17:23:34'),
(108, 21, 26, 'call_21_26_1772175296', NULL, 'audio', 'ended', NULL, '2026-02-27 17:25:32', NULL, '2026-02-27 17:24:56', '2026-02-27 17:25:32'),
(109, 21, 26, 'call_21_26_1772175336', NULL, 'video', 'ended', NULL, '2026-02-27 17:25:57', NULL, '2026-02-27 17:25:36', '2026-02-27 17:25:57'),
(110, 6, 14, 'call_6_14_1772175528', NULL, 'video', 'ended', '2026-02-27 17:29:06', '2026-02-27 17:29:30', '2026-02-27 17:29:06', '2026-02-27 17:28:48', '2026-02-27 17:29:30'),
(111, 6, 14, 'call_6_14_1772175578', NULL, 'audio', 'ended', '2026-02-27 17:29:41', '2026-02-27 17:29:48', '2026-02-27 17:29:41', '2026-02-27 17:29:38', '2026-02-27 17:29:48'),
(112, 14, 6, 'call_6_14_1772175610', NULL, 'audio', 'ended', '2026-02-27 17:30:21', '2026-02-27 17:30:28', '2026-02-27 17:30:21', '2026-02-27 17:30:10', '2026-02-27 17:30:28'),
(113, 14, 36, 'call_14_36_1772175935', NULL, 'audio', 'ended', '2026-02-27 17:35:44', '2026-02-27 17:36:13', '2026-02-27 17:35:44', '2026-02-27 17:35:35', '2026-02-27 17:36:13'),
(114, 14, 36, 'call_14_36_1772176052', NULL, 'audio', 'ended', '2026-02-27 17:37:38', '2026-02-27 17:38:10', '2026-02-27 17:37:38', '2026-02-27 17:37:32', '2026-02-27 17:38:10'),
(115, 14, 36, 'call_14_36_1772176128', NULL, 'video', 'ended', '2026-02-27 17:38:55', '2026-02-27 17:40:39', '2026-02-27 17:40:27', '2026-02-27 17:38:48', '2026-02-27 17:40:39'),
(116, 14, 36, 'call_14_36_1772176257', NULL, 'audio', 'ended', '2026-02-27 17:41:02', '2026-02-27 17:41:14', '2026-02-27 17:41:02', '2026-02-27 17:40:57', '2026-02-27 17:41:14'),
(117, 36, 14, 'call_14_36_1772176301', NULL, 'video', 'ended', '2026-02-27 17:41:45', '2026-02-27 17:42:48', '2026-02-27 17:42:47', '2026-02-27 17:41:41', '2026-02-27 17:42:48'),
(118, 14, 36, 'call_14_36_1772176393', NULL, 'audio', 'ended', '2026-02-27 17:43:18', '2026-02-27 17:43:51', '2026-02-27 17:43:49', '2026-02-27 17:43:13', '2026-02-27 17:43:51'),
(119, 21, 37, 'call_21_37_1772176496', NULL, 'audio', 'ended', '2026-02-27 17:45:05', '2026-02-27 17:45:24', '2026-02-27 17:45:05', '2026-02-27 17:44:56', '2026-02-27 17:45:24'),
(120, 21, 37, 'call_21_37_1772176545', NULL, 'video', 'ended', NULL, '2026-02-27 17:45:59', NULL, '2026-02-27 17:45:45', '2026-02-27 17:45:59'),
(121, 21, 37, 'call_21_37_1772176563', NULL, 'audio', 'ended', NULL, '2026-02-27 17:46:08', NULL, '2026-02-27 17:46:03', '2026-02-27 17:46:08'),
(122, 21, 37, 'call_21_37_1772176575', NULL, 'video', 'ended', NULL, '2026-02-27 17:46:22', NULL, '2026-02-27 17:46:15', '2026-02-27 17:46:22'),
(123, 21, 37, 'call_21_37_1772176589', NULL, 'audio', 'ended', '2026-02-27 17:46:36', '2026-02-27 17:46:55', '2026-02-27 17:46:36', '2026-02-27 17:46:29', '2026-02-27 17:46:55'),
(124, 21, 37, 'call_21_37_1772176619', NULL, 'video', 'ended', NULL, '2026-02-27 17:47:14', NULL, '2026-02-27 17:46:59', '2026-02-27 17:47:14'),
(125, 21, 37, 'call_21_37_1772176638', NULL, 'video', 'ended', NULL, '2026-02-27 17:47:28', NULL, '2026-02-27 17:47:18', '2026-02-27 17:47:28'),
(126, 21, 37, 'call_21_37_1772176651', NULL, 'audio', 'ended', NULL, '2026-02-27 17:48:01', NULL, '2026-02-27 17:47:31', '2026-02-27 17:48:01'),
(127, 21, 37, 'call_21_37_1772176686', NULL, 'video', 'ended', NULL, '2026-02-27 17:48:13', NULL, '2026-02-27 17:48:06', '2026-02-27 17:48:13'),
(128, 21, 37, 'call_21_37_1772176703', NULL, 'audio', 'ended', NULL, '2026-02-27 17:48:32', NULL, '2026-02-27 17:48:23', '2026-02-27 17:48:32'),
(129, 21, 37, 'call_21_37_1772176722', NULL, 'audio', 'ended', NULL, '2026-02-27 17:48:45', NULL, '2026-02-27 17:48:42', '2026-02-27 17:48:46'),
(130, 21, 37, 'call_21_37_1772176742', NULL, 'audio', 'ended', NULL, '2026-02-27 17:49:07', NULL, '2026-02-27 17:49:02', '2026-02-27 17:49:07'),
(131, 21, 37, 'call_21_37_1772176760', NULL, 'audio', 'ended', NULL, '2026-02-27 17:49:25', NULL, '2026-02-27 17:49:20', '2026-02-27 17:49:25'),
(132, 21, 37, 'call_21_37_1772176769', NULL, 'video', 'ended', NULL, '2026-02-27 17:49:40', NULL, '2026-02-27 17:49:29', '2026-02-27 17:49:40'),
(133, 21, 37, 'call_21_37_1772176804', NULL, 'video', 'ended', '2026-02-27 17:50:16', '2026-02-27 17:50:30', '2026-02-27 17:50:16', '2026-02-27 17:50:04', '2026-02-27 17:50:30'),
(134, 21, 37, 'call_21_37_1772176853', NULL, 'audio', 'ended', '2026-02-27 17:50:59', NULL, '2026-02-27 17:50:59', '2026-02-27 17:50:53', '2026-02-27 17:50:59'),
(135, 21, 37, 'call_21_37_1772176924', NULL, 'video', 'ended', NULL, '2026-02-27 17:52:29', NULL, '2026-02-27 17:52:04', '2026-02-27 17:52:29'),
(136, 21, 37, 'call_21_37_1772176953', NULL, 'audio', 'ended', NULL, '2026-02-27 17:52:51', NULL, '2026-02-27 17:52:33', '2026-02-27 17:52:51'),
(137, 21, 37, 'call_21_37_1772176979', NULL, 'video', 'ended', NULL, '2026-02-27 17:53:13', NULL, '2026-02-27 17:52:59', '2026-02-27 17:53:13'),
(138, 37, 21, 'call_21_37_1772177058', NULL, 'audio', 'rejected', NULL, NULL, NULL, '2026-02-27 17:54:18', '2026-02-27 17:54:27'),
(139, 37, 21, 'call_21_37_1772177075', NULL, 'audio', 'rejected', NULL, NULL, NULL, '2026-02-27 17:54:35', '2026-02-27 17:54:43'),
(140, 37, 21, 'call_21_37_1772177090', NULL, 'audio', 'ended', '2026-02-27 17:54:53', NULL, '2026-02-27 17:54:53', '2026-02-27 17:54:50', '2026-02-27 17:54:53'),
(141, 37, 21, 'call_21_37_1772177134', NULL, 'audio', 'rejected', NULL, NULL, NULL, '2026-02-27 17:55:34', '2026-02-27 17:55:40'),
(142, 37, 21, 'call_21_37_1772177296', NULL, 'audio', 'rejected', NULL, NULL, NULL, '2026-02-27 17:58:16', '2026-02-27 17:58:24'),
(143, 37, 21, 'call_21_37_1772177348', NULL, 'audio', 'rejected', NULL, NULL, NULL, '2026-02-27 17:59:08', '2026-02-27 17:59:17'),
(144, 21, 37, 'call_21_37_1772177378', NULL, 'audio', 'ended', NULL, '2026-02-27 17:59:42', NULL, '2026-02-27 17:59:38', '2026-02-27 17:59:42'),
(145, 21, 37, 'call_21_37_1772177390', NULL, 'audio', 'ended', NULL, '2026-02-27 17:59:57', NULL, '2026-02-27 17:59:50', '2026-02-27 17:59:57'),
(146, 37, 21, 'call_21_37_1772177426', NULL, 'audio', 'ended', '2026-02-27 18:00:39', '2026-02-27 18:00:54', '2026-02-27 18:00:39', '2026-02-27 18:00:26', '2026-02-27 18:00:54'),
(147, 37, 21, 'call_21_37_1772177862', NULL, 'audio', 'rejected', NULL, NULL, NULL, '2026-02-27 18:07:42', '2026-02-27 18:07:50'),
(148, 21, 37, 'call_21_37_1772177898', NULL, 'audio', 'ended', NULL, '2026-02-27 18:08:25', NULL, '2026-02-27 18:08:18', '2026-02-27 18:08:25'),
(149, 37, 21, 'call_21_37_1772177913', NULL, 'audio', 'rejected', NULL, NULL, NULL, '2026-02-27 18:08:33', '2026-02-27 18:08:39'),
(150, 37, 21, 'call_21_37_1772177935', NULL, 'video', 'ended', '2026-02-27 18:09:02', '2026-02-27 18:09:08', '2026-02-27 18:09:02', '2026-02-27 18:08:55', '2026-02-27 18:09:08'),
(151, 37, 21, 'call_21_37_1772177976', NULL, 'audio', 'ended', '2026-02-27 18:09:48', '2026-02-27 18:09:56', '2026-02-27 18:09:48', '2026-02-27 18:09:36', '2026-02-27 18:09:56'),
(152, 37, 21, 'call_21_37_1772178002', NULL, 'audio', 'ended', '2026-02-27 18:10:07', '2026-02-27 18:10:11', '2026-02-27 18:10:07', '2026-02-27 18:10:02', '2026-02-27 18:10:11'),
(153, 21, 37, 'call_21_37_1772178314', NULL, 'audio', 'ended', '2026-02-27 18:15:24', '2026-02-27 18:15:57', '2026-02-27 18:15:57', '2026-02-27 18:15:14', '2026-02-27 18:15:57'),
(154, 26, 21, 'call_21_26_1772178510', NULL, 'audio', 'ended', '2026-02-27 18:18:38', '2026-02-27 18:18:51', '2026-02-27 18:18:38', '2026-02-27 18:18:30', '2026-02-27 18:18:51'),
(155, 26, 21, 'call_21_26_1772178545', NULL, 'video', 'ended', NULL, '2026-02-27 18:19:18', NULL, '2026-02-27 18:19:05', '2026-02-27 18:19:18'),
(156, 21, 26, 'call_21_26_1772178596', NULL, 'audio', 'ended', NULL, '2026-02-27 18:20:15', NULL, '2026-02-27 18:19:56', '2026-02-27 18:20:15'),
(157, 21, 26, 'call_21_26_1772178672', NULL, 'audio', 'ended', NULL, '2026-02-27 18:22:03', NULL, '2026-02-27 18:21:12', '2026-02-27 18:22:03'),
(158, 21, 26, 'call_21_26_1772178831', NULL, 'video', 'ended', NULL, '2026-02-27 18:24:34', NULL, '2026-02-27 18:23:51', '2026-02-27 18:24:34'),
(159, 21, 26, 'call_21_26_1772178898', NULL, 'video', 'ended', NULL, '2026-02-27 18:25:46', NULL, '2026-02-27 18:24:58', '2026-02-27 18:25:46'),
(160, 21, 26, 'call_21_26_1772178975', NULL, 'audio', 'ended', NULL, '2026-02-27 18:26:29', NULL, '2026-02-27 18:26:15', '2026-02-27 18:26:29'),
(161, 26, 21, 'call_21_26_1772179137', NULL, 'audio', 'ended', '2026-02-27 18:29:07', '2026-02-27 18:29:44', '2026-02-27 18:29:38', '2026-02-27 18:28:57', '2026-02-27 18:29:44'),
(162, 21, 26, 'call_21_26_1772179195', NULL, 'audio', 'ended', NULL, '2026-02-27 18:30:15', NULL, '2026-02-27 18:29:55', '2026-02-27 18:30:15'),
(163, 21, 26, 'call_21_26_1772179219', NULL, 'video', 'ended', NULL, '2026-02-27 18:30:56', NULL, '2026-02-27 18:30:19', '2026-02-27 18:30:56'),
(164, 21, 26, 'call_21_26_1772179390', NULL, 'audio', 'ended', NULL, '2026-02-27 18:33:43', NULL, '2026-02-27 18:33:10', '2026-02-27 18:33:43'),
(165, 37, 26, 'call_26_37_1772179457', NULL, 'video', 'ended', NULL, '2026-02-27 18:34:46', NULL, '2026-02-27 18:34:17', '2026-02-27 18:34:46'),
(166, 37, 26, 'call_26_37_1772179494', NULL, 'audio', 'ended', NULL, '2026-02-27 18:35:26', NULL, '2026-02-27 18:34:54', '2026-02-27 18:35:26'),
(167, 21, 27, 'call_21_27_1772179532', NULL, 'audio', 'ended', NULL, '2026-02-27 18:36:21', NULL, '2026-02-27 18:35:32', '2026-02-27 18:36:21'),
(168, 21, 26, 'call_21_26_1772179591', NULL, 'audio', 'ended', NULL, '2026-02-27 18:36:42', NULL, '2026-02-27 18:36:31', '2026-02-27 18:36:42'),
(169, 21, 14, 'call_14_21_1772179608', NULL, 'audio', 'ended', '2026-02-27 18:36:58', '2026-02-27 18:37:08', '2026-02-27 18:36:58', '2026-02-27 18:36:48', '2026-02-27 18:37:08'),
(170, 21, 14, 'call_14_21_1772179634', NULL, 'audio', 'ended', '2026-02-27 18:37:17', '2026-02-27 18:37:24', '2026-02-27 18:37:17', '2026-02-27 18:37:14', '2026-02-27 18:37:24'),
(171, 21, 14, 'call_14_21_1772179648', NULL, 'video', 'ended', '2026-02-27 18:37:39', '2026-02-27 18:37:41', '2026-02-27 18:37:39', '2026-02-27 18:37:28', '2026-02-27 18:37:41'),
(172, 14, 21, 'call_14_21_1772179670', NULL, 'video', 'ended', NULL, '2026-02-27 18:38:00', NULL, '2026-02-27 18:37:50', '2026-02-27 18:38:00'),
(173, 14, 21, 'call_14_21_1772179762', NULL, 'video', 'ended', '2026-02-27 18:39:30', '2026-02-27 18:39:38', '2026-02-27 18:39:30', '2026-02-27 18:39:22', '2026-02-27 18:39:38'),
(174, 21, 37, 'call_21_37_1772179856', NULL, 'audio', 'ended', NULL, '2026-02-27 18:41:00', NULL, '2026-02-27 18:40:56', '2026-02-27 18:41:00'),
(175, 21, 37, 'call_21_37_1772179897', NULL, 'video', 'ended', NULL, '2026-02-27 18:41:40', NULL, '2026-02-27 18:41:37', '2026-02-27 18:41:40'),
(176, 14, 6, 'call_6_14_1772180263', NULL, 'video', 'ended', '2026-02-27 18:47:52', '2026-02-27 18:48:07', '2026-02-27 18:47:52', '2026-02-27 18:47:43', '2026-02-27 18:48:07'),
(177, 14, 6, 'call_6_14_1772180294', NULL, 'audio', 'ended', '2026-02-27 18:48:19', '2026-02-27 18:48:22', '2026-02-27 18:48:19', '2026-02-27 18:48:14', '2026-02-27 18:48:22'),
(178, 14, 6, 'call_6_14_1772180313', NULL, 'video', 'ended', '2026-02-27 18:48:38', '2026-02-27 18:48:43', '2026-02-27 18:48:38', '2026-02-27 18:48:33', '2026-02-27 18:48:43'),
(179, 36, 14, 'call_14_36_1772181277', NULL, 'video', 'ended', '2026-02-27 19:04:41', '2026-02-27 19:04:47', '2026-02-27 19:04:41', '2026-02-27 19:04:37', '2026-02-27 19:04:47'),
(180, 36, 14, 'call_14_36_1772181293', NULL, 'audio', 'ended', '2026-02-27 19:04:57', '2026-02-27 19:05:02', '2026-02-27 19:04:57', '2026-02-27 19:04:53', '2026-02-27 19:05:02'),
(181, 36, 14, 'call_14_36_1772181375', NULL, 'video', 'ended', '2026-02-27 19:06:22', '2026-02-27 19:06:28', '2026-02-27 19:06:22', '2026-02-27 19:06:15', '2026-02-27 19:06:28'),
(182, 36, 14, 'call_14_36_1772181395', NULL, 'audio', 'ended', '2026-02-27 19:06:39', '2026-02-27 19:06:43', '2026-02-27 19:06:39', '2026-02-27 19:06:35', '2026-02-27 19:06:43'),
(183, 36, 14, 'call_14_36_1772181454', NULL, 'video', 'ended', NULL, '2026-02-27 19:07:39', NULL, '2026-02-27 19:07:34', '2026-02-27 19:07:39'),
(184, 36, 14, 'call_14_36_1772181470', NULL, 'video', 'ended', '2026-02-27 19:07:55', '2026-02-27 19:08:02', '2026-02-27 19:07:55', '2026-02-27 19:07:50', '2026-02-27 19:08:02'),
(185, 36, 14, 'call_14_36_1772181495', NULL, 'audio', 'ended', '2026-02-27 19:08:20', '2026-02-27 19:08:27', '2026-02-27 19:08:20', '2026-02-27 19:08:15', '2026-02-27 19:08:27'),
(186, 6, 14, 'call_6_14_1772182028', NULL, 'video', 'ended', '2026-02-27 19:17:18', '2026-02-27 19:17:26', '2026-02-27 19:17:18', '2026-02-27 19:17:08', '2026-02-27 19:17:26'),
(187, 6, 14, 'call_6_14_1772182055', NULL, 'audio', 'ended', '2026-02-27 19:17:40', '2026-02-27 19:18:03', '2026-02-27 19:17:40', '2026-02-27 19:17:35', '2026-02-27 19:18:03'),
(188, 6, 14, 'call_6_14_1772182133', NULL, 'audio', 'ended', '2026-02-27 19:18:57', '2026-02-27 19:19:05', '2026-02-27 19:18:57', '2026-02-27 19:18:53', '2026-02-27 19:19:05'),
(189, 6, 14, 'call_6_14_1772182346', NULL, 'audio', 'ended', '2026-02-27 19:22:30', '2026-02-27 19:22:42', '2026-02-27 19:22:30', '2026-02-27 19:22:26', '2026-02-27 19:22:42'),
(190, 6, 14, 'call_6_14_1772182478', NULL, 'audio', 'ended', NULL, '2026-02-27 19:24:40', NULL, '2026-02-27 19:24:38', '2026-02-27 19:24:40'),
(191, 6, 14, 'call_6_14_1772182495', NULL, 'audio', 'ended', NULL, '2026-02-27 19:25:07', NULL, '2026-02-27 19:24:55', '2026-02-27 19:25:07'),
(192, 6, 14, 'call_6_14_1772182523', NULL, 'audio', 'ended', '2026-02-27 19:25:26', '2026-02-27 19:25:49', '2026-02-27 19:25:26', '2026-02-27 19:25:23', '2026-02-27 19:25:49'),
(193, 6, 14, 'call_6_14_1772182584', NULL, 'video', 'ended', '2026-02-27 19:26:33', '2026-02-27 19:26:37', '2026-02-27 19:26:33', '2026-02-27 19:26:24', '2026-02-27 19:26:37'),
(194, 6, 14, 'call_6_14_1772183002', NULL, 'audio', 'ended', '2026-02-27 19:33:28', '2026-02-27 19:33:36', '2026-02-27 19:33:28', '2026-02-27 19:33:22', '2026-02-27 19:33:36'),
(195, 6, 14, 'call_6_14_1772183053', NULL, 'audio', 'ended', '2026-02-27 19:34:16', '2026-02-27 19:34:28', '2026-02-27 19:34:16', '2026-02-27 19:34:13', '2026-02-27 19:34:28'),
(196, 6, 14, 'call_6_14_1772183322', NULL, 'audio', 'ended', '2026-02-27 19:38:57', '2026-02-27 19:39:11', '2026-02-27 19:38:57', '2026-02-27 19:38:42', '2026-02-27 19:39:11'),
(197, 6, 14, 'call_6_14_1772184715', NULL, 'audio', 'ended', '2026-02-27 20:02:09', '2026-02-27 20:02:14', '2026-02-27 20:02:09', '2026-02-27 20:01:55', '2026-02-27 20:02:14'),
(198, 6, 14, 'call_6_14_1772184793', NULL, 'audio', 'ended', '2026-02-27 20:03:22', '2026-02-27 20:03:30', '2026-02-27 20:03:22', '2026-02-27 20:03:13', '2026-02-27 20:03:30'),
(199, 6, 14, 'call_6_14_1772184862', NULL, 'audio', 'ended', '2026-02-27 20:04:34', '2026-02-27 20:04:50', '2026-02-27 20:04:34', '2026-02-27 20:04:22', '2026-02-27 20:04:50'),
(200, 6, 14, 'call_6_14_1772184996', NULL, 'video', 'ended', '2026-02-27 20:06:47', '2026-02-27 20:06:54', '2026-02-27 20:06:47', '2026-02-27 20:06:36', '2026-02-27 20:06:54'),
(201, 6, 14, 'call_6_14_1772185022', NULL, 'audio', 'ended', '2026-02-27 20:07:06', '2026-02-27 20:07:16', '2026-02-27 20:07:06', '2026-02-27 20:07:02', '2026-02-27 20:07:16'),
(202, 21, 14, 'call_14_21_1772185301', NULL, 'audio', 'ended', '2026-02-27 20:11:54', '2026-02-27 20:12:20', '2026-02-27 20:11:54', '2026-02-27 20:11:41', '2026-02-27 20:12:20'),
(203, 21, 37, 'call_21_37_1772185346', NULL, 'audio', 'ended', NULL, '2026-02-27 20:12:55', NULL, '2026-02-27 20:12:26', '2026-02-27 20:12:55'),
(204, 14, 21, 'call_14_21_1772185432', NULL, 'video', 'ended', '2026-02-27 20:14:14', '2026-02-27 20:14:59', '2026-02-27 20:14:46', '2026-02-27 20:13:52', '2026-02-27 20:14:59'),
(205, 14, 21, 'call_14_21_1772185503', NULL, 'audio', 'ended', '2026-02-27 20:15:07', '2026-02-27 20:15:43', '2026-02-27 20:15:38', '2026-02-27 20:15:03', '2026-02-27 20:15:43'),
(206, 37, 21, 'call_21_37_1772185596', NULL, 'audio', 'ended', '2026-02-27 20:16:40', '2026-02-27 20:16:50', '2026-02-27 20:16:40', '2026-02-27 20:16:36', '2026-02-27 20:16:50'),
(207, 37, 21, 'call_21_37_1772185623', NULL, 'audio', 'ended', NULL, '2026-02-27 20:17:06', NULL, '2026-02-27 20:17:03', '2026-02-27 20:17:06'),
(208, 37, 21, 'call_21_37_1772185646', NULL, 'audio', 'ended', NULL, '2026-02-27 20:17:31', NULL, '2026-02-27 20:17:26', '2026-02-27 20:17:31'),
(209, 37, 21, 'call_21_37_1772185667', NULL, 'video', 'ended', NULL, '2026-02-27 20:17:51', NULL, '2026-02-27 20:17:47', '2026-02-27 20:17:51'),
(210, 21, 17, 'call_17_21_1772211225', NULL, 'video', 'ended', '2026-02-28 03:24:03', '2026-02-28 03:24:25', '2026-02-28 03:24:03', '2026-02-28 03:23:45', '2026-02-28 03:24:25'),
(211, 21, 17, 'call_17_21_1772211299', NULL, 'audio', 'ended', NULL, '2026-02-28 03:25:09', NULL, '2026-02-28 03:24:59', '2026-02-28 03:25:09'),
(212, 21, 17, 'call_17_21_1772211321', NULL, 'audio', 'ended', '2026-02-28 03:25:33', '2026-02-28 03:25:50', '2026-02-28 03:25:33', '2026-02-28 03:25:21', '2026-02-28 03:25:50'),
(213, 21, 14, 'call_14_21_1772223511', NULL, 'audio', 'ended', '2026-02-28 06:48:53', '2026-02-28 06:49:18', '2026-02-28 06:48:53', '2026-02-28 06:48:31', '2026-02-28 06:49:18'),
(214, 21, 6, 'call_6_21_1772250447', NULL, 'audio', 'ended', NULL, '2026-02-28 14:17:40', NULL, '2026-02-28 14:17:27', '2026-02-28 14:17:40'),
(215, 15, 21, 'call_15_21_1772278832', NULL, 'audio', 'ended', '2026-02-28 22:10:40', '2026-02-28 22:10:42', '2026-02-28 22:10:40', '2026-02-28 22:10:32', '2026-02-28 22:10:42'),
(216, 6, 14, 'call_6_14_1772279674', NULL, 'video', 'ended', '2026-02-28 22:24:49', '2026-02-28 22:24:59', '2026-02-28 22:24:49', '2026-02-28 22:24:34', '2026-02-28 22:24:59'),
(217, 6, 14, 'call_6_14_1772279709', NULL, 'video', 'ended', '2026-02-28 22:25:14', '2026-02-28 22:25:29', '2026-02-28 22:25:14', '2026-02-28 22:25:09', '2026-02-28 22:25:29'),
(218, 6, 14, 'call_6_14_1772279733', NULL, 'video', 'ended', NULL, '2026-02-28 22:25:44', NULL, '2026-02-28 22:25:33', '2026-02-28 22:25:44'),
(219, 6, 14, 'call_6_14_1772279756', NULL, 'video', 'ended', '2026-02-28 22:26:03', '2026-02-28 22:26:12', '2026-02-28 22:26:03', '2026-02-28 22:25:56', '2026-02-28 22:26:12'),
(220, 6, 14, 'call_6_14_1772280093', NULL, 'video', 'ended', '2026-02-28 22:31:41', '2026-02-28 22:32:06', '2026-02-28 22:31:41', '2026-02-28 22:31:33', '2026-02-28 22:32:06'),
(221, 6, 14, 'call_6_14_1772280134', NULL, 'audio', 'ended', '2026-02-28 22:32:18', '2026-02-28 22:32:49', '2026-02-28 22:32:49', '2026-02-28 22:32:14', '2026-02-28 22:32:49'),
(222, 21, 14, 'call_14_21_1772280226', NULL, 'audio', 'ended', '2026-02-28 22:33:50', '2026-02-28 22:43:56', '2026-02-28 22:43:51', '2026-02-28 22:33:46', '2026-02-28 22:43:56');

-- --------------------------------------------------------

--
-- Table structure for table `call_logs`
--

CREATE TABLE `call_logs` (
  `id` bigint UNSIGNED NOT NULL,
  `conversation_id` bigint UNSIGNED DEFAULT NULL,
  `caller_id` bigint UNSIGNED NOT NULL,
  `receiver_id` bigint UNSIGNED NOT NULL,
  `channel_name` varchar(255) COLLATE utf8mb4_unicode_ci NOT NULL,
  `call_type` varchar(20) COLLATE utf8mb4_unicode_ci NOT NULL DEFAULT 'audio',
  `status` varchar(20) COLLATE utf8mb4_unicode_ci NOT NULL DEFAULT 'missed',
  `ended_at` timestamp NULL DEFAULT NULL,
  `created_at` timestamp NULL DEFAULT NULL,
  `updated_at` timestamp NULL DEFAULT NULL
) ENGINE=InnoDB DEFAULT CHARSET=utf8mb4 COLLATE=utf8mb4_unicode_ci;

--
-- Dumping data for table `call_logs`
--

INSERT INTO `call_logs` (`id`, `conversation_id`, `caller_id`, `receiver_id`, `channel_name`, `call_type`, `status`, `ended_at`, `created_at`, `updated_at`) VALUES
(1, 2, 5, 8, 'call_conv_2_1771686171', 'audio', 'initiated', NULL, '2026-02-21 20:02:51', '2026-02-21 20:02:51'),
(2, 2, 5, 8, 'call_conv_2_1771686195', 'audio', 'initiated', NULL, '2026-02-21 20:03:15', '2026-02-21 20:03:15');

-- --------------------------------------------------------

--
-- Table structure for table `call_sessions`
--

CREATE TABLE `call_sessions` (
  `id` bigint UNSIGNED NOT NULL,
  `conversation_id` bigint UNSIGNED DEFAULT NULL,
  `caller_id` bigint UNSIGNED NOT NULL,
  `receiver_id` bigint UNSIGNED NOT NULL,
  `channel_name` varchar(255) COLLATE utf8mb4_unicode_ci NOT NULL,
  `agora_token` text COLLATE utf8mb4_unicode_ci NOT NULL,
  `call_type` varchar(20) COLLATE utf8mb4_unicode_ci NOT NULL DEFAULT 'audio',
  `status` varchar(20) COLLATE utf8mb4_unicode_ci NOT NULL DEFAULT 'calling',
  `started_at` timestamp NULL DEFAULT NULL,
  `ended_at` timestamp NULL DEFAULT NULL,
  `created_at` timestamp NULL DEFAULT NULL,
  `updated_at` timestamp NULL DEFAULT NULL
) ENGINE=InnoDB DEFAULT CHARSET=utf8mb4 COLLATE=utf8mb4_unicode_ci;

--
-- Dumping data for table `call_sessions`
--

INSERT INTO `call_sessions` (`id`, `conversation_id`, `caller_id`, `receiver_id`, `channel_name`, `agora_token`, `call_type`, `status`, `started_at`, `ended_at`, `created_at`, `updated_at`) VALUES
(1, 4, 5, 6, 'call_5_6_1771692361', '006a3b1cf9ce7a449d29f141f5fa3d8df88IACd5RqGppl4C/GLUbs5VWOiIgFoeYQaSXr1hU7cXTq8Wxvruz+uY9c+IgAb7QAAyTKbaQQAAQBZ75lpAwBZ75lpAgBZ75lpBABZ75lp', 'video', 'ended', '2026-02-21 21:46:01', NULL, '2026-02-21 21:46:01', '2026-02-21 21:46:01'),
(2, 4, 5, 6, 'call_5_6_1771692398', '006a3b1cf9ce7a449d29f141f5fa3d8df88IABmL3bBgLFljVrZQAw6THVD6jbXG/dXbi2TeHnotg4IC3BP/8F/Yg3pIgCcrQAA7jKbaQQAAQB+75lpAwB+75lpAgB+75lpBAB+75lp', 'video', 'ended', '2026-02-21 21:46:38', NULL, '2026-02-21 21:46:38', '2026-02-21 21:46:38'),
(3, 4, 5, 6, 'call_5_6_1771692583', '006a3b1cf9ce7a449d29f141f5fa3d8df88IAD/AvhLh5AkRXOZCpzznjWnjMJXWu9AZEmScy/p6JDIGwvbu0vZGhW+IgAGIQAApzObaQQAAQA38JlpAwA38JlpAgA38JlpBAA38Jlp', 'video', 'ended', '2026-02-21 21:49:43', NULL, '2026-02-21 21:49:43', '2026-02-21 21:49:43'),
(4, 1, 6, 8, 'call_6_8_1771694326', '006a3b1cf9ce7a449d29f141f5fa3d8df88IAAkovbJBuDX3KT7260TIY0f45cGONOOBRJu490F3/ElK6USiHVRS/ubIgD43QAAdjqbaQQAAQAG95lpAwAG95lpAgAG95lpBAAG95lp', 'video', 'ended', '2026-02-21 22:18:46', NULL, '2026-02-21 22:18:46', '2026-02-21 22:18:46'),
(5, 1, 8, 6, 'call_6_8_1771694348', '006a3b1cf9ce7a449d29f141f5fa3d8df88IAAHVhiB6+mzPI8DJEfIyPRLtBb2iK+fRwZWlLqOqLuSkSSYasQz3cnvIgDD5AAAjDqbaQQAAQAc95lpAwAc95lpAgAc95lpBAAc95lp', 'audio', 'ended', '2026-02-21 22:19:08', NULL, '2026-02-21 22:19:08', '2026-02-21 22:19:08'),
(6, 1, 8, 6, 'call_6_8_1771694359', '006a3b1cf9ce7a449d29f141f5fa3d8df88IABBAwVr8nVVyhp5vIBdZai9JPyyQZXztGctjmKFMphdHfOZdqqijFY9IgDwwAAAlzqbaQQAAQAn95lpAwAn95lpAgAn95lpBAAn95lp', 'audio', 'ended', '2026-02-21 22:19:19', NULL, '2026-02-21 22:19:19', '2026-02-21 22:19:19'),
(7, 1, 8, 6, 'call_6_8_1771701502', '006a3b1cf9ce7a449d29f141f5fa3d8df88IABOyJVZnA7skcxxRfa2QBZqA53JuwkczlKHFyv2roveI2qJzLWUBnBNIgDGIAAAflabaQQAAQAOE5ppAwAOE5ppAgAOE5ppBAAOE5pp', 'audio', 'ended', '2026-02-22 00:18:22', NULL, '2026-02-22 00:18:22', '2026-02-22 00:18:22'),
(8, 1, 6, 8, 'call_6_8_1771707316', '006a3b1cf9ce7a449d29f141f5fa3d8df88IADKU12x+hs2JByRbLj2qig5JOZCd3MG0VUSYqEBkJEiQFxfXIod00U9IgDNZwAANG2baQQAAQDEKZppAwDEKZppAgDEKZppBADEKZpp', 'video', 'ended', '2026-02-22 01:55:16', NULL, '2026-02-22 01:55:16', '2026-02-22 01:55:16'),
(9, 1, 8, 6, 'call_6_8_1771707345', '006a3b1cf9ce7a449d29f141f5fa3d8df88IACaesmVwwOPh7z1UHkXWIUBuk33e6PKlQJCihBtR9g7q6P6Im7vamy9IgA+PwEAUW2baQQAAQDhKZppAwDhKZppAgDhKZppBADhKZpp', 'audio', 'ended', '2026-02-22 01:55:45', NULL, '2026-02-22 01:55:45', '2026-02-22 01:55:45'),
(10, 4, 5, 6, 'call_5_6_1771707377', '006a3b1cf9ce7a449d29f141f5fa3d8df88IACNoLLtfOkfbYZ058Oi3z7XWwgbp1N6I/BZDfnVHlxCUYk+UT5OO+DHIgA/BAEAcW2baQQAAQABKpppAwABKpppAgABKpppBAABKppp', 'video', 'ended', '2026-02-22 01:56:17', NULL, '2026-02-22 01:56:17', '2026-02-22 01:56:17'),
(11, 2, 5, 8, 'call_5_8_1771709116', '006a3b1cf9ce7a449d29f141f5fa3d8df88IACCu9E+9gjjssTLfhbFxx1ok95vuBr9bIulUwKrsu9M+NrZZhVJBPLnIgChbQAAPHSbaQQAAQDMMJppAwDMMJppAgDMMJppBADMMJpp', 'audio', 'ended', '2026-02-22 02:25:16', NULL, '2026-02-22 02:25:16', '2026-02-22 02:25:16'),
(12, 2, 5, 8, 'call_5_8_1771709141', '006a3b1cf9ce7a449d29f141f5fa3d8df88IAAD5eCUxRjc2wiPdiheB3EVdCFufleMV0wCFzU/UX58Dzy4dfbJ3rvCIgDHbQAAVXSbaQQAAQDlMJppAwDlMJppAgDlMJppBADlMJpp', 'audio', 'ended', '2026-02-22 02:25:41', NULL, '2026-02-22 02:25:41', '2026-02-22 02:25:41'),
(13, 2, 5, 8, 'call_5_8_1771709359', '006a3b1cf9ce7a449d29f141f5fa3d8df88IABH9Nzwxr77ER9JuGvIgcnSw1vh9qCQIS0wZAP0LYwVzSHVMeIjVeJ4IgCfnwAAL3WbaQQAAQC/MZppAwC/MZppAgC/MZppBAC/MZpp', 'audio', 'ended', '2026-02-22 02:29:19', '2026-02-22 02:29:52', '2026-02-22 02:29:19', '2026-02-22 02:29:52'),
(14, 2, 5, 8, 'call_5_8_1771733066', '006a3b1cf9ce7a449d29f141f5fa3d8df88IABmNNiTNVxolBVxsz5BnhS3aWRRkEQ5kwth2nhQjO/63J6/+HPrWa0WIgCk/gAAytGbaQQAAQBajpppAwBajpppAgBajpppBABajppp', 'audio', 'ended', '2026-02-22 09:04:26', NULL, '2026-02-22 09:04:26', '2026-02-22 09:04:26'),
(15, 2, 5, 8, 'call_5_8_1771734246', '006a3b1cf9ce7a449d29f141f5fa3d8df88IABOcRYy+lc+9q8oZOo2ZcQc9fbLW9uAL7KiAZ5yEhYgGssxnd+GjtB+IgBXFwAAZtabaQQAAQD2kpppAwD2kpppAgD2kpppBAD2kppp', 'audio', 'ended', '2026-02-22 09:24:06', '2026-02-22 09:36:44', '2026-02-22 09:24:06', '2026-02-22 09:36:44'),
(16, 2, 5, 8, 'call_5_8_1771735635', '006a3b1cf9ce7a449d29f141f5fa3d8df88IADcjlLVBxPeyaE3c80a8AB2xTz962BuZY2yGD5Tw8Qk1g85YLZY00SMIgDgVwEA09ubaQQAAQBjmJppAwBjmJppAgBjmJppBABjmJpp', 'audio', 'rejected', '2026-02-22 09:47:15', NULL, '2026-02-22 09:47:15', '2026-02-22 13:41:06'),
(17, 2, 5, 8, 'call_5_8_1771735673', '006a3b1cf9ce7a449d29f141f5fa3d8df88IAD7X+irmPYBh+MpXPXAtiOjfmRrb6nhPI9ZWba7qBibOz5ZbzvmPUT6IgCovgAA+dubaQQAAQCJmJppAwCJmJppAgCJmJppBACJmJpp', 'audio', 'rejected', '2026-02-22 09:47:53', NULL, '2026-02-22 09:47:53', '2026-02-22 13:40:59'),
(18, 1, 8, 6, 'call_6_8_1771736722', '006a3b1cf9ce7a449d29f141f5fa3d8df88IAA6ntKv2w0XACbpYoJz2rlMYMmsLZLTR+TWF7qtGH2XPu99CV5aTwGGIgDC8gAAEuCbaQQAAQCinJppAwCinJppAgCinJppBACinJpp', 'audio', 'ended', '2026-02-22 10:05:22', NULL, '2026-02-22 10:05:22', '2026-02-22 10:05:22'),
(19, 1, 8, 6, 'call_6_8_1771736745', '006a3b1cf9ce7a449d29f141f5fa3d8df88IACFWz307cBqA0bexPHbTg+osuw35KAttE2QhGnJL7YKFspPN5ZcLl2DIgD35gAAKeCbaQQAAQC5nJppAwC5nJppAgC5nJppBAC5nJpp', 'video', 'ended', '2026-02-22 10:05:45', NULL, '2026-02-22 10:05:45', '2026-02-22 10:05:45'),
(20, 1, 8, 6, 'call_6_8_1771739999', '006a3b1cf9ce7a449d29f141f5fa3d8df88IABW0t9y04fJKOTwx1/eOOamkZftHcYlbsh44eWCkZhYZfBA0njyvQlBIgBB1AAA3+ybaQQAAQBvqZppAwBvqZppAgBvqZppBABvqZpp', 'audio', 'ended', '2026-02-22 10:59:59', NULL, '2026-02-22 10:59:59', '2026-02-22 10:59:59'),
(21, 7, 8, 14, 'call_8_14_1771740088', '006a3b1cf9ce7a449d29f141f5fa3d8df88IABHC4R5jqQGcGCHdS31kbvk5cyMvD8U/r0bDBAYvNJMAvOfI9bVKpm+IgAMTAEAOO2baQQAAQDIqZppAwDIqZppAgDIqZppBADIqZpp', 'audio', 'ended', '2026-02-22 11:01:28', NULL, '2026-02-22 11:01:28', '2026-02-22 11:01:28'),
(22, 7, 8, 14, 'call_8_14_1771740121', '006a3b1cf9ce7a449d29f141f5fa3d8df88IACmwce0Ykh55q3Ehjr+GPBpV36IBzBaK0KhHF7zaqsfgeql0lQ/DBtWIgBaagAAWe2baQQAAQDpqZppAwDpqZppAgDpqZppBADpqZpp', 'audio', 'ended', '2026-02-22 11:02:01', NULL, '2026-02-22 11:02:01', '2026-02-22 11:02:01'),
(23, 2, 5, 8, 'call_5_8_1771740941', '006a3b1cf9ce7a449d29f141f5fa3d8df88IABzk0BFl1Ktd8bgHp4uzL3T5WWoeaBSayw5OEC0k7vi7c4A7nD7MfDZIgCHcwEAjfCbaQQAAQAdrZppAwAdrZppAgAdrZppBAAdrZpp', 'audio', 'ended', '2026-02-22 11:15:41', '2026-02-22 11:15:49', '2026-02-22 11:15:41', '2026-02-22 11:15:49'),
(24, 2, 5, 8, 'call_5_8_1771740954', '006a3b1cf9ce7a449d29f141f5fa3d8df88IAB7trbufE2p3MmM5GLKIMsmKSend2NZOKV68VHgnsYlTwDFnxmmgxuIIgD3rwAAmvCbaQQAAQAqrZppAwAqrZppAgAqrZppBAAqrZpp', 'audio', 'ended', '2026-02-22 11:15:54', '2026-02-22 11:37:10', '2026-02-22 11:15:54', '2026-02-22 11:37:10'),
(25, 2, 5, 8, 'call_5_8_1771742246', '006a3b1cf9ce7a449d29f141f5fa3d8df88IADQatkXXtPg+msLDdbw6ZA670iSXA9ZnCW0egPizYPuaQey1khwXkvxIgC6cgAApvWbaQQAAQA2spppAwA2spppAgA2spppBAA2sppp', 'audio', 'ended', '2026-02-22 11:37:26', '2026-02-22 11:37:58', '2026-02-22 11:37:26', '2026-02-22 11:37:58'),
(26, 2, 5, 8, 'call_5_8_1771742279', '006a3b1cf9ce7a449d29f141f5fa3d8df88IABOiy69vclEWRT+wFoBCvSJrLwV4XIWEh5+EQZK8XvwyVX8RPO5UQ9RIgBGXwEAx/WbaQQAAQBXspppAwBXspppAgBXspppBABXsppp', 'video', 'ended', '2026-02-22 11:37:59', '2026-02-22 11:38:17', '2026-02-22 11:37:59', '2026-02-22 11:38:17'),
(27, 2, 5, 8, 'call_5_8_1771742307', '006a3b1cf9ce7a449d29f141f5fa3d8df88IAA4HGkQyViZgAMCxyhRcTr5ptJXfInQ10mLwXQcpeyde6Itf1qvMMUSIgCMegEA4/WbaQQAAQBzspppAwBzspppAgBzspppBABzsppp', 'audio', 'ended', '2026-02-22 11:38:27', '2026-02-22 11:38:38', '2026-02-22 11:38:27', '2026-02-22 11:38:38'),
(28, 2, 5, 8, 'call_5_8_1771742365', '006a3b1cf9ce7a449d29f141f5fa3d8df88IAAvlfVGD4gDVcBL1x0Ki4Mfhd87T6Nc62mNrOiu0n+anwjrK+L7W9UFIgCjAAAAHfabaQQAAQCtspppAwCtspppAgCtspppBACtsppp', 'audio', 'ended', '2026-02-22 11:39:25', '2026-02-22 11:39:30', '2026-02-22 11:39:25', '2026-02-22 11:39:30'),
(29, 2, 5, 8, 'call_5_8_1771743895', '006a3b1cf9ce7a449d29f141f5fa3d8df88IAAs3tbx716LiSeP4TMcP2iEARPkHgbz4Svo2ov0VW6cEEN/WtHATvO3IgCUAAAAF/ybaQQAAQCnuJppAwCnuJppAgCnuJppBACnuJpp', 'audio', 'rejected', '2026-02-22 12:04:55', NULL, '2026-02-22 12:04:55', '2026-02-22 13:40:49'),
(30, 2, 5, 8, 'call_5_8_1771743921', '006a3b1cf9ce7a449d29f141f5fa3d8df88IADan7FCJ258mPs1e+Vvo1zFUu1ULFlmaNKWmxyieSDKxqYIATQvTJYLIgAdhAAAMfybaQQAAQDBuJppAwDBuJppAgDBuJppBADBuJpp', 'audio', 'ended', '2026-02-22 12:05:21', '2026-02-22 12:07:07', '2026-02-22 12:05:21', '2026-02-22 12:07:07'),
(31, 2, 8, 5, 'call_5_8_1771744036', '006a3b1cf9ce7a449d29f141f5fa3d8df88IAA9U66VSp5wzWl4ml0DySflNwOsJqSXGkDl3pC76g38u3KveCGoRj92IgD7PgAApPybaQQAAQA0uZppAwA0uZppAgA0uZppBAA0uZpp', 'audio', 'rejected', '2026-02-22 12:07:16', NULL, '2026-02-22 12:07:16', '2026-02-22 13:36:52'),
(32, 7, 8, 14, 'call_8_14_1771744356', '006a3b1cf9ce7a449d29f141f5fa3d8df88IACl15FuGPtA0npT5WlGPOJzEhL5RLvd22vaSlpHMA+rRLflEQl2FPGRIgD8BQEA5P2baQQAAQB0upppAwB0upppAgB0upppBAB0uppp', 'audio', 'ended', '2026-02-22 12:12:36', NULL, '2026-02-22 12:12:36', '2026-02-22 12:12:36'),
(33, 2, 8, 5, 'call_5_8_1771744383', '006a3b1cf9ce7a449d29f141f5fa3d8df88IADvQMknDNz/2dReBj4ZUNlNuX2K9Ku/kWtOsU2CwiCKZW88oLCt0BcjIgC+BQAA//2baQQAAQCPupppAwCPupppAgCPupppBACPuppp', 'audio', 'rejected', '2026-02-22 12:13:03', NULL, '2026-02-22 12:13:03', '2026-02-22 13:36:44'),
(34, 2, 8, 5, 'call_5_8_1771744528', '006a3b1cf9ce7a449d29f141f5fa3d8df88IACMwCGr5ysemD9QilP+0qUim7dhWxEx3aSGvd0ujK7t1N9xENnp+ulKIgBtsgAAkP6baQQAAQAgu5ppAwAgu5ppAgAgu5ppBAAgu5pp', 'video', 'rejected', '2026-02-22 12:15:28', NULL, '2026-02-22 12:15:28', '2026-02-22 13:36:35'),
(35, 2, 8, 5, 'call_5_8_1771744542', '006a3b1cf9ce7a449d29f141f5fa3d8df88IACHfUzW1ZeSrwmPozZ41b4N4jf51CJt0ST9oSHhlgQ1/0c/n28+pZELIgBHNwEAnv6baQQAAQAuu5ppAwAuu5ppAgAuu5ppBAAuu5pp', 'audio', 'rejected', '2026-02-22 12:15:42', NULL, '2026-02-22 12:15:42', '2026-02-22 13:36:28'),
(36, 2, 8, 5, 'call_5_8_1771746795', '006a3b1cf9ce7a449d29f141f5fa3d8df88IADpaYa0y/59OOIhyBNVngzl+iN7/pL8aJAxhOtUj+L/RUzI2O2/+XXOIgBOhgAAawecaQQAAQD7w5ppAwD7w5ppAgD7w5ppBAD7w5pp', 'audio', 'rejected', '2026-02-22 12:53:15', NULL, '2026-02-22 12:53:15', '2026-02-22 13:36:21'),
(37, 2, 8, 5, 'call_5_8_1771746838', '006a3b1cf9ce7a449d29f141f5fa3d8df88IADEmzoI/x6Leq39U5tTHKBpKkqookb3p00M8IyQjIgWu0Yb2mJyNrvrIgCclwAAlgecaQQAAQAmxJppAwAmxJppAgAmxJppBAAmxJpp', 'audio', 'rejected', '2026-02-22 12:53:58', NULL, '2026-02-22 12:53:58', '2026-02-22 13:36:14'),
(38, 2, 8, 5, 'call_5_8_1771746850', '006a3b1cf9ce7a449d29f141f5fa3d8df88IACJ9xWpf/BasNCRC60jQC2llNdX2BHXswpfAP16eKuZqvI0WzqCx7EeIgBKSwEAogecaQQAAQAyxJppAwAyxJppAgAyxJppBAAyxJpp', 'audio', 'ended', '2026-02-22 12:54:10', '2026-02-22 12:54:14', '2026-02-22 12:54:10', '2026-02-22 12:54:14'),
(39, 2, 8, 5, 'call_5_8_1771746884', '006a3b1cf9ce7a449d29f141f5fa3d8df88IAAAtdrF7Q+fpIcdOfiLpane+cS46p8tNeP4xIQsJEewcKaOmIhJFA1/IgCwEgAAxAecaQQAAQBUxJppAwBUxJppAgBUxJppBABUxJpp', 'audio', 'rejected', '2026-02-22 12:54:44', NULL, '2026-02-22 12:54:44', '2026-02-22 13:06:55'),
(40, 2, 8, 5, 'call_5_8_1771747020', '006a3b1cf9ce7a449d29f141f5fa3d8df88IACjrLsQJeuXFo+RfJrTGQ9JNksmtcc3VHVU5NPux/dSbOiUtcPTUKjnIgDgOAEATAicaQQAAQDcxJppAwDcxJppAgDcxJppBADcxJpp', 'audio', 'ended', '2026-02-22 12:57:00', NULL, '2026-02-22 12:57:00', '2026-02-22 12:57:13'),
(41, 7, 8, 14, 'call_8_14_1771747225', '006a3b1cf9ce7a449d29f141f5fa3d8df88IADH5Lom7Boy2nY/A+2OsvrOU4ispfl9sEOzmDn7kgzJRRPnLswX1NttIgCaAAEAGQmcaQQAAQCpxZppAwCpxZppAgCpxZppBACpxZpp', 'audio', 'ended', '2026-02-22 13:00:25', '2026-02-22 13:01:05', '2026-02-22 13:00:25', '2026-02-22 13:01:05'),
(42, 7, 8, 14, 'call_8_14_1771747250', '006a3b1cf9ce7a449d29f141f5fa3d8df88IABt8PpC2aHgAX3/Wapt8PypC7Gq0nkV4Jr2LoPCHr6rJVuFBfNxiVcmIgBBKAAAMgmcaQQAAQDCxZppAwDCxZppAgDCxZppBADCxZpp', 'audio', 'ended', '2026-02-22 13:00:50', NULL, '2026-02-22 13:00:50', '2026-02-22 13:00:50'),
(43, 7, 14, 8, 'call_8_14_1771747271', '006a3b1cf9ce7a449d29f141f5fa3d8df88IAB4EXAQuNFchGAdxa3EPelgaSEfoLxsQX8EGhHcIcrGZU/XNLYoI7EoIgDtrQAARwmcaQQAAQDXxZppAwDXxZppAgDXxZppBADXxZpp', 'video', 'ended', '2026-02-22 13:01:11', NULL, '2026-02-22 13:01:11', '2026-02-22 13:01:16'),
(44, 2, 5, 8, 'call_5_8_1771747620', '006a3b1cf9ce7a449d29f141f5fa3d8df88IAATlt3FgyyqmAs5hKSWy0irkRaap8mzDTS36BVzd5ynTFroOMc9p/sFIgCVowAApAqcaQQAAQA0x5ppAwA0x5ppAgA0x5ppBAA0x5pp', 'audio', 'ended', '2026-02-22 13:07:00', '2026-02-22 13:07:34', '2026-02-22 13:07:00', '2026-02-22 13:07:34'),
(45, 2, 8, 5, 'call_5_8_1771747635', '006a3b1cf9ce7a449d29f141f5fa3d8df88IADol7gtVLyMEWzF9bbvef/LlGSxPRJQ/iXhlTH/iH05epQtSa6MaNscIgCWBAEAswqcaQQAAQBDx5ppAwBDx5ppAgBDx5ppBABDx5pp', 'video', 'ended', '2026-02-22 13:07:15', NULL, '2026-02-22 13:07:15', '2026-02-22 13:07:20'),
(46, 2, 8, 5, 'call_5_8_1771747660', '006a3b1cf9ce7a449d29f141f5fa3d8df88IADpHWMT/51lDfwLHbGAYKxrf62qGDf5TUfH4sNBNAmtJV4tVKNFDmlHIgDrfwEAzAqcaQQAAQBcx5ppAwBcx5ppAgBcx5ppBABcx5pp', 'video', 'ended', '2026-02-22 13:07:40', NULL, '2026-02-22 13:07:40', '2026-02-22 13:07:45'),
(47, 2, 5, 8, 'call_5_8_1771747839', '006a3b1cf9ce7a449d29f141f5fa3d8df88IAARZqMi1qdhVr3FvVss85gxwJsvF7okArRlgD6S6h9vtLVMYa0olxG6IgDnVQEAfwucaQQAAQAPyJppAwAPyJppAgAPyJppBAAPyJpp', 'video', 'ended', '2026-02-22 13:10:39', '2026-02-22 13:35:23', '2026-02-22 13:10:39', '2026-02-22 13:35:23'),
(48, 7, 8, 14, 'call_8_14_1771749812', '006a3b1cf9ce7a449d29f141f5fa3d8df88IABGzed1m2kIQoO3N0p3mm2b9/IGgD9FTkq54V5PP8NRmJbTL5S28l2eIgBoNAEANBOcaQQAAQDEz5ppAwDEz5ppAgDEz5ppBADEz5pp', 'video', 'ended', '2026-02-22 13:43:32', '2026-02-22 13:43:46', '2026-02-22 13:43:32', '2026-02-22 13:43:46'),
(49, 7, 14, 8, 'call_8_14_1771749842', '006a3b1cf9ce7a449d29f141f5fa3d8df88IAAxAdyMfEhGR5Y2nGFw2zu04BNlB973zxdOzZI2SqbcitMnWOn7w6QCIgBUugAAUhOcaQQAAQDiz5ppAwDiz5ppAgDiz5ppBADiz5pp', 'video', 'ended', '2026-02-22 13:44:02', '2026-02-22 13:44:20', '2026-02-22 13:44:02', '2026-02-22 13:44:20'),
(50, 7, 8, 14, 'call_8_14_1771749868', '006a3b1cf9ce7a449d29f141f5fa3d8df88IAAU5//vIWuLSYLOpuAMJ06vWpZ8fnVNOIQ6LCuIcnAy7U+suzt6KL2/IgBFJQAAbBOcaQQAAQD8z5ppAwD8z5ppAgD8z5ppBAD8z5pp', 'audio', 'ended', '2026-02-22 13:44:28', '2026-02-22 13:45:11', '2026-02-22 13:44:28', '2026-02-22 13:45:11'),
(51, 7, 8, 14, 'call_8_14_1771749913', '006a3b1cf9ce7a449d29f141f5fa3d8df88IABdArmdb0zBbzEuD7EsjLxCtQFiJ9p4e0chtb0EReUSEjeJ6uLKe/lKIgAZDgAAmROcaQQAAQAp0JppAwAp0JppAgAp0JppBAAp0Jpp', 'audio', 'ended', '2026-02-22 13:45:13', '2026-02-22 13:45:21', '2026-02-22 13:45:13', '2026-02-22 13:45:21'),
(52, 2, 8, 5, 'call_5_8_1771749937', '006a3b1cf9ce7a449d29f141f5fa3d8df88IAD/wCYK1v8XYiufH8gZQ3DMXDHPkwM0HuYwaL5AcbKhj7Z8xKv4HEQCIgB7VAEAsROcaQQAAQBB0JppAwBB0JppAgBB0JppBABB0Jpp', 'video', 'ended', '2026-02-22 13:45:37', '2026-02-22 13:45:57', '2026-02-22 13:45:37', '2026-02-22 13:45:57'),
(53, 2, 8, 5, 'call_5_8_1771750673', '006a3b1cf9ce7a449d29f141f5fa3d8df88IABuIqi5hbBBbb4GgHbrnvl/BUzbqKRmA3mlRsbpGXz4Gqxc8YOPSuLeIgAqOwAAkRacaQQAAQAh05ppAwAh05ppAgAh05ppBAAh05pp', 'video', 'ended', '2026-02-22 13:57:53', '2026-02-22 13:58:14', '2026-02-22 13:57:53', '2026-02-22 13:58:14'),
(54, 2, 5, 8, 'call_5_8_1771750797', '006a3b1cf9ce7a449d29f141f5fa3d8df88IADuRV3L1LxpFeF2tvu7Gfob3vnDq8aDdHbsoXUMMmhfOwzf3RudqzbEIgDCxQAADRecaQQAAQCd05ppAwCd05ppAgCd05ppBACd05pp', 'audio', 'ended', '2026-02-22 13:59:57', '2026-02-22 14:00:26', '2026-02-22 13:59:57', '2026-02-22 14:00:26'),
(55, 7, 8, 14, 'call_8_14_1771751388', '006a3b1cf9ce7a449d29f141f5fa3d8df88IABVZ9tTwVjkdJmZLpk2yqPOyyf+hjwImAuECJrZP/Tp5H9vuVEguSi3IgAimQAAXBmcaQQAAQDs1ZppAwDs1ZppAgDs1ZppBADs1Zpp', 'audio', 'ended', '2026-02-22 14:09:48', '2026-02-22 14:09:59', '2026-02-22 14:09:48', '2026-02-22 14:09:59'),
(56, 7, 8, 14, 'call_8_14_1771751405', '006a3b1cf9ce7a449d29f141f5fa3d8df88IABYg/wVSHnyFfqDgwnUboJ7WBXCXvzTPn2N+ZBlOdh6vk+PnuL7BkuOIgAzAwAAbRmcaQQAAQD91ZppAwD91ZppAgD91ZppBAD91Zpp', 'audio', 'ended', '2026-02-22 14:10:05', '2026-02-22 14:10:16', '2026-02-22 14:10:05', '2026-02-22 14:10:16'),
(57, 9, 6, 17, 'call_6_17_1771752524', '006a3b1cf9ce7a449d29f141f5fa3d8df88IACESXaLyhvyt/3wwhh6B+XdN9KTzG8GJ+OMlX9imuv8PQfSNS5A3cIzIgCUHgAAzB2caQQAAQBc2pppAwBc2pppAgBc2pppBABc2ppp', 'video', 'ended', '2026-02-22 14:28:44', '2026-02-22 14:29:55', '2026-02-22 14:28:44', '2026-02-22 14:29:55'),
(58, 4, 5, 6, 'call_5_6_1771754924', '006a3b1cf9ce7a449d29f141f5fa3d8df88IACW57AdjvzPSC2ZkqVRsjNLxyj8MSn4kPgiY6kMYuW9Iz4+7Q36NrMvIgB7pAAALCecaQQAAQC845ppAwC845ppAgC845ppBAC845pp', 'audio', 'ended', '2026-02-22 15:08:44', '2026-02-22 15:09:32', '2026-02-22 15:08:44', '2026-02-22 15:09:32'),
(59, 3, 5, 6, 'call_5_6_1771755583', '006a3b1cf9ce7a449d29f141f5fa3d8df88IABETuG/zhvQyQSr/OQS11jbWfBD9P620o31W5xYGSPs0hbdwNgkn+RxIgDyDgAAvymcaQQAAQBP5pppAwBP5pppAgBP5pppBABP5ppp', 'audio', 'ended', '2026-02-22 15:19:43', '2026-02-22 15:24:46', '2026-02-22 15:19:43', '2026-02-22 15:24:46'),
(60, 2, 5, 8, 'call_5_8_1771755895', '006a3b1cf9ce7a449d29f141f5fa3d8df88IAD/i+s7IQbEOSSZ6yk7Kb7ajTfolQu8s1XLgJP2VfbTES8JUckqsSDPIgCaHgAA9yqcaQQAAQCH55ppAwCH55ppAgCH55ppBACH55pp', 'audio', 'ended', '2026-02-22 15:24:55', '2026-02-22 15:25:10', '2026-02-22 15:24:55', '2026-02-22 15:25:10'),
(61, 2, 8, 5, 'call_5_8_1771756065', '006a3b1cf9ce7a449d29f141f5fa3d8df88IABOLdzBBdhqCI4PTRW3vZpRzBkOMcCd5uqN6DYZAhcHELbrb1JsjgmTIgDzIQEAoSucaQQAAQAx6JppAwAx6JppAgAx6JppBAAx6Jpp', 'audio', 'ended', '2026-02-22 15:27:45', '2026-02-22 15:28:21', '2026-02-22 15:27:45', '2026-02-22 15:28:21'),
(62, 2, 5, 8, 'call_5_8_1771756106', '006a3b1cf9ce7a449d29f141f5fa3d8df88IABeWggsqt40hi18XltY/EjRT1/VBSHzyvJsO0QZeEkfLL13/pxJ7lm7IgBXtgAAyiucaQQAAQBa6JppAwBa6JppAgBa6JppBABa6Jpp', 'video', 'ended', '2026-02-22 15:28:26', '2026-02-22 15:28:47', '2026-02-22 15:28:26', '2026-02-22 15:28:47'),
(63, 2, 8, 5, 'call_5_8_1771756866', '006a3b1cf9ce7a449d29f141f5fa3d8df88IAB6qthDIg+DiSb636oCeSe69+Tp/MPIlPnZqVpoGcFDYLTrdcXw8LO7IgC9YwAAwi6caQQAAQBS65ppAwBS65ppAgBS65ppBABS65pp', 'video', 'ended', '2026-02-22 15:41:06', '2026-02-22 15:41:21', '2026-02-22 15:41:06', '2026-02-22 15:41:21'),
(64, 10, 8, 16, 'call_8_16_1771757043', '006a3b1cf9ce7a449d29f141f5fa3d8df88IACj2J8VVWJ11l9EkMIpQ5hGTXMMcEKvMr7glCcCQzGIbeGGyKEsqlSwIgDGiAAAcy+caQQAAQAD7JppAwAD7JppAgAD7JppBAAD7Jpp', 'video', 'ended', '2026-02-22 15:44:03', '2026-02-22 15:44:33', '2026-02-22 15:44:03', '2026-02-22 15:44:33'),
(65, 11, 15, 18, 'call_15_18_1771761250', '006a3b1cf9ce7a449d29f141f5fa3d8df88IACbqioBwLWx5GSNmIkCsf1vc5ia/SsWfyFpJ9oDuFT3STpvAo1So9yVIgCnMgAA4j+caQQAAQBy/JppAwBy/JppAgBy/JppBABy/Jpp', 'audio', 'ended', '2026-02-22 16:54:35', '2026-02-22 16:54:37', '2026-02-22 16:54:10', '2026-02-22 16:54:37'),
(66, 11, 18, 15, 'call_15_18_1771761298', '006a3b1cf9ce7a449d29f141f5fa3d8df88IACcLRlEidRWoqc5lohAWL5I391AbJD6aM2ka9sisX1Z5ASobC8Y9lsWIgAoPAEAEkCcaQQAAQCi/JppAwCi/JppAgCi/JppBACi/Jpp', 'video', 'ended', '2026-02-22 16:55:06', '2026-02-22 16:55:13', '2026-02-22 16:54:58', '2026-02-22 16:55:13'),
(67, 11, 15, 18, 'call_15_18_1771761343', '006a3b1cf9ce7a449d29f141f5fa3d8df88IAAZAGm5pWAE2xgt1XM8JK7QH8u21SKcNiETZjFYnUZE9fZl0gy8L6uoIgAfAAEAP0CcaQQAAQDP/JppAwDP/JppAgDP/JppBADP/Jpp', 'video', 'ended', '2026-02-22 16:55:43', '2026-02-22 16:56:05', '2026-02-22 16:55:43', '2026-02-22 16:56:05'),
(68, 11, 15, 18, 'call_15_18_1771761815', '006a3b1cf9ce7a449d29f141f5fa3d8df88IAB+e+CPsL55RU+FZxN+1jj4xFKctZl8kwTsFAMPsGWhXGfbk5QMO03sIgDsFQAAF0KcaQQAAQCn/pppAwCn/pppAgCn/pppBACn/ppp', 'video', 'ended', '2026-02-22 22:33:35', '2026-02-22 22:33:54', '2026-02-22 22:33:35', '2026-02-22 22:33:54'),
(69, 7, 8, 14, 'call_8_14_1771764783', '006a3b1cf9ce7a449d29f141f5fa3d8df88IAD5n6zuhWEhRMXmYYE4aqURkZzeFOBy6WfMAa4H5BWyrcmUHLGR7PfoIgDpRAAAr02caQQAAQA/CptpAwA/CptpAgA/CptpBAA/Cptp', 'video', 'ended', '2026-02-22 23:23:03', '2026-02-22 23:23:19', '2026-02-22 23:23:03', '2026-02-22 23:23:19'),
(70, 1, 8, 6, 'call_6_8_1771764806', '006a3b1cf9ce7a449d29f141f5fa3d8df88IABPB0cfH6mvZgqMwuKGdWUj3OvKW+MonlBn4p/sUsD5FbLb5wIO8bixIgB7TgAAxk2caQQAAQBWCptpAwBWCptpAgBWCptpBABWCptp', 'video', 'ended', '2026-02-22 23:23:30', '2026-02-22 23:24:37', '2026-02-22 23:23:26', '2026-02-22 23:24:37'),
(71, 4, 5, 6, 'call_5_6_1771765802', '006a3b1cf9ce7a449d29f141f5fa3d8df88IABpL3AUUyAa91t7ikdJBKyEtUrpuIhlx+SJuhbkU8zFFAuOZigxwGMFIgBauwAAqlGcaQQAAQA6DptpAwA6DptpAgA6DptpBAA6Dptp', 'video', 'ended', '2026-02-22 23:40:02', '2026-02-22 23:40:17', '2026-02-22 23:40:02', '2026-02-22 23:40:17'),
(72, 4, 5, 6, 'call_5_6_1771765838', '006a3b1cf9ce7a449d29f141f5fa3d8df88IAB5wvPt12jXVlXdSeImflr0kWJDrA98CzXBJRcEjPg5HdY0nuOzsQSIIgB+sAAAzlGcaQQAAQBeDptpAwBeDptpAgBeDptpBABeDptp', 'video', 'ended', '2026-02-22 23:40:43', '2026-02-22 23:40:54', '2026-02-22 23:40:38', '2026-02-22 23:40:54'),
(73, 2, 5, 8, 'call_5_8_1771766653', '006a3b1cf9ce7a449d29f141f5fa3d8df88IAAg1yz4exQHG4SZUTpcF7wqyDN0B7sg5SUBMs2MtKLksiIbDNOOu/5uIgD7kAAA/VScaQQAAQCNEZtpAwCNEZtpAgCNEZtpBACNEZtp', 'video', 'accepted', '2026-02-22 23:54:18', NULL, '2026-02-22 23:54:13', '2026-02-22 23:54:18'),
(74, 7, 8, 14, 'call_8_14_1771768868', '006a3b1cf9ce7a449d29f141f5fa3d8df88IADpHD9u3h6I1AwtTuHBWnrvHtg6LH495qEH3VQEvujlckqYx/mpIyAeIgBtKQEApF2caQQAAQA0GptpAwA0GptpAgA0GptpBAA0Gptp', 'audio', 'ended', '2026-02-23 00:31:08', '2026-02-23 00:31:17', '2026-02-23 00:31:08', '2026-02-23 00:31:17'),
(75, 1, 8, 6, 'call_6_8_1771768886', '006a3b1cf9ce7a449d29f141f5fa3d8df88IAALkpd520+y4XVfg82uKC9BT6I2HP6mGSHw8ap0k8MiFgLu6IB2ESriIgAK/gAAtl2caQQAAQBGGptpAwBGGptpAgBGGptpBABGGptp', 'audio', 'ended', '2026-02-23 00:31:26', '2026-02-23 00:31:35', '2026-02-23 00:31:26', '2026-02-23 00:31:35'),
(76, 1, 8, 6, 'call_6_8_1771768905', '006a3b1cf9ce7a449d29f141f5fa3d8df88IADlA3FVlSGvMTjCm1McfREt8wP+i3jhEKyfH623bVv0xIdf+tAR7VkqIgAnlQAAyV2caQQAAQBZGptpAwBZGptpAgBZGptpBABZGptp', 'video', 'ended', '2026-02-23 00:31:45', '2026-02-23 00:31:56', '2026-02-23 00:31:45', '2026-02-23 00:31:56'),
(77, 1, 8, 6, 'call_6_8_1771768927', '006a3b1cf9ce7a449d29f141f5fa3d8df88IAAadz9j1eB7gczXoXWWD1pNO/IEDGGnWbD4NMnfFEYc7SlcwgxDqxxXIgAUUwAA312caQQAAQBvGptpAwBvGptpAgBvGptpBABvGptp', 'audio', 'ended', '2026-02-23 00:32:07', '2026-02-23 00:32:12', '2026-02-23 00:32:07', '2026-02-23 00:32:12'),
(78, 2, 8, 5, 'call_5_8_1771768943', '006a3b1cf9ce7a449d29f141f5fa3d8df88IADToh+e6wwvSOJ996IEF7fXAOp4DZuYLuWkB7nlGMHIQG0alCGpfzF7IgDwQAEA712caQQAAQB/GptpAwB/GptpAgB/GptpBAB/Gptp', 'audio', 'ended', '2026-02-23 00:32:28', '2026-02-23 00:33:07', '2026-02-23 00:32:23', '2026-02-23 00:33:07'),
(79, 7, 8, 14, 'call_8_14_1771769039', '006a3b1cf9ce7a449d29f141f5fa3d8df88IAAdUlxnFYPjLVIt7qRK3YBvtmwFp/5ZxbxK5hBzbifoJURqGEUkkyXmIgDXBQAAT16caQQAAQDfGptpAwDfGptpAgDfGptpBADfGptp', 'video', 'ended', '2026-02-23 00:34:02', '2026-02-23 00:35:12', '2026-02-23 00:33:59', '2026-02-23 00:35:12'),
(80, 2, 5, 8, 'call_5_8_1771769321', '006a3b1cf9ce7a449d29f141f5fa3d8df88IADqTl7BoXaot0/d3EsjBBkbnwn+p3AMzKJtQJ/9ZKg1DHQ+6ywSc56jIgBgFgAAaV+caQQAAQD5G5tpAwD5G5tpAgD5G5tpBAD5G5tp', 'video', 'ended', '2026-02-23 00:38:41', '2026-02-23 00:38:52', '2026-02-23 00:38:41', '2026-02-23 00:38:52'),
(81, 2, 5, 8, 'call_5_8_1771769351', '006a3b1cf9ce7a449d29f141f5fa3d8df88IAA5b1lQrNlPBxyDDjX1ELsTwHL0zpJ/QvJEX29q2aK7xrOoqmOPcLv7IgAWqgAAh1+caQQAAQAXHJtpAwAXHJtpAgAXHJtpBAAXHJtp', 'video', 'ended', '2026-02-23 00:39:17', '2026-02-23 00:40:25', '2026-02-23 00:39:11', '2026-02-23 00:40:25'),
(82, 2, 5, 8, 'call_5_8_1771770243', '006a3b1cf9ce7a449d29f141f5fa3d8df88IACQVbKKJNuZiEAVW46LVq9YzUJcx3zsPOGLFMs5p7AgQtP0FdWL+HJpIgDZdgEAA2OcaQQAAQCTH5tpAwCTH5tpAgCTH5tpBACTH5tp', 'video', 'ended', '2026-02-23 00:54:03', '2026-02-23 00:54:42', '2026-02-23 00:54:03', '2026-02-23 00:54:42'),
(83, 2, 5, 8, 'call_5_8_1771770285', '006a3b1cf9ce7a449d29f141f5fa3d8df88IADdZbymWu4OB9AYBmJGBj1fvH9akZv34G1poZhPCPfOUeoew5CBmP5OIgBAuQAALWOcaQQAAQC9H5tpAwC9H5tpAgC9H5tpBAC9H5tp', 'video', 'ended', '2026-02-23 00:54:49', '2026-02-23 00:55:59', '2026-02-23 00:54:45', '2026-02-23 00:55:59'),
(84, 12, 5, 14, 'call_5_14_1771773233', '006a3b1cf9ce7a449d29f141f5fa3d8df88IAAAjbW/9UVOyTUNNOh9qSyVQOtMqPRlHRplt+5lRMsCOezsmgjcOpQOIgAfGgAAsW6caQQAAQBBK5tpAwBBK5tpAgBBK5tpBABBK5tp', 'audio', 'ended', '2026-02-23 01:43:53', '2026-02-23 01:44:02', '2026-02-23 01:43:53', '2026-02-23 01:44:02'),
(85, 2, 5, 8, 'call_5_8_1771783604', '006a3b1cf9ce7a449d29f141f5fa3d8df88IADcbHySIbYkyLVXJNInm3LKWyZJTgnQlXxfqX8weXiJXZc08bhgRui2IgDt5AAANJecaQQAAQDEU5tpAwDEU5tpAgDEU5tpBADEU5tp', 'audio', 'ended', '2026-02-23 04:36:58', '2026-02-23 04:38:07', '2026-02-23 04:36:44', '2026-02-23 04:38:07'),
(86, 2, 5, 8, 'call_5_8_1771785688', '006a3b1cf9ce7a449d29f141f5fa3d8df88IAAWVWSidV23fXeKW5aVtr7ah39aeA6F0uPIJaK8Y/VgzWit9VyLfFnLIgCFaQAAWJ+caQQAAQDoW5tpAwDoW5tpAgDoW5tpBADoW5tp', 'audio', 'ended', '2026-02-23 05:11:37', '2026-02-23 05:12:47', '2026-02-23 05:11:28', '2026-02-23 05:12:47'),
(87, 2, 5, 8, 'call_5_8_1771787223', '006a3b1cf9ce7a449d29f141f5fa3d8df88IABGI85wrIRUUFgdgg0aeMFZ4fmry5KHGr9VQBUAGnVhTT38yJyAPi/SIgAqpQAAV6WcaQQAAQDnYZtpAwDnYZtpAgDnYZtpBADnYZtp', 'video', 'ended', '2026-02-23 05:37:08', '2026-02-23 05:38:16', '2026-02-23 05:37:03', '2026-02-23 05:38:16'),
(88, 2, 5, 8, 'call_5_8_1771788055', '006a3b1cf9ce7a449d29f141f5fa3d8df88IABay2Psh+kRHGAkKAgc6c/mGzXkjm64G0cEdmEpRD/eoPcLDWFNq7OsIgCvcQAAl6icaQQAAQAnZZtpAwAnZZtpAgAnZZtpBAAnZZtp', 'audio', 'ended', '2026-02-23 05:50:59', '2026-02-23 05:51:03', '2026-02-23 05:50:55', '2026-02-23 05:51:03'),
(89, 2, 5, 8, 'call_5_8_1771788070', '006a3b1cf9ce7a449d29f141f5fa3d8df88IAD8eEUBcONxlI3kGKm2rve2nxJoZKJev5TB+4AF/rMPt/qdUSP8MYQqIgAADAEApqicaQQAAQA2ZZtpAwA2ZZtpAgA2ZZtpBAA2ZZtp', 'audio', 'ended', '2026-02-23 05:51:13', '2026-02-23 05:51:17', '2026-02-23 05:51:10', '2026-02-23 05:51:17'),
(90, 2, 5, 8, 'call_5_8_1771788127', '006a3b1cf9ce7a449d29f141f5fa3d8df88IAAtJv0hDdFPF/ff++34LRKuSsFkNWl9mosU039EbU8mfyuWgMFaRdNDIgB+XAAA36icaQQAAQBvZZtpAwBvZZtpAgBvZZtpBABvZZtp', 'audio', 'ended', '2026-02-23 05:52:10', '2026-02-23 05:52:59', '2026-02-23 05:52:07', '2026-02-23 05:52:59'),
(91, 2, 5, 8, 'call_5_8_1771789055', '006a3b1cf9ce7a449d29f141f5fa3d8df88IAB+rsUoxl1IpJd4zHuS6tA9jeg9bQbRC8mvTpcoR/ytV5JssdlSiR0iIgC9dgEAf6ycaQQAAQAPaZtpAwAPaZtpAgAPaZtpBAAPaZtp', 'audio', 'ended', '2026-02-23 06:07:44', '2026-02-23 06:07:59', '2026-02-23 06:07:35', '2026-02-23 06:07:59'),
(92, 2, 5, 8, 'call_5_8_1771789391', '006a3b1cf9ce7a449d29f141f5fa3d8df88IADlRY6/BRFxw3a6JBVoDi8DSY7WgPOj3qUNwKqHYe7YV95ZL3DCb97oIgA4RQEAz62caQQAAQBfaptpAwBfaptpAgBfaptpBABfaptp', 'audio', 'ended', '2026-02-23 06:13:18', '2026-02-23 06:14:07', '2026-02-23 06:13:11', '2026-02-23 06:14:07'),
(93, 2, 8, 5, 'call_5_8_1771789522', '006a3b1cf9ce7a449d29f141f5fa3d8df88IADCj6I+HqbVGeelI+U6JmPTVWncXXVnnrz6XwyaGkwbXh2tXw5q77LnIgAGewEAUq6caQQAAQDiaptpAwDiaptpAgDiaptpBADiaptp', 'audio', 'ended', NULL, '2026-02-23 06:15:35', '2026-02-23 06:15:22', '2026-02-23 06:15:35'),
(94, 2, 5, 8, 'call_5_8_1771789928', '006a3b1cf9ce7a449d29f141f5fa3d8df88IACaZ1TZQeA+Jlh2U0qzVsWyzZvZr9Wcy+dASW1AuNdFjWe9kOfbzt3NIgC+SQAA6K+caQQAAQB4bJtpAwB4bJtpAgB4bJtpBAB4bJtp', 'video', 'ended', '2026-02-23 06:22:13', '2026-02-23 06:22:34', '2026-02-23 06:22:08', '2026-02-23 06:22:34'),
(95, 2, 5, 8, 'call_5_8_1771790307', '006a3b1cf9ce7a449d29f141f5fa3d8df88IAAv88gZSCN0VAOOVz7QzQn/bzy4DKMIxdklEZtuIitfiZgh5giJjrVtIgAZRgEAY7GcaQQAAQDzbZtpAwDzbZtpAgDzbZtpBADzbZtp', 'video', 'ended', '2026-02-23 06:28:31', '2026-02-23 06:28:35', '2026-02-23 06:28:27', '2026-02-23 06:28:35'),
(96, 2, 5, 8, 'call_5_8_1771790446', '006a3b1cf9ce7a449d29f141f5fa3d8df88IACW2wYg/uP8BRNKTWk+agC82AntHeqUpp8Yh/z3kpEYf4/Cwh4CRO59IgBfDgAA7rGcaQQAAQB+bptpAwB+bptpAgB+bptpBAB+bptp', 'video', 'ended', '2026-02-23 06:30:50', '2026-02-23 06:30:53', '2026-02-23 06:30:46', '2026-02-23 06:30:53'),
(97, 2, 5, 8, 'call_5_8_1771790498', '006a3b1cf9ce7a449d29f141f5fa3d8df88IABZuTaneUfUDF2I3iC5WXm/k4ooXKguyUKFRW/KOOirQ8WR1Ex62t4hIgCvcQAAIrKcaQQAAQCybptpAwCybptpAgCybptpBACybptp', 'video', 'ended', '2026-02-23 06:31:44', '2026-02-23 06:31:47', '2026-02-23 06:31:38', '2026-02-23 06:31:47'),
(98, 7, 8, 14, 'call_8_14_1771796661', '006a3b1cf9ce7a449d29f141f5fa3d8df88IADMDVPDwZ4KxGYXkQqaNv1vGzwltecOuz5YR5NqIJGB/wbtCuizrY3SIgAirAAANcqcaQQAAQDFhptpAwDFhptpAgDFhptpBADFhptp', 'video', 'ended', NULL, '2026-02-23 08:14:30', '2026-02-23 08:14:21', '2026-02-23 08:14:30'),
(99, 1, 8, 6, 'call_6_8_1771796679', '006a3b1cf9ce7a449d29f141f5fa3d8df88IACvmT5gL9aMuBXkBEdHkgfGTIOlhtOQ1FmxdvopB3XmH7Qi3v+M3xE4IgDrSQAAR8qcaQQAAQDXhptpAwDXhptpAgDXhptpBADXhptp', 'video', 'ended', NULL, '2026-02-23 08:14:55', '2026-02-23 08:14:39', '2026-02-23 08:14:55'),
(100, 7, 8, 14, 'call_8_14_1771796721', '006a3b1cf9ce7a449d29f141f5fa3d8df88IAByNEErx/CoG9MrGRVCGIOJ25ec7JbxzAWS94RdANeEhDVCpI23Qke5IgCXWwEAccqcaQQAAQABh5tpAwABh5tpAgABh5tpBAABh5tp', 'video', 'ended', NULL, '2026-02-23 08:15:24', '2026-02-23 08:15:21', '2026-02-23 08:15:24'),
(101, 7, 8, 14, 'call_8_14_1771796735', '006a3b1cf9ce7a449d29f141f5fa3d8df88IABbvpXmu7MJkH2SoBQbZcwBn0ip8qUJH/6rXHSLRqvnaG230pPawIyjIgAI3wAAf8qcaQQAAQAPh5tpAwAPh5tpAgAPh5tpBAAPh5tp', 'video', 'ended', NULL, '2026-02-23 08:15:38', '2026-02-23 08:15:35', '2026-02-23 08:15:38'),
(102, 7, 8, 14, 'call_8_14_1771796745', '006a3b1cf9ce7a449d29f141f5fa3d8df88IABNIV+bW1PRTr/Oq0h0znLmZrPKWRpHK2euQqGC3HypoKohk9x/xNFUIgDcdQEAicqcaQQAAQAZh5tpAwAZh5tpAgAZh5tpBAAZh5tp', 'video', 'ended', NULL, '2026-02-23 08:15:54', '2026-02-23 08:15:45', '2026-02-23 08:15:54'),
(103, 7, 8, 14, 'call_8_14_1771796762', '006a3b1cf9ce7a449d29f141f5fa3d8df88IAA5xBcYkQ5mgL1YAHHWEAMMeZLX5yU8SGY+BB8X2HjyJYvWwXCyJONCIgCQUwEAmsqcaQQAAQAqh5tpAwAqh5tpAgAqh5tpBAAqh5tp', 'video', 'ended', NULL, '2026-02-23 08:16:16', '2026-02-23 08:16:02', '2026-02-23 08:16:16'),
(104, 7, 8, 14, 'call_8_14_1771796779', '006a3b1cf9ce7a449d29f141f5fa3d8df88IACEzNeAn1Ukg/VlBm7Wq0bSvfKv8PAAOciTLTqle9sAuEI+CP48RuOjIgCaOQEAq8qcaQQAAQA7h5tpAwA7h5tpAgA7h5tpBAA7h5tp', 'video', 'ended', NULL, '2026-02-23 08:16:30', '2026-02-23 08:16:19', '2026-02-23 08:16:30'),
(105, 1, 6, 8, 'call_6_8_1771796863', '006a3b1cf9ce7a449d29f141f5fa3d8df88IAAyWNrpTFZmmd8LraKxRWEZipTQqvnEmn7wgRWF9DReyuHXjgwB3KnNIgA4RwAA/8qcaQQAAQCPh5tpAwCPh5tpAgCPh5tpBACPh5tp', 'video', 'ended', '2026-02-23 08:17:52', '2026-02-23 08:19:09', '2026-02-23 08:17:43', '2026-02-23 08:19:09'),
(106, 14, 21, 6, 'call_6_21_1771904159', '006a3b1cf9ce7a449d29f141f5fa3d8df88IAAHDsYL+YqtZWhp6yg8NJNY/WwzlW/kBhqzgJiBZpvQH1Poup2LFtWcIgDpfwEAH26eaQQAAQCvKp1pAwCvKp1pAgCvKp1pBACvKp1p', 'audio', 'ended', NULL, '2026-02-24 14:06:07', '2026-02-24 14:05:59', '2026-02-24 14:06:07'),
(107, 15, 21, 14, 'call_14_21_1771904195', '006a3b1cf9ce7a449d29f141f5fa3d8df88IACt87dLxfqIONaKktqK8KZGtvoYNEveVw8ClkrH96kw87WDl0hMSswrIgAd9QAAQ26eaQQAAQDTKp1pAwDTKp1pAgDTKp1pBADTKp1p', 'audio', 'ended', NULL, '2026-02-24 14:06:52', '2026-02-24 14:06:35', '2026-02-24 14:06:52'),
(108, 15, 21, 14, 'call_14_21_1771904220', '006a3b1cf9ce7a449d29f141f5fa3d8df88IAALTdKsdo/3+jVEwVi1xR1J1IWj+Avgh6LIm5pqtMXs1KgQT9l3PWusIgC5nwAAXG6eaQQAAQDsKp1pAwDsKp1pAgDsKp1pBADsKp1p', 'video', 'ended', NULL, '2026-02-24 14:07:06', '2026-02-24 14:07:00', '2026-02-24 14:07:06'),
(109, 15, 21, 14, 'call_14_21_1771904370', '006a3b1cf9ce7a449d29f141f5fa3d8df88IADOJAiX5TFyN+F1X0Cm87uWtqUYImbe71jY0hIEK0GoCdqO+qWeBDyeIgAyKAEA8m6eaQQAAQCCK51pAwCCK51pAgCCK51pBACCK51p', 'video', 'ended', NULL, '2026-02-24 14:09:41', '2026-02-24 14:09:30', '2026-02-24 14:09:41'),
(110, 15, 14, 21, 'call_14_21_1771904391', '006a3b1cf9ce7a449d29f141f5fa3d8df88IAACWA+BwVxQPrw+51WpjcUkaRSo4akaW6C7RnC1gDVI68KTfkyGLBkmIgDFggEAB2+eaQQAAQCXK51pAwCXK51pAgCXK51pBACXK51p', 'video', 'ended', '2026-02-24 14:10:06', '2026-02-24 14:10:52', '2026-02-24 14:09:51', '2026-02-24 14:10:52'),
(111, 15, 14, 21, 'call_14_21_1771910795', '006a3b1cf9ce7a449d29f141f5fa3d8df88IAAJd4ytfHJKEWoaQijayfbaf5gMdwOgnvce7NTnHvOwHeBBGP6W422+IgCqBAAAC4ieaQQAAQCbRJ1pAwCbRJ1pAgCbRJ1pBACbRJ1p', 'video', 'ended', NULL, '2026-02-24 15:56:57', '2026-02-24 15:56:35', '2026-02-24 15:56:57'),
(112, 15, 14, 21, 'call_14_21_1771910913', '006a3b1cf9ce7a449d29f141f5fa3d8df88IACoT4RAAmP0pJTCz+TwZGwNkbcjR6WsnN8gLHww15q5HNdDPNVpIj85IgBuPwAAgYieaQQAAQARRZ1pAwARRZ1pAgARRZ1pBAARRZ1p', 'video', 'ended', '2026-02-24 15:58:38', '2026-02-24 15:59:00', '2026-02-24 15:58:33', '2026-02-24 15:59:00'),
(113, 15, 14, 21, 'call_14_21_1771910982', '006a3b1cf9ce7a449d29f141f5fa3d8df88IACjKlodu1rkZQPsEKC8apgvekgg8zHgPAr3nat8JslrkQjI+XPcUqQzIgALzgAAxoieaQQAAQBWRZ1pAwBWRZ1pAgBWRZ1pBABWRZ1p', 'audio', 'ended', '2026-02-24 15:59:54', '2026-02-24 16:00:00', '2026-02-24 15:59:42', '2026-02-24 16:00:00'),
(114, 17, 14, 6, 'call_6_14_1771914143', '006a3b1cf9ce7a449d29f141f5fa3d8df88IADY73/bFSKI8P4zCUpTqBh0ZuolaMKfp/gZVHkXCaHaLmICfXwQNCsVIgCKhQEAH5WeaQQAAQCvUZ1pAwCvUZ1pAgCvUZ1pBACvUZ1p', 'video', 'ended', NULL, '2026-02-24 16:53:00', '2026-02-24 16:52:23', '2026-02-24 16:53:00'),
(115, 17, 14, 6, 'call_6_14_1771914204', '006a3b1cf9ce7a449d29f141f5fa3d8df88IABp69rGb94HeKl5IEvzoYC4ivgPT1uYgLB8WaULQ2yiR5zsM4Trl+PFIgDpGAAAXJWeaQQAAQDsUZ1pAwDsUZ1pAgDsUZ1pBADsUZ1p', 'video', 'ended', NULL, '2026-02-24 16:53:52', '2026-02-24 16:53:24', '2026-02-24 16:53:52');

-- --------------------------------------------------------

--
-- Table structure for table `chat_groups`
--

CREATE TABLE `chat_groups` (
  `id` bigint UNSIGNED NOT NULL,
  `name` varchar(255) COLLATE utf8mb4_unicode_ci NOT NULL,
  `image_url` varchar(255) COLLATE utf8mb4_unicode_ci DEFAULT NULL,
  `type` varchar(50) COLLATE utf8mb4_unicode_ci NOT NULL DEFAULT 'general',
  `is_private` tinyint(1) NOT NULL DEFAULT '1',
  `allow_visitors` tinyint(1) NOT NULL DEFAULT '0',
  `auto_approve` tinyint(1) NOT NULL DEFAULT '1',
  `created_by` bigint UNSIGNED NOT NULL,
  `conversation_id` bigint UNSIGNED DEFAULT NULL,
  `created_at` timestamp NULL DEFAULT NULL,
  `updated_at` timestamp NULL DEFAULT NULL
) ENGINE=InnoDB DEFAULT CHARSET=utf8mb4 COLLATE=utf8mb4_unicode_ci;

--
-- Dumping data for table `chat_groups`
--

INSERT INTO `chat_groups` (`id`, `name`, `image_url`, `type`, `is_private`, `allow_visitors`, `auto_approve`, `created_by`, `conversation_id`, `created_at`, `updated_at`) VALUES
(1, 'Family', NULL, 'family', 0, 0, 0, 8, 3, '2026-02-21 18:18:26', '2026-02-21 18:18:26'),
(2, 'Chat aura group', NULL, 'general', 0, 0, 0, 15, 27, '2026-02-26 03:54:46', '2026-02-26 03:54:46'),
(3, 'wertyu', NULL, 'family', 0, 0, 0, 6, 48, '2026-02-28 07:13:08', '2026-02-28 07:13:08'),
(4, 'Rajala', NULL, 'general', 0, 0, 0, 21, 50, '2026-02-28 14:13:25', '2026-02-28 14:13:25'),
(5, 'Rajala', NULL, 'general', 0, 0, 0, 21, 51, '2026-02-28 14:13:26', '2026-02-28 14:13:26'),
(6, 'All new features', 'https://chataura.indsoft24.com/storage/uploads/DY8n0uqkLRvYr1JIzjp507valn4qyJx3a8Vpzmgc.jpg', 'general', 0, 0, 0, 14, 75, '2026-02-28 22:23:27', '2026-02-28 22:23:27');

-- --------------------------------------------------------

--
-- Table structure for table `coin_transactions`
--

CREATE TABLE `coin_transactions` (
  `id` bigint UNSIGNED NOT NULL,
  `sender_id` bigint UNSIGNED NOT NULL,
  `receiver_id` bigint UNSIGNED NOT NULL,
  `transaction_type` varchar(20) COLLATE utf8mb4_unicode_ci NOT NULL,
  `reference_id` bigint UNSIGNED DEFAULT NULL,
  `gross_coins_deducted` int NOT NULL,
  `admin_commission_coins` int NOT NULL,
  `net_coins_received` int NOT NULL,
  `created_at` timestamp NOT NULL DEFAULT CURRENT_TIMESTAMP
) ENGINE=InnoDB DEFAULT CHARSET=utf8mb4 COLLATE=utf8mb4_unicode_ci;

--
-- Dumping data for table `coin_transactions`
--

INSERT INTO `coin_transactions` (`id`, `sender_id`, `receiver_id`, `transaction_type`, `reference_id`, `gross_coins_deducted`, `admin_commission_coins`, `net_coins_received`, `created_at`) VALUES
(1, 5, 8, 'VIDEO_CALL', 94, 20, 6, 14, '2026-02-22 19:52:32'),
(2, 5, 1, 'CALL_COMMISSION', 94, 0, 0, 6, '2026-02-22 19:52:32'),
(3, 5, 8, 'VIDEO_CALL', 97, 20, 6, 14, '2026-02-22 20:01:47'),
(4, 5, 1, 'CALL_COMMISSION', 97, 0, 0, 6, '2026-02-22 20:01:47'),
(5, 6, 8, 'VIDEO_CALL', 105, 40, 12, 28, '2026-02-22 21:49:09'),
(6, 6, 1, 'CALL_COMMISSION', 105, 0, 0, 12, '2026-02-22 21:49:09'),
(7, 22, 6, 'SELLER_TRANSFER', NULL, 100, 0, 100, '2026-02-23 21:39:54'),
(8, 22, 5, 'SELLER_TRANSFER', NULL, 100, 0, 100, '2026-02-24 03:13:13'),
(9, 14, 21, 'VIDEO_CALL', 110, 20, 6, 14, '2026-02-24 03:40:52'),
(10, 14, 1, 'CALL_COMMISSION', 110, 0, 0, 6, '2026-02-24 03:40:52'),
(11, 14, 21, 'VIDEO_CALL', 112, 20, 6, 14, '2026-02-24 05:29:00'),
(12, 14, 1, 'CALL_COMMISSION', 112, 0, 0, 6, '2026-02-24 05:29:00'),
(13, 14, 21, 'AUDIO_CALL', 113, 10, 3, 7, '2026-02-24 05:30:00'),
(14, 14, 1, 'CALL_COMMISSION', 113, 0, 0, 3, '2026-02-24 05:30:00'),
(15, 14, 6, 'VIDEO_CALL', 1, 20, 6, 14, '2026-02-24 06:48:23'),
(16, 14, 1, 'CALL_COMMISSION', 1, 0, 0, 6, '2026-02-24 06:48:23'),
(17, 6, 14, 'VIDEO_CALL', 5, 20, 6, 14, '2026-02-24 07:00:26'),
(18, 6, 1, 'CALL_COMMISSION', 5, 0, 0, 6, '2026-02-24 07:00:26'),
(19, 6, 14, 'AUDIO_CALL', 6, 10, 3, 7, '2026-02-24 07:01:14'),
(20, 6, 1, 'CALL_COMMISSION', 6, 0, 0, 3, '2026-02-24 07:01:14'),
(21, 14, 6, 'VIDEO_CALL', 7, 20, 6, 14, '2026-02-24 07:13:42'),
(22, 14, 1, 'CALL_COMMISSION', 7, 0, 0, 6, '2026-02-24 07:13:42'),
(23, 15, 21, 'AUDIO_CALL', 12, 10, 3, 7, '2026-02-24 07:50:14'),
(24, 15, 1, 'CALL_COMMISSION', 12, 0, 0, 3, '2026-02-24 07:50:14'),
(25, 21, 15, 'AUDIO_CALL', 13, 20, 6, 14, '2026-02-24 07:53:34'),
(26, 21, 1, 'CALL_COMMISSION', 13, 0, 0, 6, '2026-02-24 07:53:34'),
(27, 15, 23, 'AUDIO_CALL', 15, 10, 3, 7, '2026-02-24 08:33:41'),
(28, 15, 1, 'CALL_COMMISSION', 15, 0, 0, 3, '2026-02-24 08:33:41'),
(29, 15, 23, 'VIDEO_CALL', 16, 20, 6, 14, '2026-02-24 08:34:23'),
(30, 15, 1, 'CALL_COMMISSION', 16, 0, 0, 6, '2026-02-24 08:34:23'),
(31, 14, 21, 'VIDEO_CALL', 17, 20, 6, 14, '2026-02-24 15:12:40'),
(32, 14, 1, 'CALL_COMMISSION', 17, 0, 0, 6, '2026-02-24 15:12:40'),
(33, 14, 21, 'VIDEO_CALL', 18, 20, 6, 14, '2026-02-24 15:13:35'),
(34, 14, 1, 'CALL_COMMISSION', 18, 0, 0, 6, '2026-02-24 15:13:35'),
(35, 14, 21, 'AUDIO_CALL', 19, 10, 3, 7, '2026-02-24 15:14:06'),
(36, 14, 1, 'CALL_COMMISSION', 19, 0, 0, 3, '2026-02-24 15:14:06'),
(37, 14, 21, 'AUDIO_CALL', 21, 10, 3, 7, '2026-02-24 15:15:48'),
(38, 14, 1, 'CALL_COMMISSION', 21, 0, 0, 3, '2026-02-24 15:15:48'),
(39, 21, 14, 'VIDEO_CALL', 23, 20, 6, 14, '2026-02-24 19:32:26'),
(40, 21, 1, 'CALL_COMMISSION', 23, 0, 0, 6, '2026-02-24 19:32:26'),
(41, 15, 23, 'GIFT', 1, 10, 2, 8, '2026-02-24 23:33:25'),
(42, 15, 23, 'GIFT', 4, 100, 20, 80, '2026-02-24 23:33:42'),
(43, 15, 23, 'GIFT', 3, 50, 10, 40, '2026-02-24 23:33:42'),
(44, 21, 26, 'AUDIO_CALL', 24, 10, 3, 7, '2026-02-25 06:01:05'),
(45, 21, 1, 'CALL_COMMISSION', 24, 0, 0, 3, '2026-02-25 06:01:05'),
(46, 21, 26, 'VIDEO_CALL', 26, 20, 6, 14, '2026-02-25 06:02:55'),
(47, 21, 1, 'CALL_COMMISSION', 26, 0, 0, 6, '2026-02-25 06:02:55'),
(48, 6, 14, 'VIDEO_CALL', 32, 40, 12, 28, '2026-02-25 08:05:37'),
(49, 6, 1, 'CALL_COMMISSION', 32, 0, 0, 12, '2026-02-25 08:05:37'),
(50, 6, 14, 'AUDIO_CALL', 33, 10, 3, 7, '2026-02-25 08:09:19'),
(51, 6, 1, 'CALL_COMMISSION', 33, 0, 0, 3, '2026-02-25 08:09:19'),
(52, 6, 14, 'VIDEO_CALL', 41, 20, 6, 14, '2026-02-25 08:25:59'),
(53, 6, 1, 'CALL_COMMISSION', 41, 0, 0, 6, '2026-02-25 08:25:59'),
(54, 14, 6, 'VIDEO_CALL', 45, 20, 6, 14, '2026-02-25 08:30:09'),
(55, 14, 1, 'CALL_COMMISSION', 45, 0, 0, 6, '2026-02-25 08:30:09'),
(56, 14, 6, 'VIDEO_CALL', 49, 20, 6, 14, '2026-02-25 08:55:49'),
(57, 14, 1, 'CALL_COMMISSION', 49, 0, 0, 6, '2026-02-25 08:55:49'),
(58, 14, 6, 'VIDEO_CALL', 50, 20, 6, 14, '2026-02-25 08:58:36'),
(59, 14, 1, 'CALL_COMMISSION', 50, 0, 0, 6, '2026-02-25 08:58:36'),
(60, 6, 14, 'VIDEO_CALL', 51, 20, 6, 14, '2026-02-25 08:59:19'),
(61, 6, 1, 'CALL_COMMISSION', 51, 0, 0, 6, '2026-02-25 08:59:19'),
(62, 6, 14, 'AUDIO_CALL', 52, 10, 3, 7, '2026-02-25 09:26:21'),
(63, 6, 1, 'CALL_COMMISSION', 52, 0, 0, 3, '2026-02-25 09:26:21'),
(64, 6, 14, 'AUDIO_CALL', 53, 10, 3, 7, '2026-02-25 09:27:05'),
(65, 6, 1, 'CALL_COMMISSION', 53, 0, 0, 3, '2026-02-25 09:27:05'),
(66, 6, 14, 'AUDIO_CALL', 55, 10, 3, 7, '2026-02-25 12:18:44'),
(67, 6, 1, 'CALL_COMMISSION', 55, 0, 0, 3, '2026-02-25 12:18:44'),
(68, 6, 14, 'VIDEO_CALL', 56, 20, 6, 14, '2026-02-25 12:20:46'),
(69, 6, 1, 'CALL_COMMISSION', 56, 0, 0, 6, '2026-02-25 12:20:46'),
(70, 15, 21, 'GIFT', 1, 10, 2, 8, '2026-02-25 13:14:02'),
(71, 21, 14, 'GIFT', 2, 20, 4, 16, '2026-02-25 14:33:06'),
(72, 14, 21, 'GIFT', 2, 20, 4, 16, '2026-02-25 14:34:48'),
(73, 6, 14, 'AUDIO_CALL', 58, 10, 3, 7, '2026-02-25 14:40:02'),
(74, 6, 1, 'CALL_COMMISSION', 58, 0, 0, 3, '2026-02-25 14:40:02'),
(75, 14, 21, 'AUDIO_CALL', 63, 10, 3, 7, '2026-02-25 15:01:19'),
(76, 14, 1, 'CALL_COMMISSION', 63, 0, 0, 3, '2026-02-25 15:01:19'),
(77, 21, 14, 'VIDEO_CALL', 65, 20, 6, 14, '2026-02-25 16:09:33'),
(78, 21, 1, 'CALL_COMMISSION', 65, 0, 0, 6, '2026-02-25 16:09:33'),
(79, 31, 15, 'SELLER_TRANSFER', NULL, 100, 0, 100, '2026-02-26 07:08:25'),
(80, 30, 29, 'SELLER_TRANSFER', NULL, 100, 0, 100, '2026-02-26 15:38:54'),
(81, 29, 1, 'WITHDRAWAL', 1, 100, 0, 0, '2026-02-26 15:40:14'),
(82, 30, 29, 'SELLER_TRANSFER', NULL, 100, 0, 100, '2026-02-26 16:00:00'),
(83, 29, 30, 'VIDEO_CALL', 82, 20, 6, 14, '2026-02-26 16:37:03'),
(84, 29, 1, 'CALL_COMMISSION', 82, 0, 0, 6, '2026-02-26 16:37:03'),
(85, 29, 30, 'VIDEO_CALL', 83, 20, 6, 14, '2026-02-26 16:37:50'),
(86, 29, 1, 'CALL_COMMISSION', 83, 0, 0, 6, '2026-02-26 16:37:50'),
(87, 30, 29, 'GIFT', 2, 20, 4, 16, '2026-02-26 16:43:49'),
(88, 21, 14, 'VIDEO_CALL', 84, 20, 6, 14, '2026-02-27 05:48:02'),
(89, 21, 1, 'CALL_COMMISSION', 84, 0, 0, 6, '2026-02-27 05:48:02'),
(90, 21, 14, 'AUDIO_CALL', 85, 10, 3, 7, '2026-02-27 05:48:27'),
(91, 21, 1, 'CALL_COMMISSION', 85, 0, 0, 3, '2026-02-27 05:48:27'),
(92, 21, 14, 'AUDIO_CALL', 86, 10, 3, 7, '2026-02-27 05:49:28'),
(93, 21, 1, 'CALL_COMMISSION', 86, 0, 0, 3, '2026-02-27 05:49:28'),
(94, 21, 14, 'AUDIO_CALL', 87, 10, 3, 7, '2026-02-27 05:50:03'),
(95, 21, 1, 'CALL_COMMISSION', 87, 0, 0, 3, '2026-02-27 05:50:03'),
(96, 14, 21, 'VIDEO_CALL', 88, 20, 6, 14, '2026-02-27 05:51:20'),
(97, 14, 1, 'CALL_COMMISSION', 88, 0, 0, 6, '2026-02-27 05:51:20'),
(98, 14, 21, 'AUDIO_CALL', 89, 10, 3, 7, '2026-02-27 05:51:46'),
(99, 14, 1, 'CALL_COMMISSION', 89, 0, 0, 3, '2026-02-27 05:51:46'),
(100, 21, 27, 'AUDIO_CALL', 90, 10, 3, 7, '2026-02-27 06:16:05'),
(101, 21, 1, 'CALL_COMMISSION', 90, 0, 0, 3, '2026-02-27 06:16:05'),
(102, 21, 27, 'VIDEO_CALL', 95, 40, 12, 28, '2026-02-27 06:26:02'),
(103, 21, 1, 'CALL_COMMISSION', 95, 0, 0, 12, '2026-02-27 06:26:02'),
(104, 21, 14, 'AUDIO_CALL', 99, 10, 3, 7, '2026-02-27 06:39:36'),
(105, 21, 1, 'CALL_COMMISSION', 99, 0, 0, 3, '2026-02-27 06:39:36'),
(106, 21, 14, 'AUDIO_CALL', 104, 10, 3, 7, '2026-02-27 06:49:28'),
(107, 21, 1, 'CALL_COMMISSION', 104, 0, 0, 3, '2026-02-27 06:49:28'),
(108, 6, 14, 'AUDIO_CALL', 111, 10, 3, 7, '2026-02-27 06:59:48'),
(109, 6, 1, 'CALL_COMMISSION', 111, 0, 0, 3, '2026-02-27 06:59:48'),
(110, 14, 6, 'AUDIO_CALL', 112, 10, 3, 7, '2026-02-27 07:00:28'),
(111, 14, 1, 'CALL_COMMISSION', 112, 0, 0, 3, '2026-02-27 07:00:28'),
(112, 14, 36, 'VIDEO_CALL', 115, 40, 12, 28, '2026-02-27 07:10:39'),
(113, 14, 1, 'CALL_COMMISSION', 115, 0, 0, 12, '2026-02-27 07:10:39'),
(114, 14, 36, 'AUDIO_CALL', 116, 10, 3, 7, '2026-02-27 07:11:15'),
(115, 14, 1, 'CALL_COMMISSION', 116, 0, 0, 3, '2026-02-27 07:11:15'),
(116, 36, 14, 'VIDEO_CALL', 117, 20, 6, 14, '2026-02-27 07:12:48'),
(117, 36, 1, 'CALL_COMMISSION', 117, 0, 0, 6, '2026-02-27 07:12:48'),
(118, 14, 36, 'AUDIO_CALL', 118, 10, 3, 7, '2026-02-27 07:13:51'),
(119, 14, 1, 'CALL_COMMISSION', 118, 0, 0, 3, '2026-02-27 07:13:51'),
(120, 21, 37, 'AUDIO_CALL', 119, 10, 3, 7, '2026-02-27 07:15:24'),
(121, 21, 1, 'CALL_COMMISSION', 119, 0, 0, 3, '2026-02-27 07:15:24'),
(122, 21, 37, 'AUDIO_CALL', 123, 10, 3, 7, '2026-02-27 07:16:55'),
(123, 21, 1, 'CALL_COMMISSION', 123, 0, 0, 3, '2026-02-27 07:16:55'),
(124, 21, 37, 'VIDEO_CALL', 133, 20, 6, 14, '2026-02-27 07:20:30'),
(125, 21, 1, 'CALL_COMMISSION', 133, 0, 0, 6, '2026-02-27 07:20:30'),
(126, 37, 21, 'VIDEO_CALL', 150, 20, 6, 14, '2026-02-27 07:39:08'),
(127, 37, 1, 'CALL_COMMISSION', 150, 0, 0, 6, '2026-02-27 07:39:08'),
(128, 37, 21, 'AUDIO_CALL', 151, 10, 3, 7, '2026-02-27 07:39:56'),
(129, 37, 1, 'CALL_COMMISSION', 151, 0, 0, 3, '2026-02-27 07:39:56'),
(130, 37, 21, 'AUDIO_CALL', 152, 10, 3, 7, '2026-02-27 07:40:11'),
(131, 37, 1, 'CALL_COMMISSION', 152, 0, 0, 3, '2026-02-27 07:40:11'),
(132, 21, 37, 'AUDIO_CALL', 153, 10, 3, 7, '2026-02-27 07:45:57'),
(133, 21, 1, 'CALL_COMMISSION', 153, 0, 0, 3, '2026-02-27 07:45:57'),
(134, 26, 21, 'AUDIO_CALL', 161, 10, 3, 7, '2026-02-27 07:59:44'),
(135, 26, 1, 'CALL_COMMISSION', 161, 0, 0, 3, '2026-02-27 07:59:44'),
(136, 21, 14, 'AUDIO_CALL', 169, 10, 3, 7, '2026-02-27 08:07:10'),
(137, 21, 1, 'CALL_COMMISSION', 169, 0, 0, 3, '2026-02-27 08:07:10'),
(138, 21, 14, 'AUDIO_CALL', 170, 10, 3, 7, '2026-02-27 08:07:25'),
(139, 21, 1, 'CALL_COMMISSION', 170, 0, 0, 3, '2026-02-27 08:07:25'),
(140, 14, 21, 'VIDEO_CALL', 173, 20, 6, 14, '2026-02-27 08:09:38'),
(141, 14, 1, 'CALL_COMMISSION', 173, 0, 0, 6, '2026-02-27 08:09:38'),
(142, 14, 6, 'VIDEO_CALL', 176, 20, 6, 14, '2026-02-27 08:18:07'),
(143, 14, 1, 'CALL_COMMISSION', 176, 0, 0, 6, '2026-02-27 08:18:07'),
(144, 14, 6, 'AUDIO_CALL', 177, 10, 3, 7, '2026-02-27 08:18:22'),
(145, 14, 1, 'CALL_COMMISSION', 177, 0, 0, 3, '2026-02-27 08:18:22'),
(146, 14, 6, 'VIDEO_CALL', 178, 20, 6, 14, '2026-02-27 08:18:43'),
(147, 14, 1, 'CALL_COMMISSION', 178, 0, 0, 6, '2026-02-27 08:18:43'),
(148, 36, 14, 'VIDEO_CALL', 179, 20, 6, 14, '2026-02-27 08:34:47'),
(149, 36, 1, 'CALL_COMMISSION', 179, 0, 0, 6, '2026-02-27 08:34:47'),
(150, 36, 14, 'AUDIO_CALL', 180, 10, 3, 7, '2026-02-27 08:35:02'),
(151, 36, 1, 'CALL_COMMISSION', 180, 0, 0, 3, '2026-02-27 08:35:02'),
(152, 36, 14, 'VIDEO_CALL', 181, 20, 6, 14, '2026-02-27 08:36:28'),
(153, 36, 1, 'CALL_COMMISSION', 181, 0, 0, 6, '2026-02-27 08:36:28'),
(154, 36, 14, 'AUDIO_CALL', 182, 10, 3, 7, '2026-02-27 08:36:43'),
(155, 36, 1, 'CALL_COMMISSION', 182, 0, 0, 3, '2026-02-27 08:36:43'),
(156, 36, 14, 'VIDEO_CALL', 184, 20, 6, 14, '2026-02-27 08:38:02'),
(157, 36, 1, 'CALL_COMMISSION', 184, 0, 0, 6, '2026-02-27 08:38:02'),
(158, 36, 14, 'AUDIO_CALL', 185, 10, 3, 7, '2026-02-27 08:38:27'),
(159, 36, 1, 'CALL_COMMISSION', 185, 0, 0, 3, '2026-02-27 08:38:27'),
(160, 6, 14, 'VIDEO_CALL', 186, 20, 6, 14, '2026-02-27 08:47:26'),
(161, 6, 1, 'CALL_COMMISSION', 186, 0, 0, 6, '2026-02-27 08:47:26'),
(162, 6, 14, 'AUDIO_CALL', 187, 10, 3, 7, '2026-02-27 08:48:03'),
(163, 6, 1, 'CALL_COMMISSION', 187, 0, 0, 3, '2026-02-27 08:48:03'),
(164, 6, 14, 'AUDIO_CALL', 188, 10, 3, 7, '2026-02-27 08:49:05'),
(165, 6, 1, 'CALL_COMMISSION', 188, 0, 0, 3, '2026-02-27 08:49:05'),
(166, 6, 14, 'AUDIO_CALL', 189, 10, 3, 7, '2026-02-27 08:52:42'),
(167, 6, 1, 'CALL_COMMISSION', 189, 0, 0, 3, '2026-02-27 08:52:42'),
(168, 6, 14, 'AUDIO_CALL', 192, 10, 3, 7, '2026-02-27 08:55:49'),
(169, 6, 1, 'CALL_COMMISSION', 192, 0, 0, 3, '2026-02-27 08:55:49'),
(170, 6, 14, 'VIDEO_CALL', 193, 20, 6, 14, '2026-02-27 08:56:37'),
(171, 6, 1, 'CALL_COMMISSION', 193, 0, 0, 6, '2026-02-27 08:56:37'),
(172, 6, 14, 'AUDIO_CALL', 194, 10, 3, 7, '2026-02-27 09:03:36'),
(173, 6, 1, 'CALL_COMMISSION', 194, 0, 0, 3, '2026-02-27 09:03:36'),
(174, 6, 14, 'AUDIO_CALL', 195, 10, 3, 7, '2026-02-27 09:04:28'),
(175, 6, 1, 'CALL_COMMISSION', 195, 0, 0, 3, '2026-02-27 09:04:28'),
(176, 6, 14, 'AUDIO_CALL', 196, 10, 3, 7, '2026-02-27 09:09:11'),
(177, 6, 1, 'CALL_COMMISSION', 196, 0, 0, 3, '2026-02-27 09:09:11'),
(178, 6, 14, 'AUDIO_CALL', 197, 10, 3, 7, '2026-02-27 09:32:14'),
(179, 6, 1, 'CALL_COMMISSION', 197, 0, 0, 3, '2026-02-27 09:32:14'),
(180, 6, 14, 'AUDIO_CALL', 198, 10, 3, 7, '2026-02-27 09:33:30'),
(181, 6, 1, 'CALL_COMMISSION', 198, 0, 0, 3, '2026-02-27 09:33:30'),
(182, 6, 14, 'AUDIO_CALL', 199, 10, 3, 7, '2026-02-27 09:34:51'),
(183, 6, 1, 'CALL_COMMISSION', 199, 0, 0, 3, '2026-02-27 09:34:51'),
(184, 6, 14, 'VIDEO_CALL', 200, 20, 6, 14, '2026-02-27 09:36:54'),
(185, 6, 1, 'CALL_COMMISSION', 200, 0, 0, 6, '2026-02-27 09:36:54'),
(186, 6, 14, 'AUDIO_CALL', 201, 10, 3, 7, '2026-02-27 09:37:16'),
(187, 6, 1, 'CALL_COMMISSION', 201, 0, 0, 3, '2026-02-27 09:37:16'),
(188, 21, 14, 'AUDIO_CALL', 202, 10, 3, 7, '2026-02-27 09:42:20'),
(189, 21, 1, 'CALL_COMMISSION', 202, 0, 0, 3, '2026-02-27 09:42:20'),
(190, 14, 21, 'VIDEO_CALL', 204, 20, 6, 14, '2026-02-27 09:44:59'),
(191, 14, 1, 'CALL_COMMISSION', 204, 0, 0, 6, '2026-02-27 09:44:59'),
(192, 14, 21, 'AUDIO_CALL', 205, 10, 3, 7, '2026-02-27 09:45:43'),
(193, 14, 1, 'CALL_COMMISSION', 205, 0, 0, 3, '2026-02-27 09:45:43'),
(194, 37, 21, 'AUDIO_CALL', 206, 10, 3, 7, '2026-02-27 09:46:50'),
(195, 37, 1, 'CALL_COMMISSION', 206, 0, 0, 3, '2026-02-27 09:46:50'),
(196, 6, 14, 'GIFT', 2, 20, 4, 16, '2026-02-27 11:16:08'),
(197, 14, 6, 'GIFT', 4, 100, 20, 80, '2026-02-27 11:26:15'),
(198, 14, 21, 'GIFT', 5, 200, 40, 160, '2026-02-27 11:28:10'),
(199, 14, 21, 'GIFT', 7, 1000, 200, 800, '2026-02-27 11:28:51'),
(200, 6, 14, 'GIFT', 4, 100, 20, 80, '2026-02-27 11:57:27'),
(201, 6, 14, 'GIFT', 4, 100, 20, 80, '2026-02-27 12:02:03'),
(202, 21, 14, 'GIFT', 4, 100, 20, 80, '2026-02-27 15:55:19'),
(203, 21, 17, 'VIDEO_CALL', 210, 20, 6, 14, '2026-02-27 16:54:25'),
(204, 21, 1, 'CALL_COMMISSION', 210, 0, 0, 6, '2026-02-27 16:54:25'),
(205, 21, 17, 'AUDIO_CALL', 212, 10, 3, 7, '2026-02-27 16:55:51'),
(206, 21, 1, 'CALL_COMMISSION', 212, 0, 0, 3, '2026-02-27 16:55:51'),
(207, 6, 14, 'GIFT', 3, 50, 10, 40, '2026-02-27 17:09:24'),
(208, 6, 1, 'WITHDRAWAL', 2, 100, 0, 0, '2026-02-27 19:03:30'),
(209, 6, 1, 'WITHDRAWAL', 3, 100, 0, 0, '2026-02-27 19:11:35'),
(210, 6, 1, 'WITHDRAWAL', 4, 100, 0, 0, '2026-02-27 19:12:39'),
(211, 21, 14, 'AUDIO_CALL', 213, 10, 3, 7, '2026-02-27 20:19:18'),
(212, 21, 1, 'CALL_COMMISSION', 213, 0, 0, 3, '2026-02-27 20:19:18'),
(213, 21, 14, 'GIFT', 3, 50, 10, 40, '2026-02-27 20:19:32'),
(214, 14, 21, 'GIFT', 2, 20, 4, 16, '2026-02-27 20:19:50'),
(215, 21, 14, 'GIFT', 1, 10, 2, 8, '2026-02-27 20:19:53'),
(216, 14, 21, 'GIFT', 1, 10, 2, 8, '2026-02-27 20:20:09'),
(217, 21, 14, 'GIFT', 2, 20, 4, 16, '2026-02-27 20:20:45'),
(218, 21, 14, 'GIFT', 4, 100, 20, 80, '2026-02-27 20:20:53'),
(219, 14, 21, 'GIFT', 3, 50, 10, 40, '2026-02-27 20:20:54'),
(220, 21, 14, 'GIFT', 3, 50, 10, 40, '2026-02-27 20:21:04'),
(221, 15, 21, 'AUDIO_CALL', 215, 10, 3, 7, '2026-02-28 11:40:42'),
(222, 15, 1, 'CALL_COMMISSION', 215, 0, 0, 3, '2026-02-28 11:40:42'),
(223, 6, 14, 'VIDEO_CALL', 220, 20, 6, 14, '2026-02-28 12:02:06'),
(224, 6, 1, 'CALL_COMMISSION', 220, 0, 0, 6, '2026-02-28 12:02:06'),
(225, 6, 14, 'AUDIO_CALL', 221, 10, 3, 7, '2026-02-28 12:02:49'),
(226, 6, 1, 'CALL_COMMISSION', 221, 0, 0, 3, '2026-02-28 12:02:49'),
(227, 14, 21, 'GIFT', 4, 100, 20, 80, '2026-02-28 12:03:15'),
(228, 21, 14, 'GIFT', 2, 20, 4, 16, '2026-02-28 12:03:38'),
(229, 21, 14, 'AUDIO_CALL', 222, 110, 33, 77, '2026-02-28 12:13:56'),
(230, 21, 1, 'CALL_COMMISSION', 222, 0, 0, 33, '2026-02-28 12:13:56');

-- --------------------------------------------------------

--
-- Table structure for table `conversations`
--

CREATE TABLE `conversations` (
  `id` bigint UNSIGNED NOT NULL,
  `type` varchar(20) COLLATE utf8mb4_unicode_ci NOT NULL DEFAULT 'private',
  `name` varchar(255) COLLATE utf8mb4_unicode_ci DEFAULT NULL,
  `image_url` varchar(255) COLLATE utf8mb4_unicode_ci DEFAULT NULL,
  `group_id` bigint UNSIGNED DEFAULT NULL,
  `created_at` timestamp NULL DEFAULT NULL,
  `updated_at` timestamp NULL DEFAULT NULL
) ENGINE=InnoDB DEFAULT CHARSET=utf8mb4 COLLATE=utf8mb4_unicode_ci;

--
-- Dumping data for table `conversations`
--

INSERT INTO `conversations` (`id`, `type`, `name`, `image_url`, `group_id`, `created_at`, `updated_at`) VALUES
(1, 'private', NULL, NULL, NULL, '2026-02-21 16:48:49', '2026-02-21 16:48:49'),
(2, 'private', NULL, NULL, NULL, '2026-02-21 16:54:36', '2026-02-21 16:54:36'),
(3, 'group', 'Family', NULL, 1, '2026-02-21 18:18:26', '2026-02-21 18:18:26'),
(4, 'private', NULL, NULL, NULL, '2026-02-21 21:14:38', '2026-02-21 21:14:38'),
(5, 'private', NULL, NULL, NULL, '2026-02-21 22:32:45', '2026-02-21 22:32:45'),
(6, 'private', NULL, NULL, NULL, '2026-02-21 22:35:16', '2026-02-21 22:35:16'),
(7, 'private', NULL, NULL, NULL, '2026-02-22 11:01:24', '2026-02-22 11:01:24'),
(8, 'private', NULL, NULL, NULL, '2026-02-22 14:27:18', '2026-02-22 14:27:18'),
(9, 'private', NULL, NULL, NULL, '2026-02-22 14:27:18', '2026-02-22 14:27:18'),
(10, 'private', NULL, NULL, NULL, '2026-02-22 15:43:58', '2026-02-22 15:43:58'),
(11, 'private', NULL, NULL, NULL, '2026-02-22 16:53:07', '2026-02-22 16:53:07'),
(12, 'private', NULL, NULL, NULL, '2026-02-23 01:43:31', '2026-02-23 01:43:31'),
(13, 'private', NULL, NULL, NULL, '2026-02-24 06:54:15', '2026-02-24 06:54:15'),
(14, 'private', NULL, NULL, NULL, '2026-02-24 13:55:20', '2026-02-24 13:55:20'),
(15, 'private', NULL, NULL, NULL, '2026-02-24 14:06:34', '2026-02-24 14:06:34'),
(16, 'private', NULL, NULL, NULL, '2026-02-24 15:29:10', '2026-02-24 15:29:10'),
(17, 'private', NULL, NULL, NULL, '2026-02-24 16:52:22', '2026-02-24 16:52:22'),
(18, 'private', NULL, NULL, NULL, '2026-02-24 18:04:19', '2026-02-24 18:04:19'),
(19, 'private', NULL, NULL, NULL, '2026-02-24 18:15:54', '2026-02-24 18:15:54'),
(20, 'private', NULL, NULL, NULL, '2026-02-24 19:02:12', '2026-02-24 19:02:12'),
(21, 'private', NULL, NULL, NULL, '2026-02-25 06:52:03', '2026-02-25 06:52:03'),
(22, 'private', NULL, NULL, NULL, '2026-02-25 16:30:23', '2026-02-25 16:30:23'),
(23, 'private', NULL, NULL, NULL, '2026-02-25 18:25:26', '2026-02-25 18:25:26'),
(24, 'private', NULL, NULL, NULL, '2026-02-26 01:37:45', '2026-02-26 01:37:45'),
(25, 'private', NULL, NULL, NULL, '2026-02-26 03:40:18', '2026-02-26 03:40:18'),
(26, 'private', NULL, NULL, NULL, '2026-02-26 03:43:57', '2026-02-26 03:43:57'),
(27, 'group', 'Chat aura group', NULL, 2, '2026-02-26 03:54:46', '2026-02-26 03:54:46'),
(28, 'private', NULL, NULL, NULL, '2026-02-26 04:19:31', '2026-02-26 04:19:31'),
(29, 'private', NULL, NULL, NULL, '2026-02-26 04:19:57', '2026-02-26 04:19:57'),
(30, 'private', NULL, NULL, NULL, '2026-02-26 05:32:07', '2026-02-26 05:32:07'),
(31, 'private', NULL, NULL, NULL, '2026-02-26 05:55:50', '2026-02-26 05:55:50'),
(32, 'private', NULL, NULL, NULL, '2026-02-26 06:15:24', '2026-02-26 06:15:24'),
(33, 'private', NULL, NULL, NULL, '2026-02-26 06:28:22', '2026-02-26 06:28:22'),
(34, 'private', NULL, NULL, NULL, '2026-02-26 16:05:50', '2026-02-26 16:05:50'),
(35, 'private', NULL, NULL, NULL, '2026-02-26 17:49:55', '2026-02-26 17:49:55'),
(36, 'private', NULL, NULL, NULL, '2026-02-27 02:30:30', '2026-02-27 02:30:30'),
(37, 'private', NULL, NULL, NULL, '2026-02-27 16:45:11', '2026-02-27 16:45:11'),
(38, 'private', NULL, NULL, NULL, '2026-02-27 17:01:23', '2026-02-27 17:01:23'),
(39, 'private', NULL, NULL, NULL, '2026-02-27 17:19:54', '2026-02-27 17:19:54'),
(40, 'private', NULL, NULL, NULL, '2026-02-27 17:35:34', '2026-02-27 17:35:34'),
(41, 'private', NULL, NULL, NULL, '2026-02-27 17:44:54', '2026-02-27 17:44:54'),
(42, 'private', NULL, NULL, NULL, '2026-02-27 18:34:16', '2026-02-27 18:34:16'),
(43, 'private', NULL, NULL, NULL, '2026-02-28 03:23:42', '2026-02-28 03:23:42'),
(44, 'private', NULL, NULL, NULL, '2026-02-28 03:26:36', '2026-02-28 03:26:36'),
(45, 'private', NULL, NULL, NULL, '2026-02-28 03:26:36', '2026-02-28 03:26:36'),
(46, 'private', NULL, NULL, NULL, '2026-02-28 07:12:37', '2026-02-28 07:12:37'),
(47, 'private', NULL, NULL, NULL, '2026-02-28 07:12:48', '2026-02-28 07:12:48'),
(48, 'group', 'wertyu', NULL, 3, '2026-02-28 07:13:08', '2026-02-28 07:13:08'),
(49, 'private', NULL, NULL, NULL, '2026-02-28 07:14:03', '2026-02-28 07:14:03'),
(50, 'group', 'Rajala', NULL, 4, '2026-02-28 14:13:25', '2026-02-28 14:13:25'),
(51, 'group', 'Rajala', NULL, 5, '2026-02-28 14:13:26', '2026-02-28 14:13:26'),
(52, 'private', NULL, NULL, NULL, '2026-02-28 17:05:42', '2026-02-28 17:05:42'),
(53, 'private', NULL, NULL, NULL, '2026-02-28 17:11:33', '2026-02-28 17:11:33'),
(54, 'private', NULL, NULL, NULL, '2026-02-28 17:57:23', '2026-02-28 17:57:23'),
(55, 'private', NULL, NULL, NULL, '2026-02-28 17:57:23', '2026-02-28 17:57:23'),
(56, 'private', NULL, NULL, NULL, '2026-02-28 18:11:41', '2026-02-28 18:11:41'),
(57, 'private', NULL, NULL, NULL, '2026-02-28 18:11:41', '2026-02-28 18:11:41'),
(58, 'private', NULL, NULL, NULL, '2026-02-28 18:16:59', '2026-02-28 18:16:59'),
(59, 'private', NULL, NULL, NULL, '2026-02-28 18:16:59', '2026-02-28 18:16:59'),
(60, 'private', NULL, NULL, NULL, '2026-02-28 19:56:53', '2026-02-28 19:56:53'),
(61, 'private', NULL, NULL, NULL, '2026-02-28 19:56:53', '2026-02-28 19:56:53'),
(62, 'private', NULL, NULL, NULL, '2026-02-28 20:20:57', '2026-02-28 20:20:57'),
(63, 'private', NULL, NULL, NULL, '2026-02-28 20:20:57', '2026-02-28 20:20:57'),
(64, 'private', NULL, NULL, NULL, '2026-02-28 20:23:02', '2026-02-28 20:23:02'),
(65, 'private', NULL, NULL, NULL, '2026-02-28 20:23:02', '2026-02-28 20:23:02'),
(66, 'private', NULL, NULL, NULL, '2026-02-28 20:36:16', '2026-02-28 20:36:16'),
(67, 'private', NULL, NULL, NULL, '2026-02-28 20:36:16', '2026-02-28 20:36:16'),
(68, 'private', NULL, NULL, NULL, '2026-02-28 21:24:58', '2026-02-28 21:24:58'),
(69, 'private', NULL, NULL, NULL, '2026-02-28 21:24:58', '2026-02-28 21:24:58'),
(70, 'private', NULL, NULL, NULL, '2026-02-28 21:28:09', '2026-02-28 21:28:09'),
(71, 'private', NULL, NULL, NULL, '2026-02-28 21:28:09', '2026-02-28 21:28:09'),
(72, 'private', NULL, NULL, NULL, '2026-02-28 21:47:51', '2026-02-28 21:47:51'),
(73, 'private', NULL, NULL, NULL, '2026-02-28 21:47:51', '2026-02-28 21:47:51'),
(74, 'private', NULL, NULL, NULL, '2026-02-28 22:21:50', '2026-02-28 22:21:50'),
(75, 'group', 'All new features', 'https://chataura.indsoft24.com/storage/uploads/DY8n0uqkLRvYr1JIzjp507valn4qyJx3a8Vpzmgc.jpg', 6, '2026-02-28 22:23:27', '2026-02-28 22:23:27');

-- --------------------------------------------------------

--
-- Table structure for table `conversation_participants`
--

CREATE TABLE `conversation_participants` (
  `id` bigint UNSIGNED NOT NULL,
  `conversation_id` bigint UNSIGNED NOT NULL,
  `user_id` bigint UNSIGNED NOT NULL,
  `last_read_at` timestamp NULL DEFAULT NULL,
  `created_at` timestamp NULL DEFAULT NULL,
  `updated_at` timestamp NULL DEFAULT NULL
) ENGINE=InnoDB DEFAULT CHARSET=utf8mb4 COLLATE=utf8mb4_unicode_ci;

--
-- Dumping data for table `conversation_participants`
--

INSERT INTO `conversation_participants` (`id`, `conversation_id`, `user_id`, `last_read_at`, `created_at`, `updated_at`) VALUES
(1, 1, 8, NULL, '2026-02-21 16:48:49', '2026-02-21 16:48:49'),
(3, 2, 5, '2026-02-26 05:41:03', '2026-02-21 16:54:36', '2026-02-26 05:41:03'),
(4, 2, 8, NULL, '2026-02-21 16:54:36', '2026-02-21 16:54:36'),
(5, 3, 8, NULL, '2026-02-21 18:18:26', '2026-02-21 18:18:26'),
(6, 3, 6, '2026-02-28 21:27:50', '2026-02-21 18:18:26', '2026-02-28 21:27:50'),
(7, 3, 5, '2026-02-26 05:40:58', '2026-02-21 18:18:26', '2026-02-26 05:40:58'),
(8, 4, 6, '2026-03-01 01:31:32', '2026-02-21 21:14:38', '2026-03-01 01:31:32'),
(9, 4, 5, NULL, '2026-02-21 21:14:38', '2026-02-21 21:14:38'),
(11, 5, 6, NULL, '2026-02-21 22:32:45', '2026-02-21 22:32:45'),
(13, 6, 8, NULL, '2026-02-21 22:35:16', '2026-02-21 22:35:16'),
(14, 7, 8, NULL, '2026-02-22 11:01:24', '2026-02-22 11:01:24'),
(16, 8, 17, NULL, '2026-02-22 14:27:18', '2026-02-22 14:27:18'),
(17, 8, 8, NULL, '2026-02-22 14:27:18', '2026-02-22 14:27:18'),
(18, 9, 17, NULL, '2026-02-22 14:27:18', '2026-02-22 14:27:18'),
(19, 9, 6, NULL, '2026-02-22 14:27:18', '2026-02-22 14:27:18'),
(20, 10, 8, NULL, '2026-02-22 15:43:58', '2026-02-22 15:43:58'),
(21, 10, 16, NULL, '2026-02-22 15:43:58', '2026-02-22 15:43:58'),
(22, 11, 15, '2026-02-28 23:00:51', '2026-02-22 16:53:07', '2026-02-28 23:00:51'),
(23, 11, 18, '2026-02-26 17:51:38', '2026-02-22 16:53:07', '2026-02-26 17:51:38'),
(24, 12, 5, NULL, '2026-02-23 01:43:31', '2026-02-23 01:43:31'),
(25, 12, 14, NULL, '2026-02-23 01:43:31', '2026-02-23 01:43:31'),
(26, 13, 5, NULL, '2026-02-24 06:54:15', '2026-02-24 06:54:15'),
(27, 13, 6, '2026-02-28 17:57:16', '2026-02-24 06:54:15', '2026-02-28 17:57:16'),
(28, 14, 21, NULL, '2026-02-24 13:55:20', '2026-02-24 13:55:20'),
(29, 14, 6, '2026-03-01 01:31:29', '2026-02-24 13:55:20', '2026-03-01 01:31:29'),
(30, 15, 21, '2026-02-28 22:44:01', '2026-02-24 14:06:34', '2026-02-28 22:44:01'),
(31, 15, 14, '2026-02-28 22:44:09', '2026-02-24 14:06:34', '2026-02-28 22:44:09'),
(32, 16, 21, NULL, '2026-02-24 15:29:10', '2026-02-24 15:29:10'),
(33, 16, 7, NULL, '2026-02-24 15:29:10', '2026-02-24 15:29:10'),
(34, 17, 14, '2026-02-28 14:17:50', '2026-02-24 16:52:22', '2026-02-28 14:17:50'),
(35, 17, 6, '2026-03-01 01:31:20', '2026-02-24 16:52:22', '2026-03-01 01:31:20'),
(36, 18, 15, '2026-02-28 22:55:37', '2026-02-24 18:04:19', '2026-02-28 22:55:37'),
(37, 18, 19, '2026-02-28 17:07:06', '2026-02-24 18:04:19', '2026-02-28 17:07:06'),
(38, 19, 21, '2026-02-28 22:11:40', '2026-02-24 18:15:54', '2026-02-28 22:11:40'),
(39, 19, 15, '2026-02-28 22:10:27', '2026-02-24 18:15:54', '2026-02-28 22:10:27'),
(40, 20, 23, NULL, '2026-02-24 19:02:12', '2026-02-24 19:02:12'),
(41, 20, 15, '2026-02-28 19:14:49', '2026-02-24 19:02:12', '2026-02-28 19:14:49'),
(42, 21, 24, NULL, '2026-02-25 06:52:03', '2026-02-25 06:52:03'),
(43, 21, 21, NULL, '2026-02-25 06:52:03', '2026-02-25 06:52:03'),
(44, 22, 21, '2026-02-27 18:36:44', '2026-02-25 16:30:23', '2026-02-27 18:36:44'),
(45, 22, 26, '2026-02-27 18:31:12', '2026-02-25 16:30:23', '2026-02-27 18:31:12'),
(46, 23, 6, NULL, '2026-02-25 18:25:26', '2026-02-25 18:25:26'),
(47, 23, 5, NULL, '2026-02-25 18:25:26', '2026-02-25 18:25:26'),
(48, 24, 6, NULL, '2026-02-26 01:37:45', '2026-02-26 01:37:45'),
(49, 24, 5, NULL, '2026-02-26 01:37:45', '2026-02-26 01:37:45'),
(50, 25, 5, NULL, '2026-02-26 03:40:18', '2026-02-26 03:40:18'),
(51, 25, 6, NULL, '2026-02-26 03:40:18', '2026-02-26 03:40:18'),
(52, 26, 5, NULL, '2026-02-26 03:43:57', '2026-02-26 03:43:57'),
(53, 26, 6, '2026-02-26 16:05:39', '2026-02-26 03:43:57', '2026-02-26 16:05:39'),
(54, 27, 15, '2026-02-28 22:59:54', '2026-02-26 03:54:46', '2026-02-28 22:59:54'),
(55, 27, 21, '2026-02-28 22:11:34', '2026-02-26 03:54:46', '2026-02-28 22:11:34'),
(56, 27, 23, '2026-02-28 16:34:51', '2026-02-26 03:54:46', '2026-02-28 16:34:51'),
(57, 28, 5, NULL, '2026-02-26 04:19:31', '2026-02-26 04:19:31'),
(58, 28, 6, NULL, '2026-02-26 04:19:31', '2026-02-26 04:19:31'),
(59, 29, 5, NULL, '2026-02-26 04:19:57', '2026-02-26 04:19:57'),
(60, 29, 6, NULL, '2026-02-26 04:19:57', '2026-02-26 04:19:57'),
(61, 30, 5, NULL, '2026-02-26 05:32:07', '2026-02-26 05:32:07'),
(62, 30, 6, NULL, '2026-02-26 05:32:07', '2026-02-26 05:32:07'),
(63, 31, 29, '2026-02-27 02:33:48', '2026-02-26 05:55:50', '2026-02-27 02:33:48'),
(64, 31, 5, NULL, '2026-02-26 05:55:50', '2026-02-26 05:55:50'),
(65, 32, 21, NULL, '2026-02-26 06:15:24', '2026-02-26 06:15:24'),
(66, 32, 5, '2026-02-26 06:17:00', '2026-02-26 06:15:24', '2026-02-26 06:17:00'),
(67, 33, 29, NULL, '2026-02-26 06:28:22', '2026-02-26 06:28:22'),
(68, 33, 21, NULL, '2026-02-26 06:28:22', '2026-02-26 06:28:22'),
(69, 34, 6, '2026-02-28 17:15:22', '2026-02-26 16:05:50', '2026-02-28 17:15:22'),
(70, 34, 5, NULL, '2026-02-26 16:05:50', '2026-02-26 16:05:50'),
(71, 35, 31, '2026-02-26 17:54:15', '2026-02-26 17:49:55', '2026-02-26 17:54:15'),
(72, 35, 18, '2026-02-26 17:53:46', '2026-02-26 17:49:55', '2026-02-26 17:53:46'),
(73, 36, 30, '2026-02-27 03:13:43', '2026-02-27 02:30:30', '2026-02-27 03:13:43'),
(74, 36, 29, '2026-02-27 03:08:18', '2026-02-27 02:30:30', '2026-02-27 03:08:18'),
(75, 37, 21, '2026-02-27 18:36:25', '2026-02-27 16:45:11', '2026-02-27 18:36:25'),
(76, 37, 27, '2026-02-27 17:00:16', '2026-02-27 16:45:11', '2026-02-27 17:00:16'),
(77, 38, 26, NULL, '2026-02-27 17:01:23', '2026-02-27 17:01:23'),
(78, 38, 5, NULL, '2026-02-27 17:01:23', '2026-02-27 17:01:23'),
(79, 39, 14, '2026-02-27 18:22:20', '2026-02-27 17:19:54', '2026-02-27 18:22:20'),
(80, 39, 26, NULL, '2026-02-27 17:19:54', '2026-02-27 17:19:54'),
(81, 40, 14, '2026-02-28 22:21:49', '2026-02-27 17:35:34', '2026-02-28 22:21:49'),
(82, 40, 36, '2026-02-27 19:08:35', '2026-02-27 17:35:34', '2026-02-27 19:08:35'),
(83, 41, 21, '2026-02-28 22:13:31', '2026-02-27 17:44:54', '2026-02-28 22:13:31'),
(84, 41, 37, '2026-02-27 20:17:58', '2026-02-27 17:44:54', '2026-02-27 20:17:58'),
(85, 42, 37, '2026-02-27 18:35:35', '2026-02-27 18:34:16', '2026-02-27 18:35:35'),
(86, 42, 26, NULL, '2026-02-27 18:34:16', '2026-02-27 18:34:16'),
(87, 43, 21, '2026-02-28 03:25:59', '2026-02-28 03:23:42', '2026-02-28 03:25:59'),
(88, 43, 17, NULL, '2026-02-28 03:23:42', '2026-02-28 03:23:42'),
(89, 44, 17, NULL, '2026-02-28 03:26:36', '2026-02-28 03:26:36'),
(90, 44, 16, NULL, '2026-02-28 03:26:36', '2026-02-28 03:26:36'),
(91, 45, 17, NULL, '2026-02-28 03:26:36', '2026-02-28 03:26:36'),
(92, 45, 15, '2026-02-28 23:00:50', '2026-02-28 03:26:36', '2026-02-28 23:00:50'),
(93, 46, 6, NULL, '2026-02-28 07:12:37', '2026-02-28 07:12:37'),
(94, 46, 5, NULL, '2026-02-28 07:12:37', '2026-02-28 07:12:37'),
(95, 47, 6, NULL, '2026-02-28 07:12:48', '2026-02-28 07:12:48'),
(96, 47, 5, NULL, '2026-02-28 07:12:48', '2026-02-28 07:12:48'),
(97, 48, 6, '2026-02-28 22:31:29', '2026-02-28 07:13:08', '2026-02-28 22:31:29'),
(98, 48, 17, NULL, '2026-02-28 07:13:08', '2026-02-28 07:13:08'),
(100, 48, 5, NULL, '2026-02-28 07:13:08', '2026-02-28 07:13:08'),
(102, 49, 6, NULL, '2026-02-28 07:14:03', '2026-02-28 07:14:03'),
(103, 49, 5, NULL, '2026-02-28 07:14:03', '2026-02-28 07:14:03'),
(104, 50, 21, '2026-02-28 14:17:42', '2026-02-28 14:13:25', '2026-02-28 14:17:42'),
(105, 50, 6, '2026-02-28 17:05:46', '2026-02-28 14:13:25', '2026-02-28 17:05:46'),
(106, 50, 14, '2026-02-28 22:22:19', '2026-02-28 14:13:25', '2026-02-28 22:22:19'),
(107, 50, 24, NULL, '2026-02-28 14:13:25', '2026-02-28 14:13:25'),
(108, 51, 21, '2026-02-28 14:17:08', '2026-02-28 14:13:26', '2026-02-28 14:17:08'),
(109, 51, 6, '2026-02-28 19:56:41', '2026-02-28 14:13:26', '2026-02-28 19:56:41'),
(110, 51, 14, '2026-02-28 14:16:24', '2026-02-28 14:13:26', '2026-02-28 14:16:24'),
(111, 51, 24, NULL, '2026-02-28 14:13:26', '2026-02-28 14:13:26'),
(112, 52, 6, NULL, '2026-02-28 17:05:42', '2026-02-28 17:05:42'),
(113, 52, 5, NULL, '2026-02-28 17:05:42', '2026-02-28 17:05:42'),
(114, 53, 6, NULL, '2026-02-28 17:11:33', '2026-02-28 17:11:33'),
(115, 53, 5, NULL, '2026-02-28 17:11:33', '2026-02-28 17:11:33'),
(116, 54, 6, NULL, '2026-02-28 17:57:23', '2026-02-28 17:57:23'),
(117, 54, 8, NULL, '2026-02-28 17:57:23', '2026-02-28 17:57:23'),
(118, 55, 6, NULL, '2026-02-28 17:57:23', '2026-02-28 17:57:23'),
(119, 55, 5, NULL, '2026-02-28 17:57:23', '2026-02-28 17:57:23'),
(121, 56, 8, NULL, '2026-02-28 18:11:41', '2026-02-28 18:11:41'),
(122, 57, 6, NULL, '2026-02-28 18:11:41', '2026-02-28 18:11:41'),
(123, 57, 5, NULL, '2026-02-28 18:11:41', '2026-02-28 18:11:41'),
(125, 58, 8, NULL, '2026-02-28 18:16:59', '2026-02-28 18:16:59'),
(126, 59, 6, NULL, '2026-02-28 18:16:59', '2026-02-28 18:16:59'),
(127, 59, 5, NULL, '2026-02-28 18:16:59', '2026-02-28 18:16:59'),
(129, 60, 8, NULL, '2026-02-28 19:56:53', '2026-02-28 19:56:53'),
(130, 61, 6, NULL, '2026-02-28 19:56:53', '2026-02-28 19:56:53'),
(131, 61, 5, NULL, '2026-02-28 19:56:53', '2026-02-28 19:56:53'),
(133, 62, 8, NULL, '2026-02-28 20:20:57', '2026-02-28 20:20:57'),
(134, 63, 6, NULL, '2026-02-28 20:20:57', '2026-02-28 20:20:57'),
(135, 63, 5, NULL, '2026-02-28 20:20:57', '2026-02-28 20:20:57'),
(137, 64, 8, NULL, '2026-02-28 20:23:02', '2026-02-28 20:23:02'),
(138, 65, 6, NULL, '2026-02-28 20:23:02', '2026-02-28 20:23:02'),
(139, 65, 5, NULL, '2026-02-28 20:23:02', '2026-02-28 20:23:02'),
(140, 66, 6, NULL, '2026-02-28 20:36:16', '2026-02-28 20:36:16'),
(141, 66, 8, NULL, '2026-02-28 20:36:16', '2026-02-28 20:36:16'),
(142, 67, 6, NULL, '2026-02-28 20:36:16', '2026-02-28 20:36:16'),
(143, 67, 5, NULL, '2026-02-28 20:36:16', '2026-02-28 20:36:16'),
(144, 68, 6, NULL, '2026-02-28 21:24:58', '2026-02-28 21:24:58'),
(145, 68, 8, NULL, '2026-02-28 21:24:58', '2026-02-28 21:24:58'),
(146, 69, 6, NULL, '2026-02-28 21:24:58', '2026-02-28 21:24:58'),
(147, 69, 5, NULL, '2026-02-28 21:24:58', '2026-02-28 21:24:58'),
(148, 70, 6, NULL, '2026-02-28 21:28:09', '2026-02-28 21:28:09'),
(149, 70, 8, NULL, '2026-02-28 21:28:09', '2026-02-28 21:28:09'),
(150, 71, 6, NULL, '2026-02-28 21:28:09', '2026-02-28 21:28:09'),
(151, 71, 5, NULL, '2026-02-28 21:28:09', '2026-02-28 21:28:09'),
(152, 72, 6, NULL, '2026-02-28 21:47:51', '2026-02-28 21:47:51'),
(153, 72, 8, NULL, '2026-02-28 21:47:51', '2026-02-28 21:47:51'),
(154, 73, 6, NULL, '2026-02-28 21:47:51', '2026-02-28 21:47:51'),
(155, 73, 5, NULL, '2026-02-28 21:47:51', '2026-02-28 21:47:51'),
(156, 74, 14, NULL, '2026-02-28 22:21:50', '2026-02-28 22:21:50'),
(157, 74, 8, NULL, '2026-02-28 22:21:50', '2026-02-28 22:21:50'),
(158, 75, 14, '2026-02-28 22:23:47', '2026-02-28 22:23:27', '2026-02-28 22:23:47'),
(159, 75, 21, NULL, '2026-02-28 22:23:27', '2026-02-28 22:23:27'),
(160, 75, 5, NULL, '2026-02-28 22:23:27', '2026-02-28 22:23:27'),
(161, 75, 6, NULL, '2026-02-28 22:23:27', '2026-02-28 22:23:27'),
(162, 75, 36, NULL, '2026-02-28 22:23:47', '2026-02-28 22:23:47');

-- --------------------------------------------------------

--
-- Table structure for table `countries`
--

CREATE TABLE `countries` (
  `id` varchar(10) COLLATE utf8mb4_unicode_ci NOT NULL,
  `name` varchar(255) COLLATE utf8mb4_unicode_ci NOT NULL,
  `flag_url` varchar(500) COLLATE utf8mb4_unicode_ci DEFAULT NULL,
  `flag_emoji` varchar(10) COLLATE utf8mb4_unicode_ci DEFAULT NULL,
  `created_at` timestamp NULL DEFAULT NULL,
  `updated_at` timestamp NULL DEFAULT NULL
) ENGINE=InnoDB DEFAULT CHARSET=utf8mb4 COLLATE=utf8mb4_unicode_ci;

--
-- Dumping data for table `countries`
--

INSERT INTO `countries` (`id`, `name`, `flag_url`, `flag_emoji`, `created_at`, `updated_at`) VALUES
('AE', 'UAE', NULL, '🇦🇪', '2026-02-25 07:53:06', '2026-02-25 07:53:06'),
('BD', 'Bangladesh', NULL, '🇧🇩', '2026-02-25 07:53:06', '2026-02-25 07:53:06'),
('IN', 'India', NULL, '🇮🇳', '2026-02-25 07:53:06', '2026-02-25 07:53:06'),
('JP', 'Japan', NULL, '🇯🇵', '2026-02-25 07:53:06', '2026-02-25 07:53:06'),
('NP', 'Nepal', NULL, '🇳🇵', '2026-02-25 07:53:06', '2026-02-25 07:53:06'),
('PH', 'Philippines', NULL, '🇵🇭', '2026-02-25 07:53:06', '2026-02-25 07:53:06');

-- --------------------------------------------------------

--
-- Table structure for table `failed_jobs`
--

CREATE TABLE `failed_jobs` (
  `id` bigint UNSIGNED NOT NULL,
  `uuid` varchar(255) COLLATE utf8mb4_unicode_ci NOT NULL,
  `connection` text COLLATE utf8mb4_unicode_ci NOT NULL,
  `queue` text COLLATE utf8mb4_unicode_ci NOT NULL,
  `payload` longtext COLLATE utf8mb4_unicode_ci NOT NULL,
  `exception` longtext COLLATE utf8mb4_unicode_ci NOT NULL,
  `failed_at` timestamp NOT NULL DEFAULT CURRENT_TIMESTAMP
) ENGINE=InnoDB DEFAULT CHARSET=utf8mb4 COLLATE=utf8mb4_unicode_ci;

-- --------------------------------------------------------

--
-- Table structure for table `faq_items`
--

CREATE TABLE `faq_items` (
  `id` bigint UNSIGNED NOT NULL,
  `question` varchar(255) COLLATE utf8mb4_unicode_ci NOT NULL,
  `answer` text COLLATE utf8mb4_unicode_ci NOT NULL,
  `sort_order` smallint UNSIGNED NOT NULL DEFAULT '0',
  `created_at` timestamp NULL DEFAULT NULL,
  `updated_at` timestamp NULL DEFAULT NULL
) ENGINE=InnoDB DEFAULT CHARSET=utf8mb4 COLLATE=utf8mb4_unicode_ci;

--
-- Dumping data for table `faq_items`
--

INSERT INTO `faq_items` (`id`, `question`, `answer`, `sort_order`, `created_at`, `updated_at`) VALUES
(1, 'How do I change my profile picture?', 'Go to Profile > Edit Profile and tap your avatar to upload a new image.', 1, '2026-02-20 13:30:38', '2026-02-20 13:30:38'),
(2, 'How do I block a user?', 'Open the user\'s profile and tap the menu, then select Block.', 2, '2026-02-20 13:30:38', '2026-02-20 13:30:38'),
(3, 'How do I create a group chat?', 'Go to Contacts > Create Group, add a name and select members.', 3, '2026-02-20 13:30:38', '2026-02-20 13:30:38');

-- --------------------------------------------------------

--
-- Table structure for table `feedback`
--

CREATE TABLE `feedback` (
  `id` bigint UNSIGNED NOT NULL,
  `user_id` bigint UNSIGNED DEFAULT NULL,
  `message` text COLLATE utf8mb4_unicode_ci NOT NULL,
  `screenshot_url` varchar(255) COLLATE utf8mb4_unicode_ci DEFAULT NULL,
  `created_at` timestamp NULL DEFAULT NULL,
  `updated_at` timestamp NULL DEFAULT NULL
) ENGINE=InnoDB DEFAULT CHARSET=utf8mb4 COLLATE=utf8mb4_unicode_ci;

-- --------------------------------------------------------

--
-- Table structure for table `frames`
--

CREATE TABLE `frames` (
  `id` bigint UNSIGNED NOT NULL,
  `level_required` tinyint UNSIGNED NOT NULL DEFAULT '0',
  `name` varchar(100) COLLATE utf8mb4_unicode_ci NOT NULL,
  `animation_key` varchar(100) COLLATE utf8mb4_unicode_ci DEFAULT NULL,
  `animation_json` json DEFAULT NULL,
  `is_premium` tinyint(1) NOT NULL DEFAULT '0',
  `is_active` tinyint(1) NOT NULL DEFAULT '1',
  `created_at` timestamp NULL DEFAULT NULL,
  `updated_at` timestamp NULL DEFAULT NULL
) ENGINE=InnoDB DEFAULT CHARSET=utf8mb4 COLLATE=utf8mb4_unicode_ci;

--
-- Dumping data for table `frames`
--

INSERT INTO `frames` (`id`, `level_required`, `name`, `animation_key`, `animation_json`, `is_premium`, `is_active`, `created_at`, `updated_at`) VALUES
(1, 0, 'Starter', 'frame_0', '{\"key\": \"frame_0\"}', 0, 1, '2026-02-24 19:26:59', '2026-02-24 20:10:40'),
(2, 1, 'Bronze', 'frame_1', '{\"key\": \"frame_1\"}', 0, 1, '2026-02-24 20:10:40', '2026-02-24 20:10:40'),
(3, 2, 'Silver', 'frame_2', '{\"key\": \"frame_2\"}', 0, 1, '2026-02-24 20:10:40', '2026-02-24 20:10:40'),
(4, 3, 'Gold', 'frame_3', '{\"key\": \"frame_3\"}', 0, 1, '2026-02-24 20:10:40', '2026-02-24 20:10:40'),
(5, 4, 'Platinum', 'frame_4', '{\"key\": \"frame_4\"}', 0, 1, '2026-02-24 20:10:40', '2026-02-24 20:10:40'),
(6, 5, 'Diamond', 'frame_5', '{\"key\": \"frame_5\"}', 0, 1, '2026-02-24 20:10:40', '2026-02-24 20:10:40'),
(7, 6, 'Master', 'frame_6', '{\"key\": \"frame_6\"}', 0, 1, '2026-02-24 20:10:40', '2026-02-24 20:10:40'),
(8, 7, 'Grandmaster', 'frame_7', '{\"key\": \"frame_7\"}', 0, 1, '2026-02-24 20:10:40', '2026-02-24 20:10:40'),
(9, 8, 'Champion', 'frame_8', '{\"key\": \"frame_8\"}', 0, 1, '2026-02-24 20:10:40', '2026-02-24 20:10:40'),
(10, 9, 'Legend', 'frame_9', '{\"key\": \"frame_9\"}', 0, 1, '2026-02-24 20:10:40', '2026-02-24 20:10:40'),
(11, 10, 'Elite', 'frame_10', '{\"key\": \"frame_10\"}', 0, 1, '2026-02-24 20:10:40', '2026-02-24 20:10:40');

-- --------------------------------------------------------

--
-- Table structure for table `friendships`
--

CREATE TABLE `friendships` (
  `id` bigint UNSIGNED NOT NULL,
  `user_id` bigint UNSIGNED NOT NULL,
  `friend_id` bigint UNSIGNED NOT NULL,
  `status` varchar(20) COLLATE utf8mb4_unicode_ci NOT NULL DEFAULT 'accepted',
  `created_at` timestamp NULL DEFAULT NULL,
  `updated_at` timestamp NULL DEFAULT NULL
) ENGINE=InnoDB DEFAULT CHARSET=utf8mb4 COLLATE=utf8mb4_unicode_ci;

--
-- Dumping data for table `friendships`
--

INSERT INTO `friendships` (`id`, `user_id`, `friend_id`, `status`, `created_at`, `updated_at`) VALUES
(1, 6, 8, 'accepted', '2026-02-21 16:44:42', '2026-02-21 16:48:36'),
(2, 8, 5, 'accepted', '2026-02-21 16:46:18', '2026-02-21 16:54:24'),
(3, 5, 6, 'accepted', '2026-02-21 21:14:14', '2026-02-21 21:14:27'),
(5, 8, 14, 'accepted', '2026-02-22 11:00:42', '2026-02-22 11:01:05'),
(6, 17, 8, 'accepted', '2026-02-22 14:22:13', '2026-02-22 14:25:56'),
(7, 6, 17, 'accepted', '2026-02-22 14:25:50', '2026-02-22 14:26:06'),
(8, 16, 17, 'accepted', '2026-02-22 14:26:18', '2026-02-28 03:26:29'),
(9, 8, 16, 'accepted', '2026-02-22 15:43:17', '2026-02-22 15:43:52'),
(10, 15, 17, 'accepted', '2026-02-22 16:09:46', '2026-02-28 03:26:26'),
(11, 15, 18, 'pending', '2026-02-22 16:53:04', '2026-02-22 16:53:04'),
(12, 5, 14, 'accepted', '2026-02-23 02:01:32', '2026-02-23 02:01:56'),
(13, 21, 6, 'accepted', '2026-02-24 13:55:17', '2026-02-28 03:39:48'),
(14, 14, 21, 'accepted', '2026-02-24 14:08:07', '2026-02-25 22:32:13'),
(15, 21, 7, 'pending', '2026-02-24 16:25:21', '2026-02-24 16:25:21'),
(16, 14, 6, 'accepted', '2026-02-24 16:51:12', '2026-02-24 16:51:43'),
(17, 15, 19, 'accepted', '2026-02-24 18:07:17', '2026-02-28 17:05:08'),
(18, 21, 15, 'accepted', '2026-02-24 18:14:05', '2026-02-24 18:14:44'),
(19, 23, 15, 'accepted', '2026-02-24 19:02:11', '2026-02-24 19:02:55'),
(20, 21, 24, 'accepted', '2026-02-25 06:51:17', '2026-02-25 06:51:37'),
(21, 21, 26, 'accepted', '2026-02-25 16:30:10', '2026-02-25 16:30:15'),
(22, 5, 26, 'accepted', '2026-02-26 04:21:09', '2026-02-27 17:01:09'),
(23, 29, 5, 'pending', '2026-02-26 05:28:00', '2026-02-26 05:28:00'),
(24, 31, 18, 'pending', '2026-02-26 17:49:48', '2026-02-26 17:49:48'),
(25, 30, 29, 'accepted', '2026-02-27 02:31:03', '2026-02-27 02:31:19'),
(26, 21, 27, 'accepted', '2026-02-27 16:44:50', '2026-02-27 16:44:56'),
(27, 27, 20, 'pending', '2026-02-27 16:59:11', '2026-02-27 16:59:11'),
(28, 27, 1, 'pending', '2026-02-27 16:59:30', '2026-02-27 16:59:30'),
(29, 27, 33, 'pending', '2026-02-27 16:59:39', '2026-02-27 16:59:39'),
(30, 27, 34, 'pending', '2026-02-27 17:00:01', '2026-02-27 17:00:01'),
(31, 27, 30, 'pending', '2026-02-27 17:00:10', '2026-02-27 17:00:10'),
(32, 14, 26, 'pending', '2026-02-27 17:21:33', '2026-02-27 17:21:33'),
(33, 14, 36, 'accepted', '2026-02-27 17:36:53', '2026-02-27 17:37:25'),
(34, 21, 37, 'accepted', '2026-02-27 17:44:16', '2026-02-27 17:44:30');

-- --------------------------------------------------------

--
-- Table structure for table `gift_types`
--

CREATE TABLE `gift_types` (
  `id` char(36) COLLATE utf8mb4_unicode_ci NOT NULL,
  `name` varchar(255) COLLATE utf8mb4_unicode_ci NOT NULL,
  `coin_price` int NOT NULL,
  `image_url` varchar(255) COLLATE utf8mb4_unicode_ci DEFAULT NULL,
  `animation_url` varchar(500) COLLATE utf8mb4_unicode_ci DEFAULT NULL,
  `animation_type` varchar(255) COLLATE utf8mb4_unicode_ci DEFAULT NULL,
  `is_active` tinyint(1) NOT NULL DEFAULT '1',
  `created_at` timestamp NULL DEFAULT NULL,
  `updated_at` timestamp NULL DEFAULT NULL
) ENGINE=InnoDB DEFAULT CHARSET=utf8mb4 COLLATE=utf8mb4_unicode_ci;

--
-- Dumping data for table `gift_types`
--

INSERT INTO `gift_types` (`id`, `name`, `coin_price`, `image_url`, `animation_url`, `animation_type`, `is_active`, `created_at`, `updated_at`) VALUES
('019c6ce8-ef94-7360-a337-772e3472b2af', 'Rose', 10, NULL, NULL, 'fade', 1, '2026-02-17 23:42:10', '2026-02-17 23:42:10'),
('019c6ce8-efa9-7169-87b3-c91e9fb7c227', 'Heart', 20, NULL, NULL, 'bounce', 1, '2026-02-17 23:42:10', '2026-02-17 23:42:10'),
('019c6ce8-efac-728b-b5be-0a36a81fe117', 'Kiss', 50, NULL, NULL, 'pop', 1, '2026-02-17 23:42:10', '2026-02-17 23:42:10'),
('019c6ce8-efad-70c2-ae68-959a294e38aa', 'Diamond', 100, NULL, NULL, 'sparkle', 1, '2026-02-17 23:42:10', '2026-02-17 23:42:10'),
('019c6ce8-efae-705f-b356-1093a1063bd7', 'Crown', 500, NULL, NULL, 'glow', 1, '2026-02-17 23:42:10', '2026-02-17 23:42:10'),
('019c6ce8-efaf-7172-8eee-67c4c70b7ff9', 'Rocket', 1000, NULL, NULL, 'launch', 1, '2026-02-17 23:42:10', '2026-02-17 23:42:10');

-- --------------------------------------------------------

--
-- Table structure for table `group_members`
--

CREATE TABLE `group_members` (
  `id` bigint UNSIGNED NOT NULL,
  `chat_group_id` bigint UNSIGNED NOT NULL,
  `user_id` bigint UNSIGNED NOT NULL,
  `role` varchar(20) COLLATE utf8mb4_unicode_ci NOT NULL DEFAULT 'member',
  `created_at` timestamp NULL DEFAULT NULL,
  `updated_at` timestamp NULL DEFAULT NULL
) ENGINE=InnoDB DEFAULT CHARSET=utf8mb4 COLLATE=utf8mb4_unicode_ci;

--
-- Dumping data for table `group_members`
--

INSERT INTO `group_members` (`id`, `chat_group_id`, `user_id`, `role`, `created_at`, `updated_at`) VALUES
(1, 1, 8, 'admin', '2026-02-21 18:18:26', '2026-02-21 18:18:26'),
(2, 1, 6, 'member', '2026-02-21 18:18:26', '2026-02-21 18:18:26'),
(3, 1, 5, 'member', '2026-02-21 18:18:26', '2026-02-21 18:18:26'),
(4, 2, 15, 'admin', '2026-02-26 03:54:46', '2026-02-26 03:54:46'),
(5, 2, 21, 'member', '2026-02-26 03:54:46', '2026-02-26 03:54:46'),
(6, 2, 23, 'member', '2026-02-26 03:54:46', '2026-02-26 03:54:46'),
(7, 3, 6, 'admin', '2026-02-28 07:13:08', '2026-02-28 07:13:08'),
(8, 3, 17, 'member', '2026-02-28 07:13:08', '2026-02-28 07:13:08'),
(10, 3, 5, 'member', '2026-02-28 07:13:08', '2026-02-28 07:13:08'),
(12, 4, 21, 'admin', '2026-02-28 14:13:25', '2026-02-28 14:13:25'),
(13, 4, 6, 'member', '2026-02-28 14:13:25', '2026-02-28 14:13:25'),
(14, 4, 14, 'member', '2026-02-28 14:13:25', '2026-02-28 14:13:25'),
(15, 4, 24, 'member', '2026-02-28 14:13:25', '2026-02-28 14:13:25'),
(16, 5, 21, 'admin', '2026-02-28 14:13:26', '2026-02-28 14:13:26'),
(17, 5, 6, 'member', '2026-02-28 14:13:26', '2026-02-28 14:13:26'),
(18, 5, 14, 'member', '2026-02-28 14:13:26', '2026-02-28 14:13:26'),
(19, 5, 24, 'member', '2026-02-28 14:13:26', '2026-02-28 14:13:26'),
(20, 6, 14, 'admin', '2026-02-28 22:23:27', '2026-02-28 22:23:27'),
(21, 6, 21, 'member', '2026-02-28 22:23:27', '2026-02-28 22:23:27'),
(22, 6, 5, 'member', '2026-02-28 22:23:27', '2026-02-28 22:23:27'),
(23, 6, 6, 'member', '2026-02-28 22:23:27', '2026-02-28 22:23:27'),
(24, 6, 36, 'member', '2026-02-28 22:23:47', '2026-02-28 22:23:47');

-- --------------------------------------------------------

--
-- Table structure for table `jobs`
--

CREATE TABLE `jobs` (
  `id` bigint UNSIGNED NOT NULL,
  `queue` varchar(255) COLLATE utf8mb4_unicode_ci NOT NULL,
  `payload` longtext COLLATE utf8mb4_unicode_ci NOT NULL,
  `attempts` tinyint UNSIGNED NOT NULL,
  `reserved_at` int UNSIGNED DEFAULT NULL,
  `available_at` int UNSIGNED NOT NULL,
  `created_at` int UNSIGNED NOT NULL
) ENGINE=InnoDB DEFAULT CHARSET=utf8mb4 COLLATE=utf8mb4_unicode_ci;

--
-- Dumping data for table `jobs`
--

INSERT INTO `jobs` (`id`, `queue`, `payload`, `attempts`, `reserved_at`, `available_at`, `created_at`) VALUES
(1, 'default', '{\"uuid\":\"6a3ef76e-e717-47cf-b440-3ede2dea7bc5\",\"displayName\":\"App\\\\Jobs\\\\StoreMessageJob\",\"job\":\"Illuminate\\\\Queue\\\\CallQueuedHandler@call\",\"maxTries\":null,\"maxExceptions\":null,\"failOnTimeout\":false,\"backoff\":null,\"timeout\":null,\"retryUntil\":null,\"data\":{\"commandName\":\"App\\\\Jobs\\\\StoreMessageJob\",\"command\":\"O:24:\\\"App\\\\Jobs\\\\StoreMessageJob\\\":6:{s:9:\\\"messageId\\\";i:8;s:14:\\\"conversationId\\\";i:3;s:8:\\\"senderId\\\";i:8;s:10:\\\"senderName\\\";s:4:\\\"Ravi\\\";s:14:\\\"messagePreview\\\";s:5:\\\"Hello\\\";s:8:\\\"imageUrl\\\";N;}\",\"batchId\":null},\"createdAt\":1771679911,\"delay\":null}', 0, NULL, 1771679911, 1771679911),
(2, 'default', '{\"uuid\":\"c677805a-37b8-48a8-9e76-d9d299885069\",\"displayName\":\"App\\\\Jobs\\\\StoreMessageJob\",\"job\":\"Illuminate\\\\Queue\\\\CallQueuedHandler@call\",\"maxTries\":null,\"maxExceptions\":null,\"failOnTimeout\":false,\"backoff\":null,\"timeout\":null,\"retryUntil\":null,\"data\":{\"commandName\":\"App\\\\Jobs\\\\StoreMessageJob\",\"command\":\"O:24:\\\"App\\\\Jobs\\\\StoreMessageJob\\\":6:{s:9:\\\"messageId\\\";i:9;s:14:\\\"conversationId\\\";i:1;s:8:\\\"senderId\\\";i:6;s:10:\\\"senderName\\\";s:5:\\\"Bibhu\\\";s:14:\\\"messagePreview\\\";s:9:\\\"Karo call\\\";s:8:\\\"imageUrl\\\";N;}\",\"batchId\":null},\"createdAt\":1771680300,\"delay\":null}', 0, NULL, 1771680300, 1771680300),
(3, 'default', '{\"uuid\":\"1ff3c939-a1cc-4ce4-9782-f7002f53bf8f\",\"displayName\":\"App\\\\Jobs\\\\StoreMessageJob\",\"job\":\"Illuminate\\\\Queue\\\\CallQueuedHandler@call\",\"maxTries\":null,\"maxExceptions\":null,\"failOnTimeout\":false,\"backoff\":null,\"timeout\":null,\"retryUntil\":null,\"data\":{\"commandName\":\"App\\\\Jobs\\\\StoreMessageJob\",\"command\":\"O:24:\\\"App\\\\Jobs\\\\StoreMessageJob\\\":6:{s:9:\\\"messageId\\\";i:10;s:14:\\\"conversationId\\\";i:1;s:8:\\\"senderId\\\";i:6;s:10:\\\"senderName\\\";s:5:\\\"Bibhu\\\";s:14:\\\"messagePreview\\\";s:15:\\\"Aaraha tha call\\\";s:8:\\\"imageUrl\\\";N;}\",\"batchId\":null},\"createdAt\":1771680381,\"delay\":null}', 0, NULL, 1771680381, 1771680381),
(4, 'default', '{\"uuid\":\"72517a90-beb2-4b32-8b75-5cb65bdd34a2\",\"displayName\":\"App\\\\Jobs\\\\StoreMessageJob\",\"job\":\"Illuminate\\\\Queue\\\\CallQueuedHandler@call\",\"maxTries\":null,\"maxExceptions\":null,\"failOnTimeout\":false,\"backoff\":null,\"timeout\":null,\"retryUntil\":null,\"data\":{\"commandName\":\"App\\\\Jobs\\\\StoreMessageJob\",\"command\":\"O:24:\\\"App\\\\Jobs\\\\StoreMessageJob\\\":6:{s:9:\\\"messageId\\\";i:11;s:14:\\\"conversationId\\\";i:1;s:8:\\\"senderId\\\";i:6;s:10:\\\"senderName\\\";s:5:\\\"Bibhu\\\";s:14:\\\"messagePreview\\\";s:20:\\\"Mai kiya call aaya??\\\";s:8:\\\"imageUrl\\\";N;}\",\"batchId\":null},\"createdAt\":1771680406,\"delay\":null}', 0, NULL, 1771680406, 1771680406),
(5, 'default', '{\"uuid\":\"323b862a-7782-439e-89d0-7c8a984f5c26\",\"displayName\":\"App\\\\Jobs\\\\StoreMessageJob\",\"job\":\"Illuminate\\\\Queue\\\\CallQueuedHandler@call\",\"maxTries\":null,\"maxExceptions\":null,\"failOnTimeout\":false,\"backoff\":null,\"timeout\":null,\"retryUntil\":null,\"data\":{\"commandName\":\"App\\\\Jobs\\\\StoreMessageJob\",\"command\":\"O:24:\\\"App\\\\Jobs\\\\StoreMessageJob\\\":6:{s:9:\\\"messageId\\\";i:12;s:14:\\\"conversationId\\\";i:1;s:8:\\\"senderId\\\";i:6;s:10:\\\"senderName\\\";s:5:\\\"Bibhu\\\";s:14:\\\"messagePreview\\\";s:12:\\\"📷 [Image]\\\";s:8:\\\"imageUrl\\\";N;}\",\"batchId\":null},\"createdAt\":1771680522,\"delay\":null}', 0, NULL, 1771680522, 1771680522),
(6, 'default', '{\"uuid\":\"1c9d1a21-5f28-4e6f-8aa1-b583910f2c87\",\"displayName\":\"App\\\\Jobs\\\\StoreMessageJob\",\"job\":\"Illuminate\\\\Queue\\\\CallQueuedHandler@call\",\"maxTries\":null,\"maxExceptions\":null,\"failOnTimeout\":false,\"backoff\":null,\"timeout\":null,\"retryUntil\":null,\"data\":{\"commandName\":\"App\\\\Jobs\\\\StoreMessageJob\",\"command\":\"O:24:\\\"App\\\\Jobs\\\\StoreMessageJob\\\":6:{s:9:\\\"messageId\\\";i:13;s:14:\\\"conversationId\\\";i:1;s:8:\\\"senderId\\\";i:8;s:10:\\\"senderName\\\";s:4:\\\"Ravi\\\";s:14:\\\"messagePreview\\\";s:12:\\\"📷 [Image]\\\";s:8:\\\"imageUrl\\\";N;}\",\"batchId\":null},\"createdAt\":1771682340,\"delay\":null}', 0, NULL, 1771682340, 1771682340),
(7, 'default', '{\"uuid\":\"d5b13889-edd6-4561-b63b-63e92c1a685f\",\"displayName\":\"App\\\\Jobs\\\\StoreMessageJob\",\"job\":\"Illuminate\\\\Queue\\\\CallQueuedHandler@call\",\"maxTries\":null,\"maxExceptions\":null,\"failOnTimeout\":false,\"backoff\":null,\"timeout\":null,\"retryUntil\":null,\"data\":{\"commandName\":\"App\\\\Jobs\\\\StoreMessageJob\",\"command\":\"O:24:\\\"App\\\\Jobs\\\\StoreMessageJob\\\":6:{s:9:\\\"messageId\\\";i:14;s:14:\\\"conversationId\\\";i:1;s:8:\\\"senderId\\\";i:8;s:10:\\\"senderName\\\";s:4:\\\"Ravi\\\";s:14:\\\"messagePreview\\\";s:3:\\\"Hii\\\";s:8:\\\"imageUrl\\\";N;}\",\"batchId\":null},\"createdAt\":1771682365,\"delay\":null}', 0, NULL, 1771682365, 1771682365),
(8, 'default', '{\"uuid\":\"ac84d151-6239-4fe6-92a0-5fc504fcb608\",\"displayName\":\"App\\\\Jobs\\\\StoreMessageJob\",\"job\":\"Illuminate\\\\Queue\\\\CallQueuedHandler@call\",\"maxTries\":null,\"maxExceptions\":null,\"failOnTimeout\":false,\"backoff\":null,\"timeout\":null,\"retryUntil\":null,\"data\":{\"commandName\":\"App\\\\Jobs\\\\StoreMessageJob\",\"command\":\"O:24:\\\"App\\\\Jobs\\\\StoreMessageJob\\\":6:{s:9:\\\"messageId\\\";i:15;s:14:\\\"conversationId\\\";i:3;s:8:\\\"senderId\\\";i:5;s:10:\\\"senderName\\\";s:9:\\\"Test User\\\";s:14:\\\"messagePreview\\\";s:3:\\\"hii\\\";s:8:\\\"imageUrl\\\";N;}\",\"batchId\":null},\"createdAt\":1771682638,\"delay\":null}', 0, NULL, 1771682638, 1771682638),
(9, 'default', '{\"uuid\":\"5ed86393-f220-47fd-87af-748cd5a24605\",\"displayName\":\"App\\\\Jobs\\\\StoreMessageJob\",\"job\":\"Illuminate\\\\Queue\\\\CallQueuedHandler@call\",\"maxTries\":null,\"maxExceptions\":null,\"failOnTimeout\":false,\"backoff\":null,\"timeout\":null,\"retryUntil\":null,\"data\":{\"commandName\":\"App\\\\Jobs\\\\StoreMessageJob\",\"command\":\"O:24:\\\"App\\\\Jobs\\\\StoreMessageJob\\\":6:{s:9:\\\"messageId\\\";i:16;s:14:\\\"conversationId\\\";i:2;s:8:\\\"senderId\\\";i:5;s:10:\\\"senderName\\\";s:9:\\\"Test User\\\";s:14:\\\"messagePreview\\\";s:5:\\\"hello\\\";s:8:\\\"imageUrl\\\";N;}\",\"batchId\":null},\"createdAt\":1771682678,\"delay\":null}', 0, NULL, 1771682678, 1771682678),
(10, 'default', '{\"uuid\":\"c28de56f-4dfc-4808-9542-e5b4bed82aa8\",\"displayName\":\"App\\\\Jobs\\\\StoreMessageJob\",\"job\":\"Illuminate\\\\Queue\\\\CallQueuedHandler@call\",\"maxTries\":null,\"maxExceptions\":null,\"failOnTimeout\":false,\"backoff\":null,\"timeout\":null,\"retryUntil\":null,\"data\":{\"commandName\":\"App\\\\Jobs\\\\StoreMessageJob\",\"command\":\"O:24:\\\"App\\\\Jobs\\\\StoreMessageJob\\\":6:{s:9:\\\"messageId\\\";i:17;s:14:\\\"conversationId\\\";i:2;s:8:\\\"senderId\\\";i:8;s:10:\\\"senderName\\\";s:4:\\\"Ravi\\\";s:14:\\\"messagePreview\\\";s:3:\\\"Hii\\\";s:8:\\\"imageUrl\\\";N;}\",\"batchId\":null},\"createdAt\":1771682892,\"delay\":null}', 0, NULL, 1771682892, 1771682892),
(11, 'default', '{\"uuid\":\"99f340d9-d344-4fda-b4db-101eba56b86c\",\"displayName\":\"App\\\\Jobs\\\\StoreMessageJob\",\"job\":\"Illuminate\\\\Queue\\\\CallQueuedHandler@call\",\"maxTries\":null,\"maxExceptions\":null,\"failOnTimeout\":false,\"backoff\":null,\"timeout\":null,\"retryUntil\":null,\"data\":{\"commandName\":\"App\\\\Jobs\\\\StoreMessageJob\",\"command\":\"O:24:\\\"App\\\\Jobs\\\\StoreMessageJob\\\":6:{s:9:\\\"messageId\\\";i:18;s:14:\\\"conversationId\\\";i:2;s:8:\\\"senderId\\\";i:8;s:10:\\\"senderName\\\";s:4:\\\"Ravi\\\";s:14:\\\"messagePreview\\\";s:5:\\\"Hello\\\";s:8:\\\"imageUrl\\\";N;}\",\"batchId\":null},\"createdAt\":1771682905,\"delay\":null}', 0, NULL, 1771682905, 1771682905),
(12, 'default', '{\"uuid\":\"5c8cb3fc-889d-4aa5-8ddc-fd3039dbf3f9\",\"displayName\":\"App\\\\Jobs\\\\StoreMessageJob\",\"job\":\"Illuminate\\\\Queue\\\\CallQueuedHandler@call\",\"maxTries\":null,\"maxExceptions\":null,\"failOnTimeout\":false,\"backoff\":null,\"timeout\":null,\"retryUntil\":null,\"data\":{\"commandName\":\"App\\\\Jobs\\\\StoreMessageJob\",\"command\":\"O:24:\\\"App\\\\Jobs\\\\StoreMessageJob\\\":6:{s:9:\\\"messageId\\\";i:19;s:14:\\\"conversationId\\\";i:2;s:8:\\\"senderId\\\";i:5;s:10:\\\"senderName\\\";s:9:\\\"Test User\\\";s:14:\\\"messagePreview\\\";s:3:\\\"Hii\\\";s:8:\\\"imageUrl\\\";N;}\",\"batchId\":null},\"createdAt\":1771684040,\"delay\":null}', 0, NULL, 1771684040, 1771684040),
(13, 'default', '{\"uuid\":\"ef659ef4-6a68-4706-ac9f-1aa67ae54ee6\",\"displayName\":\"App\\\\Jobs\\\\StoreMessageJob\",\"job\":\"Illuminate\\\\Queue\\\\CallQueuedHandler@call\",\"maxTries\":null,\"maxExceptions\":null,\"failOnTimeout\":false,\"backoff\":null,\"timeout\":null,\"retryUntil\":null,\"data\":{\"commandName\":\"App\\\\Jobs\\\\StoreMessageJob\",\"command\":\"O:24:\\\"App\\\\Jobs\\\\StoreMessageJob\\\":6:{s:9:\\\"messageId\\\";i:20;s:14:\\\"conversationId\\\";i:1;s:8:\\\"senderId\\\";i:8;s:10:\\\"senderName\\\";s:4:\\\"Ravi\\\";s:14:\\\"messagePreview\\\";s:5:\\\"Hello\\\";s:8:\\\"imageUrl\\\";N;}\",\"batchId\":null},\"createdAt\":1771684282,\"delay\":null}', 0, NULL, 1771684282, 1771684282),
(14, 'default', '{\"uuid\":\"6f04a93d-19e4-41f7-8c74-10319f4c8f39\",\"displayName\":\"App\\\\Jobs\\\\StoreMessageJob\",\"job\":\"Illuminate\\\\Queue\\\\CallQueuedHandler@call\",\"maxTries\":null,\"maxExceptions\":null,\"failOnTimeout\":false,\"backoff\":null,\"timeout\":null,\"retryUntil\":null,\"data\":{\"commandName\":\"App\\\\Jobs\\\\StoreMessageJob\",\"command\":\"O:24:\\\"App\\\\Jobs\\\\StoreMessageJob\\\":6:{s:9:\\\"messageId\\\";i:21;s:14:\\\"conversationId\\\";i:1;s:8:\\\"senderId\\\";i:6;s:10:\\\"senderName\\\";s:5:\\\"Bibhu\\\";s:14:\\\"messagePreview\\\";s:3:\\\"Hii\\\";s:8:\\\"imageUrl\\\";N;}\",\"batchId\":null},\"createdAt\":1771684293,\"delay\":null}', 0, NULL, 1771684293, 1771684293),
(15, 'default', '{\"uuid\":\"d5bc15f9-d218-4afb-a185-b0a9be358771\",\"displayName\":\"App\\\\Jobs\\\\StoreMessageJob\",\"job\":\"Illuminate\\\\Queue\\\\CallQueuedHandler@call\",\"maxTries\":null,\"maxExceptions\":null,\"failOnTimeout\":false,\"backoff\":null,\"timeout\":null,\"retryUntil\":null,\"data\":{\"commandName\":\"App\\\\Jobs\\\\StoreMessageJob\",\"command\":\"O:24:\\\"App\\\\Jobs\\\\StoreMessageJob\\\":6:{s:9:\\\"messageId\\\";i:22;s:14:\\\"conversationId\\\";i:1;s:8:\\\"senderId\\\";i:8;s:10:\\\"senderName\\\";s:4:\\\"Ravi\\\";s:14:\\\"messagePreview\\\";s:3:\\\"Hii\\\";s:8:\\\"imageUrl\\\";N;}\",\"batchId\":null},\"createdAt\":1771684305,\"delay\":null}', 0, NULL, 1771684305, 1771684305),
(16, 'default', '{\"uuid\":\"16d0ca8a-26ee-46ee-90f1-731ea54a2d6c\",\"displayName\":\"App\\\\Jobs\\\\StoreMessageJob\",\"job\":\"Illuminate\\\\Queue\\\\CallQueuedHandler@call\",\"maxTries\":null,\"maxExceptions\":null,\"failOnTimeout\":false,\"backoff\":null,\"timeout\":null,\"retryUntil\":null,\"data\":{\"commandName\":\"App\\\\Jobs\\\\StoreMessageJob\",\"command\":\"O:24:\\\"App\\\\Jobs\\\\StoreMessageJob\\\":6:{s:9:\\\"messageId\\\";i:23;s:14:\\\"conversationId\\\";i:1;s:8:\\\"senderId\\\";i:8;s:10:\\\"senderName\\\";s:4:\\\"Ravi\\\";s:14:\\\"messagePreview\\\";s:3:\\\"Hel\\\";s:8:\\\"imageUrl\\\";N;}\",\"batchId\":null},\"createdAt\":1771684419,\"delay\":null}', 0, NULL, 1771684419, 1771684419);

-- --------------------------------------------------------

--
-- Table structure for table `job_batches`
--

CREATE TABLE `job_batches` (
  `id` varchar(255) COLLATE utf8mb4_unicode_ci NOT NULL,
  `name` varchar(255) COLLATE utf8mb4_unicode_ci NOT NULL,
  `total_jobs` int NOT NULL,
  `pending_jobs` int NOT NULL,
  `failed_jobs` int NOT NULL,
  `failed_job_ids` longtext COLLATE utf8mb4_unicode_ci NOT NULL,
  `options` mediumtext COLLATE utf8mb4_unicode_ci,
  `cancelled_at` int DEFAULT NULL,
  `created_at` int NOT NULL,
  `finished_at` int DEFAULT NULL
) ENGINE=InnoDB DEFAULT CHARSET=utf8mb4 COLLATE=utf8mb4_unicode_ci;

-- --------------------------------------------------------

--
-- Table structure for table `languages`
--

CREATE TABLE `languages` (
  `id` bigint UNSIGNED NOT NULL,
  `code` varchar(10) COLLATE utf8mb4_unicode_ci NOT NULL,
  `name` varchar(255) COLLATE utf8mb4_unicode_ci NOT NULL,
  `native_name` varchar(255) COLLATE utf8mb4_unicode_ci DEFAULT NULL,
  `sort_order` smallint UNSIGNED NOT NULL DEFAULT '0',
  `created_at` timestamp NULL DEFAULT NULL,
  `updated_at` timestamp NULL DEFAULT NULL
) ENGINE=InnoDB DEFAULT CHARSET=utf8mb4 COLLATE=utf8mb4_unicode_ci;

--
-- Dumping data for table `languages`
--

INSERT INTO `languages` (`id`, `code`, `name`, `native_name`, `sort_order`, `created_at`, `updated_at`) VALUES
(1, 'en', 'English', 'English', 1, '2026-02-20 13:30:38', '2026-02-20 13:30:38'),
(2, 'es', 'Spanish', 'Español', 2, '2026-02-20 13:30:38', '2026-02-20 13:30:38'),
(3, 'fr', 'French', 'Français', 3, '2026-02-20 13:30:38', '2026-02-20 13:30:38'),
(4, 'de', 'German', 'Deutsch', 4, '2026-02-20 13:30:38', '2026-02-20 13:30:38'),
(5, 'hi', 'Hindi', 'हिन्दी', 5, '2026-02-20 13:30:38', '2026-02-20 13:30:38'),
(6, 'ar', 'Arabic', 'العربية', 6, '2026-02-20 13:30:38', '2026-02-20 13:30:38');

-- --------------------------------------------------------

--
-- Table structure for table `levels`
--

CREATE TABLE `levels` (
  `id` tinyint UNSIGNED NOT NULL,
  `min_xp` bigint UNSIGNED NOT NULL DEFAULT '0',
  `max_xp` bigint UNSIGNED NOT NULL,
  `animation_key` varchar(100) COLLATE utf8mb4_unicode_ci DEFAULT NULL,
  `created_at` timestamp NULL DEFAULT NULL,
  `updated_at` timestamp NULL DEFAULT NULL
) ENGINE=InnoDB DEFAULT CHARSET=utf8mb4 COLLATE=utf8mb4_unicode_ci;

--
-- Dumping data for table `levels`
--

INSERT INTO `levels` (`id`, `min_xp`, `max_xp`, `animation_key`, `created_at`, `updated_at`) VALUES
(0, 0, 99, 'level_0', '2026-02-24 19:26:59', '2026-02-24 19:26:59'),
(1, 100, 299, 'level_1', '2026-02-24 19:26:59', '2026-02-24 19:26:59'),
(2, 300, 599, 'level_2', '2026-02-24 19:26:59', '2026-02-24 19:26:59'),
(3, 600, 999, 'level_3', '2026-02-24 19:26:59', '2026-02-24 19:26:59'),
(4, 1000, 1999, 'level_4', '2026-02-24 19:26:59', '2026-02-24 19:26:59'),
(5, 2000, 3499, 'level_5', '2026-02-24 19:26:59', '2026-02-24 19:26:59'),
(6, 3500, 5499, 'level_6', '2026-02-24 19:26:59', '2026-02-24 19:26:59'),
(7, 5500, 8499, 'level_7', '2026-02-24 19:26:59', '2026-02-24 19:26:59'),
(8, 8500, 12999, 'level_8', '2026-02-24 19:26:59', '2026-02-24 19:26:59'),
(9, 13000, 19999, 'level_9', '2026-02-24 19:26:59', '2026-02-24 19:26:59'),
(10, 20000, 999999999, 'level_10', '2026-02-24 19:26:59', '2026-02-24 19:26:59');

-- --------------------------------------------------------

--
-- Table structure for table `messages`
--

CREATE TABLE `messages` (
  `id` bigint UNSIGNED NOT NULL,
  `conversation_id` bigint UNSIGNED NOT NULL,
  `sender_id` bigint UNSIGNED NOT NULL,
  `message_type` varchar(20) COLLATE utf8mb4_unicode_ci NOT NULL DEFAULT 'text',
  `message_text` text COLLATE utf8mb4_unicode_ci,
  `message_media` varchar(500) COLLATE utf8mb4_unicode_ci DEFAULT NULL,
  `sticker_id` varchar(100) COLLATE utf8mb4_unicode_ci DEFAULT NULL,
  `gift_id` bigint UNSIGNED DEFAULT NULL,
  `status` varchar(20) COLLATE utf8mb4_unicode_ci NOT NULL DEFAULT 'sent',
  `message` text COLLATE utf8mb4_unicode_ci NOT NULL,
  `image_url` varchar(500) COLLATE utf8mb4_unicode_ci DEFAULT NULL,
  `created_at` timestamp NULL DEFAULT NULL,
  `updated_at` timestamp NULL DEFAULT NULL
) ENGINE=InnoDB DEFAULT CHARSET=utf8mb4 COLLATE=utf8mb4_unicode_ci;

--
-- Dumping data for table `messages`
--

INSERT INTO `messages` (`id`, `conversation_id`, `sender_id`, `message_type`, `message_text`, `message_media`, `sticker_id`, `gift_id`, `status`, `message`, `image_url`, `created_at`, `updated_at`) VALUES
(1, 1, 6, 'text', 'Hi', NULL, NULL, NULL, 'sent', 'Hi', NULL, '2026-02-21 16:49:22', '2026-02-21 16:49:22'),
(2, 1, 8, 'text', 'Heello', NULL, NULL, NULL, 'sent', 'Heello', NULL, '2026-02-21 16:49:30', '2026-02-21 16:49:30'),
(3, 1, 6, 'text', '🤗', NULL, NULL, NULL, 'sent', '🤗', NULL, '2026-02-21 16:50:10', '2026-02-21 16:50:10'),
(4, 1, 8, 'text', 'Hee', NULL, NULL, NULL, 'sent', 'Hee', NULL, '2026-02-21 16:50:27', '2026-02-21 16:50:27'),
(5, 1, 6, 'text', 'Hii', NULL, NULL, NULL, 'sent', 'Hii', NULL, '2026-02-21 16:51:50', '2026-02-21 16:51:50'),
(6, 1, 8, 'text', 'Han', NULL, NULL, NULL, 'sent', 'Han', NULL, '2026-02-21 16:51:58', '2026-02-21 16:51:58'),
(7, 2, 5, 'text', 'Hii', NULL, NULL, NULL, 'sent', 'Hii', NULL, '2026-02-21 16:54:47', '2026-02-21 16:54:47'),
(8, 3, 8, 'text', 'Hello', NULL, NULL, NULL, 'sent', 'Hello', NULL, '2026-02-21 18:18:31', '2026-02-21 18:18:31'),
(9, 1, 6, 'text', 'Karo call', NULL, NULL, NULL, 'sent', 'Karo call', NULL, '2026-02-21 18:25:00', '2026-02-21 18:25:00'),
(10, 1, 6, 'text', 'Aaraha tha call', NULL, NULL, NULL, 'sent', 'Aaraha tha call', NULL, '2026-02-21 18:26:21', '2026-02-21 18:26:21'),
(11, 1, 6, 'text', 'Mai kiya call aaya??', NULL, NULL, NULL, 'sent', 'Mai kiya call aaya??', NULL, '2026-02-21 18:26:46', '2026-02-21 18:26:46'),
(12, 1, 6, 'text', '📷 [Image]', NULL, NULL, NULL, 'sent', '📷 [Image]', NULL, '2026-02-21 18:28:42', '2026-02-21 18:28:42'),
(13, 1, 8, 'text', '📷 [Image]', NULL, NULL, NULL, 'sent', '📷 [Image]', NULL, '2026-02-21 18:59:00', '2026-02-21 18:59:00'),
(14, 1, 8, 'text', 'Hii', NULL, NULL, NULL, 'sent', 'Hii', NULL, '2026-02-21 18:59:25', '2026-02-21 18:59:25'),
(15, 3, 5, 'text', 'hii', NULL, NULL, NULL, 'sent', 'hii', NULL, '2026-02-21 19:03:58', '2026-02-21 19:03:58'),
(16, 2, 5, 'text', 'hello', NULL, NULL, NULL, 'sent', 'hello', NULL, '2026-02-21 19:04:38', '2026-02-21 19:04:38'),
(17, 2, 8, 'text', 'Hii', NULL, NULL, NULL, 'sent', 'Hii', NULL, '2026-02-21 19:08:12', '2026-02-21 19:08:12'),
(18, 2, 8, 'text', 'Hello', NULL, NULL, NULL, 'sent', 'Hello', NULL, '2026-02-21 19:08:25', '2026-02-21 19:08:25'),
(19, 2, 5, 'text', 'Hii', NULL, NULL, NULL, 'sent', 'Hii', NULL, '2026-02-21 19:27:20', '2026-02-21 19:27:20'),
(20, 1, 8, 'text', 'Hello', NULL, NULL, NULL, 'sent', 'Hello', NULL, '2026-02-21 19:31:22', '2026-02-21 19:31:22'),
(21, 1, 6, 'text', 'Hii', NULL, NULL, NULL, 'sent', 'Hii', NULL, '2026-02-21 19:31:33', '2026-02-21 19:31:33'),
(22, 1, 8, 'text', 'Hii', NULL, NULL, NULL, 'sent', 'Hii', NULL, '2026-02-21 19:31:45', '2026-02-21 19:31:45'),
(23, 1, 8, 'text', 'Hel', NULL, NULL, NULL, 'sent', 'Hel', NULL, '2026-02-21 19:33:39', '2026-02-21 19:33:39'),
(24, 2, 5, 'text', 'hii', NULL, NULL, NULL, 'sent', 'hii', NULL, '2026-02-21 20:02:12', '2026-02-21 20:02:12'),
(25, 2, 8, 'text', 'Hello', NULL, NULL, NULL, 'sent', 'Hello', NULL, '2026-02-21 20:02:30', '2026-02-21 20:02:30'),
(26, 2, 8, 'text', 'Yes', NULL, NULL, NULL, 'sent', 'Yes', NULL, '2026-02-21 20:02:39', '2026-02-21 20:02:39'),
(27, 2, 8, 'text', 'Hello', NULL, NULL, NULL, 'sent', 'Hello', NULL, '2026-02-21 20:29:30', '2026-02-21 20:29:30'),
(28, 2, 5, 'text', 'yes', NULL, NULL, NULL, 'sent', 'yes', NULL, '2026-02-21 20:29:44', '2026-02-21 20:29:44'),
(29, 1, 8, 'text', 'Hii', NULL, NULL, NULL, 'sent', 'Hii', NULL, '2026-02-21 22:18:24', '2026-02-21 22:18:24'),
(30, 1, 6, 'text', 'Hi', NULL, NULL, NULL, 'sent', 'Hi', NULL, '2026-02-21 22:18:34', '2026-02-21 22:18:34'),
(31, 3, 8, 'text', 'Hello', NULL, NULL, NULL, 'sent', 'Hello', NULL, '2026-02-22 00:18:17', '2026-02-22 00:18:17'),
(32, 1, 6, 'text', 'Oye', NULL, NULL, NULL, 'sent', 'Oye', NULL, '2026-02-22 01:54:19', '2026-02-22 01:54:19'),
(33, 1, 6, 'text', 'Hi', NULL, NULL, NULL, 'sent', 'Hi', NULL, '2026-02-22 10:04:45', '2026-02-22 10:04:45'),
(34, 1, 8, 'text', 'Hello', NULL, NULL, NULL, 'sent', 'Hello', NULL, '2026-02-22 10:04:48', '2026-02-22 10:04:48'),
(35, 1, 6, 'text', 'Hi', NULL, NULL, NULL, 'sent', 'Hi', NULL, '2026-02-22 10:05:04', '2026-02-22 10:05:04'),
(36, 1, 8, 'text', 'Hii', NULL, NULL, NULL, 'sent', 'Hii', NULL, '2026-02-22 10:05:07', '2026-02-22 10:05:07'),
(37, 3, 6, 'text', 'Hmm', NULL, NULL, NULL, 'sent', 'Hmm', NULL, '2026-02-22 10:06:35', '2026-02-22 10:06:35'),
(39, 6, 8, 'text', 'Aa jayegi', NULL, NULL, NULL, 'sent', 'Aa jayegi', NULL, '2026-02-22 10:59:54', '2026-02-22 10:59:54'),
(40, 7, 14, 'text', 'Hi', NULL, NULL, NULL, 'sent', 'Hi', NULL, '2026-02-22 11:01:51', '2026-02-22 11:01:51'),
(41, 2, 8, 'text', 'Ji', NULL, NULL, NULL, 'sent', 'Ji', NULL, '2026-02-22 12:07:14', '2026-02-22 12:07:14'),
(42, 11, 15, 'text', 'Hi', NULL, NULL, NULL, 'sent', 'Hi', NULL, '2026-02-22 16:53:27', '2026-02-22 16:53:27'),
(43, 2, 5, 'text', '❤️', NULL, NULL, NULL, 'sent', '❤️', NULL, '2026-02-22 22:38:30', '2026-02-22 22:38:30'),
(44, 1, 6, 'text', 'Hi', NULL, NULL, NULL, 'sent', 'Hi', NULL, '2026-02-23 08:15:08', '2026-02-23 08:15:08'),
(45, 7, 8, 'text', 'Hello', NULL, NULL, NULL, 'sent', 'Hello', NULL, '2026-02-23 08:15:16', '2026-02-23 08:15:16'),
(46, 13, 5, 'text', 'Hello', NULL, NULL, NULL, 'sent', 'Hello', NULL, '2026-02-24 06:54:23', '2026-02-24 06:54:23'),
(47, 13, 5, 'text', '❤️', NULL, NULL, NULL, 'sent', '❤️', NULL, '2026-02-24 07:14:08', '2026-02-24 07:14:08'),
(48, 13, 5, 'text', '👍', NULL, NULL, NULL, 'sent', '👍', NULL, '2026-02-24 07:14:13', '2026-02-24 07:14:13'),
(49, 14, 21, 'text', 'Hello', NULL, NULL, NULL, 'sent', 'Hello', NULL, '2026-02-24 13:55:25', '2026-02-24 13:55:25'),
(50, 16, 21, 'text', 'Hello', NULL, NULL, NULL, 'sent', 'Hello', NULL, '2026-02-24 15:29:17', '2026-02-24 15:29:17'),
(51, 17, 14, 'text', 'Hi', NULL, NULL, NULL, 'sent', 'Hi', NULL, '2026-02-24 17:17:19', '2026-02-24 17:17:19'),
(52, 17, 14, 'text', 'Hello 👋', NULL, NULL, NULL, 'sent', 'Hello 👋', NULL, '2026-02-24 17:25:45', '2026-02-24 17:25:45'),
(53, 18, 15, 'text', 'Hello', NULL, NULL, NULL, 'sent', 'Hello', NULL, '2026-02-24 18:10:07', '2026-02-24 18:10:07'),
(54, 20, 23, 'text', 'Hi', NULL, NULL, NULL, 'sent', 'Hi', NULL, '2026-02-24 19:02:26', '2026-02-24 19:02:26'),
(55, 20, 15, 'text', 'Hi', NULL, NULL, NULL, 'sent', 'Hi', NULL, '2026-02-24 19:04:54', '2026-02-24 19:04:54'),
(56, 20, 23, 'text', '👍', NULL, NULL, NULL, 'sent', '👍', NULL, '2026-02-24 19:05:26', '2026-02-24 19:05:26'),
(57, 17, 6, 'text', 'hello', NULL, NULL, NULL, 'sent', 'hello', NULL, '2026-02-25 01:54:51', '2026-02-25 01:54:51'),
(58, 20, 15, 'gift', NULL, NULL, NULL, 1, 'sent', '', NULL, '2026-02-25 10:03:25', '2026-02-25 10:03:25'),
(59, 20, 15, 'gift', NULL, NULL, NULL, 3, 'sent', '', NULL, '2026-02-25 10:03:43', '2026-02-25 10:03:43'),
(60, 20, 15, 'gift', NULL, NULL, NULL, 4, 'sent', '', NULL, '2026-02-25 10:03:44', '2026-02-25 10:03:44'),
(61, 22, 21, 'text', 'Hii', NULL, NULL, NULL, 'sent', 'Hii', NULL, '2026-02-25 16:30:26', '2026-02-25 16:30:26'),
(62, 22, 26, 'text', 'Hi', NULL, NULL, NULL, 'sent', 'Hi', NULL, '2026-02-25 16:31:55', '2026-02-25 16:31:55'),
(63, 19, 15, 'gift', NULL, NULL, NULL, 1, 'sent', '', NULL, '2026-02-25 23:44:03', '2026-02-25 23:44:03'),
(64, 15, 21, 'gift', NULL, NULL, NULL, 2, 'sent', '', NULL, '2026-02-26 01:03:07', '2026-02-26 01:03:07'),
(65, 15, 14, 'gift', NULL, NULL, NULL, 2, 'sent', '', NULL, '2026-02-26 01:04:49', '2026-02-26 01:04:49'),
(66, 27, 15, 'text', 'Hi', NULL, NULL, NULL, 'sent', 'Hi', NULL, '2026-02-26 03:54:58', '2026-02-26 03:54:58'),
(67, 27, 21, 'text', 'Hello', NULL, NULL, NULL, 'sent', 'Hello', NULL, '2026-02-26 04:02:25', '2026-02-26 04:02:25'),
(68, 35, 31, 'text', 'Hi', NULL, NULL, NULL, 'sent', 'Hi', NULL, '2026-02-26 17:51:35', '2026-02-26 17:51:35'),
(69, 36, 30, 'gift', NULL, NULL, NULL, 2, 'sent', '', NULL, '2026-02-27 03:13:49', '2026-02-27 03:13:49'),
(70, 15, 21, 'text', 'Tmhra aa rha hai', NULL, NULL, NULL, 'sent', 'Tmhra aa rha hai', NULL, '2026-02-27 16:18:37', '2026-02-27 16:18:37'),
(71, 37, 21, 'text', 'Is it showing online', NULL, NULL, NULL, 'sent', 'Is it showing online', NULL, '2026-02-27 16:45:24', '2026-02-27 16:45:24'),
(72, 37, 21, 'text', 'From your side', NULL, NULL, NULL, 'sent', 'From your side', NULL, '2026-02-27 16:45:27', '2026-02-27 16:45:27'),
(73, 37, 27, 'text', 'Call me', NULL, NULL, NULL, 'sent', 'Call me', NULL, '2026-02-27 16:45:28', '2026-02-27 16:45:28'),
(74, 37, 27, 'text', 'Yes', NULL, NULL, NULL, 'sent', 'Yes', NULL, '2026-02-27 16:45:32', '2026-02-27 16:45:32'),
(75, 37, 27, 'text', 'Call me now', NULL, NULL, NULL, 'sent', 'Call me now', NULL, '2026-02-27 16:47:51', '2026-02-27 16:47:51'),
(76, 37, 27, 'text', 'Call now', NULL, NULL, NULL, 'sent', 'Call now', NULL, '2026-02-27 16:53:29', '2026-02-27 16:53:29'),
(77, 22, 21, 'text', 'Hello', NULL, NULL, NULL, 'sent', 'Hello', NULL, '2026-02-27 17:02:42', '2026-02-27 17:02:42'),
(78, 22, 21, 'text', 'Hello', NULL, NULL, NULL, 'sent', 'Hello', NULL, '2026-02-27 17:10:24', '2026-02-27 17:10:24'),
(79, 39, 14, 'text', 'Hi Sir', NULL, NULL, NULL, 'sent', 'Hi Sir', NULL, '2026-02-27 17:20:01', '2026-02-27 17:20:01'),
(80, 15, 14, 'text', 'Utha nahi Raha wo', NULL, NULL, NULL, 'sent', 'Utha nahi Raha wo', NULL, '2026-02-27 17:21:08', '2026-02-27 17:21:08'),
(81, 15, 21, 'text', 'Chhor do', NULL, NULL, NULL, 'sent', 'Chhor do', NULL, '2026-02-27 17:35:09', '2026-02-27 17:35:09'),
(82, 15, 21, 'text', 'Uss pur call nhi jaa rha hai', NULL, NULL, NULL, 'sent', 'Uss pur call nhi jaa rha hai', NULL, '2026-02-27 17:35:15', '2026-02-27 17:35:15'),
(83, 41, 37, 'text', 'Hii', NULL, NULL, NULL, 'sent', 'Hii', NULL, '2026-02-27 18:08:03', '2026-02-27 18:08:03'),
(84, 41, 21, 'text', 'Hello', NULL, NULL, NULL, 'sent', 'Hello', NULL, '2026-02-27 18:08:13', '2026-02-27 18:08:13'),
(85, 22, 26, 'text', 'Hi', NULL, NULL, NULL, 'sent', 'Hi', NULL, '2026-02-27 18:19:32', '2026-02-27 18:19:32'),
(86, 22, 21, 'text', 'Hii', NULL, NULL, NULL, 'sent', 'Hii', NULL, '2026-02-27 18:19:38', '2026-02-27 18:19:38'),
(87, 15, 14, 'text', 'Valltin process bata rahe hai', NULL, NULL, NULL, 'sent', 'Valltin process bata rahe hai', NULL, '2026-02-27 18:21:50', '2026-02-27 18:21:50'),
(88, 22, 21, 'text', 'Aap Karo call', NULL, NULL, NULL, 'sent', 'Aap Karo call', NULL, '2026-02-27 18:26:39', '2026-02-27 18:26:39'),
(89, 22, 21, 'text', 'Hello', NULL, NULL, NULL, 'sent', 'Hello', NULL, '2026-02-27 18:33:02', '2026-02-27 18:33:02'),
(90, 15, 14, 'text', 'Mai call Kiya tho crash nahi hua pr tum kar raha thi ho raha tha', NULL, NULL, NULL, 'sent', 'Mai call Kiya tho crash nahi hua pr tum kar raha thi ho raha tha', NULL, '2026-02-27 18:40:06', '2026-02-27 18:40:06'),
(91, 17, 6, 'gift', NULL, NULL, NULL, 2, 'sent', '', NULL, '2026-02-27 21:46:08', '2026-02-27 21:46:08'),
(92, 17, 14, 'gift', NULL, NULL, NULL, 4, 'sent', '', NULL, '2026-02-27 21:56:16', '2026-02-27 21:56:16'),
(93, 15, 14, 'gift', NULL, NULL, NULL, 5, 'sent', '', NULL, '2026-02-27 21:58:10', '2026-02-27 21:58:10'),
(94, 15, 14, 'gift', NULL, NULL, NULL, 7, 'sent', '', NULL, '2026-02-27 21:58:51', '2026-02-27 21:58:51'),
(95, 17, 6, 'gift', 'Sent a Diamond gift!', NULL, NULL, 4, 'sent', 'Sent a Diamond gift!', NULL, '2026-02-27 22:27:27', '2026-02-27 22:27:27'),
(96, 17, 6, 'gift', 'Sent a Diamond gift!', NULL, NULL, 4, 'sent', 'Sent a Diamond gift!', NULL, '2026-02-27 22:32:03', '2026-02-27 22:32:03'),
(97, 15, 21, 'gift', NULL, NULL, NULL, 4, 'sent', '', NULL, '2026-02-28 02:25:20', '2026-02-28 02:25:20'),
(98, 17, 6, 'gift', 'Sent a Kiss gift!', NULL, NULL, 3, 'sent', 'Sent a Kiss gift!', NULL, '2026-02-28 03:39:24', '2026-02-28 03:39:24'),
(99, 15, 21, 'gift', 'Sent a Kiss gift!', NULL, NULL, 3, 'sent', 'Sent a Kiss gift!', NULL, '2026-02-28 06:49:33', '2026-02-28 06:49:33'),
(100, 15, 14, 'gift', 'Sent a Heart gift!', NULL, NULL, 2, 'sent', 'Sent a Heart gift!', NULL, '2026-02-28 06:49:51', '2026-02-28 06:49:51'),
(101, 15, 21, 'gift', 'Sent a Rose gift!', NULL, NULL, 1, 'sent', 'Sent a Rose gift!', NULL, '2026-02-28 06:49:54', '2026-02-28 06:49:54'),
(102, 15, 14, 'gift', 'Sent a Rose gift!', NULL, NULL, 1, 'sent', 'Sent a Rose gift!', NULL, '2026-02-28 06:50:10', '2026-02-28 06:50:10'),
(103, 15, 21, 'text', '❤️', NULL, NULL, NULL, 'sent', '❤️', NULL, '2026-02-28 06:50:12', '2026-02-28 06:50:12'),
(104, 15, 21, 'gift', 'Sent a Heart gift!', NULL, NULL, 2, 'sent', 'Sent a Heart gift!', NULL, '2026-02-28 06:50:46', '2026-02-28 06:50:46'),
(105, 15, 21, 'gift', 'Sent a Diamond gift!', NULL, NULL, 4, 'sent', 'Sent a Diamond gift!', NULL, '2026-02-28 06:50:54', '2026-02-28 06:50:54'),
(106, 15, 14, 'gift', 'Sent a Kiss gift!', NULL, NULL, 3, 'sent', 'Sent a Kiss gift!', NULL, '2026-02-28 06:50:54', '2026-02-28 06:50:54'),
(107, 15, 21, 'gift', 'Sent a Kiss gift!', NULL, NULL, 3, 'sent', 'Sent a Kiss gift!', NULL, '2026-02-28 06:51:04', '2026-02-28 06:51:04'),
(108, 19, 15, 'text', 'Hello', NULL, NULL, NULL, 'sent', 'Hello', NULL, '2026-02-28 17:00:17', '2026-02-28 17:00:17'),
(109, 18, 19, 'text', 'Hi', NULL, NULL, NULL, 'sent', 'Hi', NULL, '2026-02-28 17:04:06', '2026-02-28 17:04:06'),
(110, 27, 15, 'text', 'Group call to ho rahi yahi to nahi honi chahiye', NULL, NULL, NULL, 'sent', 'Group call to ho rahi yahi to nahi honi chahiye', NULL, '2026-02-28 22:11:08', '2026-02-28 22:11:08'),
(111, 27, 21, 'text', 'Avi updated app bhejunga', NULL, NULL, NULL, 'sent', 'Avi updated app bhejunga', NULL, '2026-02-28 22:11:30', '2026-02-28 22:11:30'),
(112, 27, 15, 'text', 'Ji', NULL, NULL, NULL, 'sent', 'Ji', NULL, '2026-02-28 22:11:57', '2026-02-28 22:11:57'),
(113, 27, 15, 'text', 'Hestry hata diya kya', NULL, NULL, NULL, 'sent', 'Hestry hata diya kya', NULL, '2026-02-28 22:12:45', '2026-02-28 22:12:45'),
(114, 48, 1, 'system', 'Bibhu De left this group', NULL, NULL, NULL, 'sent', 'Bibhu De left this group', NULL, '2026-02-28 22:22:03', '2026-02-28 22:22:03'),
(115, 15, 14, 'gift', 'Sent a Diamond gift!', NULL, NULL, 4, 'sent', 'Sent a Diamond gift!', NULL, '2026-02-28 22:33:15', '2026-02-28 22:33:15'),
(116, 48, 1, 'system', 'Ravi Roushan left this group', NULL, NULL, NULL, 'sent', 'Ravi Roushan left this group', NULL, '2026-02-28 22:33:19', '2026-02-28 22:33:19'),
(117, 15, 14, 'text', 'Karu call', NULL, NULL, NULL, 'sent', 'Karu call', NULL, '2026-02-28 22:33:38', '2026-02-28 22:33:38'),
(118, 15, 21, 'gift', 'Sent a Heart gift!', NULL, NULL, 2, 'sent', 'Sent a Heart gift!', NULL, '2026-02-28 22:33:38', '2026-02-28 22:33:38');

-- --------------------------------------------------------

--
-- Table structure for table `migrations`
--

CREATE TABLE `migrations` (
  `id` int UNSIGNED NOT NULL,
  `migration` varchar(255) COLLATE utf8mb4_unicode_ci NOT NULL,
  `batch` int NOT NULL
) ENGINE=InnoDB DEFAULT CHARSET=utf8mb4 COLLATE=utf8mb4_unicode_ci;

--
-- Dumping data for table `migrations`
--

INSERT INTO `migrations` (`id`, `migration`, `batch`) VALUES
(1, '0001_01_01_000000_create_users_table', 1),
(2, '0001_01_01_000001_create_cache_table', 1),
(3, '0001_01_01_000002_create_jobs_table', 1),
(4, '2024_01_01_000000_add_chataura_fields_to_users', 2),
(5, '2024_01_01_000001_create_rooms_table', 3),
(6, '2024_01_01_000002_create_room_members_table', 3),
(7, '2024_01_01_000003_create_seats_table', 3),
(8, '2024_01_01_000004_create_gift_types_table', 3),
(9, '2024_01_01_000005_create_transactions_table', 3),
(10, '2024_01_01_000006_create_refresh_tokens_table', 3),
(12, '2024_01_01_000007_fix_users_email_nullable', 4),
(13, '2025_02_17_000001_add_profile_and_chat_tables', 5),
(14, '2025_02_17_000002_add_user_followers_and_friendship_status', 6),
(15, '2025_02_21_000000_add_image_url_to_messages_table', 7),
(16, '2025_02_21_100000_create_user_devices_table', 8),
(17, '2025_02_21_100001_add_performance_indexes_for_chat', 8),
(18, '2025_02_21_200000_upgrade_messages_table_for_realtime', 9),
(19, '2025_02_21_200001_create_call_logs_table', 10),
(20, '2025_02_21_300000_add_sticker_and_gift_to_messages', 11),
(21, '2025_02_22_000000_chat_calling_schema_extensions', 12),
(22, '2025_02_22_100000_create_call_sessions_table', 13),
(23, '2025_02_20_000000_ensure_users_fcm_token', 14),
(24, '2025_02_22_120000_add_wallet_fields_to_users_table', 15),
(25, '2025_02_22_120001_create_admin_settings_table', 15),
(26, '2025_02_22_120002_create_wallet_packages_table', 15),
(27, '2025_02_22_120003_create_virtual_gifts_table', 15),
(28, '2025_02_22_120004_create_wallet_transactions_table', 15),
(29, '2025_02_22_120005_create_coin_transactions_table', 15),
(30, '2026_02_22_100000_wallet_system_add_users_columns', 15),
(31, '2026_02_24_100000_add_role_to_users_table', 16),
(32, '2026_02_25_100000_create_calls_table', 17),
(33, '2026_02_25_120000_create_levels_table', 18),
(34, '2026_02_25_120001_create_frames_table', 18),
(35, '2026_02_25_120002_add_xp_and_selected_frame_to_users_table', 18),
(36, '2026_02_25_120003_create_user_unlocked_frames_table', 18),
(37, '2026_02_25_120004_seed_levels_and_default_frames', 18),
(38, '2026_02_26_100000_add_animation_key_and_is_active_to_frames_table', 19),
(39, '2026_02_26_200000_add_room_lifecycle_to_rooms_table', 20),
(40, '2026_02_26_200001_add_role_and_is_active_to_room_members_table', 20),
(42, '2026_02_26_200002_add_is_locked_to_seats_table', 21),
(43, '2026_02_26_200003_ensure_is_active_on_room_members_table', 22),
(44, '2026_02_26_200004_add_profile_fields_to_users_table', 23),
(45, '2026_02_26_200005_add_display_id_to_rooms_table', 24),
(46, '2026_02_26_200006_add_last_seen_at_to_users_table', 25),
(47, '2026_02_26_200007_create_countries_table', 26),
(48, '2026_02_26_200008_set_countries_to_india_bangladesh_nepal_philippines_japan_uae', 27),
(49, '2026_02_26_200009_add_referral_balance_to_users_table', 28),
(50, '2026_02_26_200010_add_referral_settings_to_admin_settings_table', 28),
(51, '2026_02_26_200011_create_referral_history_table', 28),
(52, '2026_02_26_200012_add_rarity_to_virtual_gifts_table', 29),
(53, '2026_02_26_200013_create_wealth_privileges_table', 29),
(54, '2026_02_27_000001_add_eligibility_filters_to_rooms_table', 30),
(55, '2026_02_28_000001_add_status_to_user_followers_table', 31),
(56, '2026_02_28_000002_add_friendships_friend_id_status_index', 32),
(57, '2026_02_28_100000_add_last_heartbeat_at_to_calls_table', 33),
(58, '2026_02_28_200000_create_withdrawal_requests_table', 34),
(59, '2026_02_26_220000_create_room_themes_table', 35),
(60, '2026_02_26_220001_add_animation_url_to_virtual_gifts_table', 35),
(61, '2026_02_26_220002_add_animation_url_to_gift_types_table', 35),
(62, '2026_02_26_220003_add_theme_id_to_rooms_table', 35),
(63, '2026_02_28_210001_add_ifsc_code_to_withdrawal_requests_table', 36),
(64, '2026_02_28_210002_add_international_fields_to_withdrawal_requests_table', 36);

-- --------------------------------------------------------

--
-- Table structure for table `password_reset_tokens`
--

CREATE TABLE `password_reset_tokens` (
  `email` varchar(255) COLLATE utf8mb4_unicode_ci NOT NULL,
  `token` varchar(255) COLLATE utf8mb4_unicode_ci NOT NULL,
  `created_at` timestamp NULL DEFAULT NULL
) ENGINE=InnoDB DEFAULT CHARSET=utf8mb4 COLLATE=utf8mb4_unicode_ci;

-- --------------------------------------------------------

--
-- Table structure for table `referral_history`
--

CREATE TABLE `referral_history` (
  `id` bigint UNSIGNED NOT NULL,
  `referrer_id` bigint UNSIGNED NOT NULL,
  `referee_id` bigint UNSIGNED NOT NULL,
  `referrer_amount` int UNSIGNED NOT NULL DEFAULT '0' COMMENT 'Credited to referrer referral_balance',
  `referee_amount` int UNSIGNED NOT NULL DEFAULT '0' COMMENT 'Credited to referee referral_balance',
  `created_at` timestamp NULL DEFAULT NULL,
  `updated_at` timestamp NULL DEFAULT NULL
) ENGINE=InnoDB DEFAULT CHARSET=utf8mb4 COLLATE=utf8mb4_unicode_ci;

--
-- Dumping data for table `referral_history`
--

INSERT INTO `referral_history` (`id`, `referrer_id`, `referee_id`, `referrer_amount`, `referee_amount`, `created_at`, `updated_at`) VALUES
(1, 6, 28, 100, 50, '2026-02-26 01:50:57', '2026-02-26 01:50:57');

-- --------------------------------------------------------

--
-- Table structure for table `refresh_tokens`
--

CREATE TABLE `refresh_tokens` (
  `id` char(36) COLLATE utf8mb4_unicode_ci NOT NULL,
  `user_id` bigint UNSIGNED NOT NULL,
  `token` varchar(500) COLLATE utf8mb4_unicode_ci NOT NULL,
  `expires_at` timestamp NOT NULL,
  `created_at` timestamp NULL DEFAULT NULL,
  `updated_at` timestamp NULL DEFAULT NULL
) ENGINE=InnoDB DEFAULT CHARSET=utf8mb4 COLLATE=utf8mb4_unicode_ci;

--
-- Dumping data for table `refresh_tokens`
--

INSERT INTO `refresh_tokens` (`id`, `user_id`, `token`, `expires_at`, `created_at`, `updated_at`) VALUES
('019c6cf4-e76e-71e3-a865-fbd53478e17e', 1, 'ab18e378895bafc8ff292f9d6f781d05c3157a108e485765d7af1e4f77ba9bd1', '2026-03-19 22:55:15', '2026-02-17 23:55:15', '2026-02-17 23:55:15'),
('019c6cf8-2331-70a3-98e6-cc3a0bc70619', 2, 'a705d48f7e8a04667bf93ddabc2a615cf21fe354059ed06fef9792ef6fa45e84', '2026-03-19 22:58:47', '2026-02-17 23:58:47', '2026-02-17 23:58:47'),
('019c6cf8-8f8f-7075-86d0-1223c93846a2', 3, 'be17b44214cecc2bb44a91706acbec12c765096001c25b7638e5acadcfa12c3e', '2026-03-19 22:59:14', '2026-02-17 23:59:14', '2026-02-17 23:59:14'),
('019c6cfd-fe23-732f-bb63-533a03f9c5b6', 4, '566c45baa1d9cc6f340ba943cb13d8b56bed2c3fe02f92f3bb7844bd59f30ec2', '2026-03-19 23:05:10', '2026-02-18 00:05:10', '2026-02-18 00:05:10'),
('019c6d02-a44f-708e-9806-367351c843cd', 5, '6182cb4b4f2797b37fa75a9d0132085bcf3a0c9a1ad6f8d901d0344f2ab3aa64', '2026-03-19 23:10:15', '2026-02-18 00:10:15', '2026-02-18 00:10:15'),
('019c6d02-f836-70dc-b130-8cad52e8604f', 5, '16eff21fd50f9155a90872d37fc02e7e581bda8a5b85f63d4dd347e8dfced8f0', '2026-03-19 23:10:37', '2026-02-18 00:10:37', '2026-02-18 00:10:37'),
('019c6d03-1903-7194-a7d3-2566b01dafdc', 5, 'e746e30985091c041616c98ca041f7354520d4b35a93052dcf16b1c23d74a237', '2026-03-19 23:10:45', '2026-02-18 00:10:45', '2026-02-18 00:10:45'),
('019c7012-283e-702a-8780-e5eed3b341b0', 5, '778cd13c7f79ca5719ac520aff0e523de53a9951024e409658852b49af282a6a', '2026-03-20 13:26:04', '2026-02-18 14:26:04', '2026-02-18 14:26:04'),
('019c70c1-bc6a-7242-b3db-245953740d95', 5, '88264b4802b8a98d86fd744d899fc7db7db805b24fdf621357c9352f1ecb1a55', '2026-03-20 16:37:50', '2026-02-18 17:37:50', '2026-02-18 17:37:50'),
('019c70f9-5c17-7354-abb1-ae57dfb96f9e', 5, '0b77df371c4d73b02f4d249bd6068cd01a1a9626c6d5d3e6cd5574814da217a7', '2026-03-20 17:38:36', '2026-02-18 18:38:36', '2026-02-18 18:38:36'),
('019c7138-19bb-728c-bff1-1d53ccf6c406', 5, '5fbf3e1dddcb901be2d7fe16a8fd806595514312e7a48dfe3842bcc38d9e385e', '2026-03-20 18:47:07', '2026-02-18 19:47:07', '2026-02-18 19:47:07'),
('019c7443-1231-7251-9b7a-8e3b2b503ce3', 5, 'e795b1caa3d7813a4bb4a75115038bbc0fb3a634520a090b3d0be8dd3016212c', '2026-03-21 08:57:58', '2026-02-19 09:57:58', '2026-02-19 09:57:58'),
('019c746a-72a3-70aa-9c52-8161765dd909', 6, 'b3f845168d301bc4f3d15690f086ad76b2ae4c1e7fba9ab5e1b2c75d20d4a0f3', '2026-03-21 09:40:59', '2026-02-19 10:40:59', '2026-02-19 10:40:59'),
('019c747c-6b58-7388-b30c-0a01f132ca77', 5, '2125b52986c5faa16c2fce0fda318d466938bb7474e377c6fdc7de2dbfdcb07f', '2026-03-21 10:00:36', '2026-02-19 11:00:36', '2026-02-19 11:00:36'),
('019c74b3-43dd-73e8-920e-828d2bdeb3df', 6, 'e6a5a26ffd9a152c47877277a34ad2c61d1f0c76fe72af2add0bc327c202a68c', '2026-03-21 11:00:31', '2026-02-19 12:00:31', '2026-02-19 12:00:31'),
('019c74b3-f6d4-7238-913c-d2a688724c35', 5, 'a6303388d7fd708a5239e9803e1c4baa2957b68c937f2d5d0a0a13c5f99592d6', '2026-03-21 11:01:17', '2026-02-19 12:01:17', '2026-02-19 12:01:17'),
('019c74d2-0c38-7132-ae8e-78651912f08a', 7, 'e920c22fc7b45789ad7eb46dfcc8eb0326479a06be54c7cf29e99456eeaf9096', '2026-03-21 11:34:08', '2026-02-19 12:34:08', '2026-02-19 12:34:08'),
('019c7506-3a3d-73bb-ac18-c8816b77cb7d', 5, 'd20e0f7045e26114ac5fcbcc4932c6abc6f7fff6bbff72d938cf8774f1b5dd40', '2026-03-21 12:31:08', '2026-02-19 13:31:08', '2026-02-19 13:31:08'),
('019c7509-5553-71a0-a381-40323dafa2b1', 6, '7e401ba884d75d8855f1971127ed36744a3e04a899c4ee20d5c0c6eea457e599', '2026-03-21 12:34:31', '2026-02-19 13:34:31', '2026-02-19 13:34:31'),
('019c7541-8c02-71e6-ac13-361d0ffe5b96', 5, 'a99624fad886017e9549836f8f8a9a0637b04710d67c1f2e476a6c6bcf81466f', '2026-03-21 13:35:55', '2026-02-19 14:35:55', '2026-02-19 14:35:55'),
('019c7544-ab10-7245-b68b-7b2037908c3e', 5, 'b1c3fb9b99aa9202b8619b04dfc7e9d201cb6b3525d30501691983b6c9eb0f50', '2026-03-21 13:39:19', '2026-02-19 14:39:20', '2026-02-19 14:39:20'),
('019c7557-ca44-7156-a156-e63f5c4ffebc', 5, '7dd58c6a1c0790a579f8b993f9f5b5c681a3bf14f73339e6c23e931893b41b0c', '2026-03-21 14:00:13', '2026-02-19 15:00:13', '2026-02-19 15:00:13'),
('019c7559-68f5-712f-9cba-c4f7e9cca666', 6, 'a264695e8da46782c420b92d53714c54f92957643fb7ea3a1751760418f2a90d', '2026-03-21 14:01:59', '2026-02-19 15:01:59', '2026-02-19 15:01:59'),
('019c7560-9887-73c1-8943-575ed57d228e', 6, '2623fe4bef50760dd81953f867a5237d2df9ef3344b0755993790beeffd0fd3d', '2026-03-21 14:09:50', '2026-02-19 15:09:50', '2026-02-19 15:09:50'),
('019c75a4-d262-7176-a6a4-2cef9b1d6c34', 6, 'b1181c62460b5a0169717d7b6e2bfb134b2ff6402b13d0cba7fa713ce00d1f82', '2026-03-21 15:24:21', '2026-02-19 16:24:22', '2026-02-19 16:24:22'),
('019c75a5-773a-7223-86b0-0a90cd52e698', 5, '6d8d4545be8f6eafd9f43a5d8f9038808c5211a695d209435fdcd7c2011bdbf5', '2026-03-21 15:25:02', '2026-02-19 16:25:04', '2026-02-19 16:25:04'),
('019c75b5-0f9e-735a-9819-e8a599d0ffa7', 5, '962645205fe1a1a9ae6527084c5436fd33f6fe4e962d683dc7364d22b75b83fe', '2026-03-21 15:42:05', '2026-02-19 16:42:06', '2026-02-19 16:42:06'),
('019c7653-cd06-7315-a0c7-e5adc1d6302f', 6, '1dd287ef3a94552e838a4a5dd518f04565a9bfb46512d2f2e9e8c8e64e67f04c', '2026-03-21 18:35:29', '2026-02-19 19:35:29', '2026-02-19 19:35:29'),
('019c7676-771e-73f2-b659-c0ef374d87f6', 5, 'd55c268f8730c76d296e3f04c2f599806981a4332bdad91b44c2e2f15c4654d2', '2026-03-21 19:13:21', '2026-02-19 20:13:21', '2026-02-19 20:13:21'),
('019c7676-e5aa-70c8-9882-060d3b99c782', 6, '770f8ad47c9c47240f3ecca3d436dd1e7abed92011cd0f7bc65d46701bd7ee4d', '2026-03-21 19:13:49', '2026-02-19 20:13:49', '2026-02-19 20:13:49'),
('019c76cb-2c40-7187-ac2c-e362bc1b378e', 5, '1ed453f415cfa2d184922bfa413922c1358907fec713c0e7cf61f3ccc234d2bb', '2026-03-21 20:45:52', '2026-02-19 21:45:52', '2026-02-19 21:45:52'),
('019c76e1-c8b8-70e7-9e7f-6bc5de4e0d0a', 6, '99621fb57b22da32669a53671ec56f9b342ea7220a6ae82c923c3514e88a383e', '2026-03-21 21:10:34', '2026-02-19 22:10:34', '2026-02-19 22:10:34'),
('019c76e9-2173-71a3-b32f-101032b6e154', 9, 'ccee28f6bd643b5b98cb2be1db650521964c20247d7207ed717b1c1e1a7c51d8', '2026-03-21 21:18:35', '2026-02-19 22:18:35', '2026-02-19 22:18:35'),
('019c76eb-a82e-7194-af28-b7b628b06a3f', 9, '1e47d6bf968d72f7b2b63cf73af98a6191e99b728b27503bf83fe09815262803', '2026-03-21 21:21:21', '2026-02-19 22:21:21', '2026-02-19 22:21:21'),
('019c772c-3052-7028-9864-d4cd742fc1f5', 5, 'e65aa19589330ed5c256dfa5103c07f8fcda0ad60aab210df2e49fc46528a5d4', '2026-03-21 22:31:50', '2026-02-19 23:31:50', '2026-02-19 23:31:50'),
('019c772f-7db3-72de-896c-368f5836c788', 6, 'adb17eed6e098a49ca1c0a1d8fbe9f1dacafbd09b8e6c424dde1de7e5167df7e', '2026-03-21 22:35:27', '2026-02-19 23:35:27', '2026-02-19 23:35:27'),
('019c777e-24a7-72f2-b0e6-b35103b2e3a0', 6, '9d36b5db9b2ed06c46b05d9c4a680d73d0700599066d3f21e34e6f0d457fa7c8', '2026-03-22 00:01:21', '2026-02-20 01:01:21', '2026-02-20 01:01:21'),
('019c7b14-9240-7265-b64e-de83bf70d117', 5, '6d81491a232e8ef937f4adbf8f205b4f1f75bbb54bffe883d972ee6d3cd101d7', '2026-03-22 16:44:31', '2026-02-20 17:44:31', '2026-02-20 17:44:31'),
('019c7c24-7057-703f-88b0-55ed3742ac12', 12, 'd8b76cee430b866894f3f88bad894b99b06634ab8e8f26f7209ad3cf5899e01f', '2026-03-22 21:41:28', '2026-02-20 22:41:28', '2026-02-20 22:41:28'),
('019c7c55-13da-7090-b896-48d07739893c', 5, 'daacd042d1afe17d44689b4fbd0e4f23cbef7784b98772440b4be7ff47b590a8', '2026-03-22 22:34:36', '2026-02-20 23:34:36', '2026-02-20 23:34:36'),
('019c7e3f-eb51-70b4-b8cd-47621660c8c0', 5, '0d6f44cef241f0096d25bd2f3fa9e5c91990c369feca095aafc98ad3f86af3cc', '2026-03-23 07:30:43', '2026-02-21 08:30:44', '2026-02-21 08:30:44'),
('019c7ec3-4069-70de-a0a3-04d102908b7b', 5, 'fc39716e3ed763851f9ed6b227605579e3ac948971a86c8ad463aafbdc0b741f', '2026-03-23 09:54:11', '2026-02-21 10:54:11', '2026-02-21 10:54:11'),
('019c809b-996e-7395-af9c-1f1a14f5dc7d', 6, '1955f6bd70ba7368e624b559694e2a8b8a2abd47494cd2f79aee7e16d8d48061', '2026-03-23 18:30:06', '2026-02-21 19:30:06', '2026-02-21 19:30:06'),
('019c8135-1ec3-733c-abef-83ecc898a6ef', 13, 'ba687528593b24017f27af54a4523ffb9faf3edb3f09ac5f9eb5383c0269c2c6', '2026-03-23 21:17:48', '2026-02-21 22:17:48', '2026-02-21 22:17:48'),
('019c81c3-b56a-734b-b379-54fe93b61f98', 5, 'd10a584f52c9b4f05bb1abd4baaa50cf9988b06e93d2d9034c02dda7e28d53b1', '2026-03-23 23:53:32', '2026-02-22 00:53:32', '2026-02-22 00:53:32'),
('019c83f9-4506-7124-a3e5-6f3a0da814df', 15, '8b39f5cd976b68db6dc5a35b5ac1053fc977b93480943a712167f3323057311f', '2026-03-24 10:11:17', '2026-02-22 11:11:17', '2026-02-22 11:11:17'),
('019c8430-0d9c-7148-9f8e-b73bb42bc67d', 14, 'a871a16458b5e47006b9d5249b10bcdcbf82b2ffab371e912143223b76df998e', '2026-03-24 11:11:07', '2026-02-22 12:11:07', '2026-02-22 12:11:07'),
('019c8481-426d-701c-882a-410ae100135e', 14, '24961e746302e753f755a34090c13ba3dffaa969dfcd95727e6f7c32f9c593a8', '2026-03-24 12:39:49', '2026-02-22 13:39:49', '2026-02-22 13:39:49'),
('019c8482-473c-7030-8e5f-18ed01d57c68', 14, 'b6d266772e204733e9428d0dd1646d70d658b21eb60df3bfee54bd4643d4a698', '2026-03-24 12:40:56', '2026-02-22 13:40:56', '2026-02-22 13:40:56'),
('019c84a5-c497-71dc-ada9-5327d51a5d49', 14, 'a4c2eaafcdef21d89deb797828e797024d5c4c5ace25d317af66e78e9292593e', '2026-03-24 13:19:42', '2026-02-22 14:19:42', '2026-02-22 14:19:42'),
('019c84a6-1dd8-71c1-af5d-5941fea69ba3', 16, '0bdc0e7cabf81e624d715f70663ef25dfa3b58e05a39993aebff32c74f41c732', '2026-03-24 13:20:05', '2026-02-22 14:20:05', '2026-02-22 14:20:05'),
('019c84a6-4078-7268-84ca-c8bfc6f76f37', 14, '5492d48971233e62453f247598ea02faa01d8cd9bbf821ce759064df933edb37', '2026-03-24 13:20:13', '2026-02-22 14:20:13', '2026-02-22 14:20:13'),
('019c84a6-811c-7319-a40f-5557c2497038', 17, '206c7048b22ac37462cd79a6c74400673fc7805f464f138eff9653a46bf7aaf1', '2026-03-24 13:20:30', '2026-02-22 14:20:30', '2026-02-22 14:20:30'),
('019c84a7-4adf-728f-9fe8-296663210bf0', 6, 'c290d43d87788f49b71dd97a6c818d5f49fbc66342c1bf6f3152112593561269', '2026-03-24 13:21:22', '2026-02-22 14:21:22', '2026-02-22 14:21:22'),
('019c84f2-158c-70be-aeb4-14c67da8e30f', 16, 'ecec504f4cc3fa1147e747da17ca0683756f8729bd1db3fb02d962821058df51', '2026-03-24 14:43:03', '2026-02-22 15:43:03', '2026-02-22 15:43:03'),
('019c8531-2223-73af-b002-e2b0e54f4d4a', 18, 'd8e710aeccd818ef17dbd92dee4f79516c9ce07e2359fb1506b30ee3dec6e0d2', '2026-03-24 15:51:55', '2026-02-22 16:51:55', '2026-02-22 16:51:55'),
('019c8536-01e1-7174-9729-c43055f4e553', 5, 'cbeb36842985cfda755338c4cc07074ceae03113a545bf4253012715d2dbef0e', '2026-03-24 15:57:15', '2026-02-22 16:57:15', '2026-02-22 16:57:15'),
('019c8566-484b-7290-b835-918edcda624b', 6, 'dd398d3ccbf364ebce24f71142e798a00e3d7abf2a897198db587a26360c3024', '2026-03-24 22:19:58', '2026-02-22 23:19:58', '2026-02-22 23:19:58'),
('019c8573-9632-705d-a9ab-8895fa2a619a', 5, '326cc39bc4b7b8efdbec0f706954c79bf0f06245c7a57cb5fd6654133a9af80d', '2026-03-24 22:34:30', '2026-02-22 23:34:30', '2026-02-22 23:34:30'),
('019c85a6-4cca-7057-844e-0d7c9f682209', 6, '562c65c75d642c51c9ca072e9771cadab8c06e4e3f53cafc92c9192b621e943a', '2026-03-24 23:29:54', '2026-02-23 00:29:54', '2026-02-23 00:29:54'),
('019c85a8-c27e-72cd-948d-bfddfc84f7fa', 14, '0db4f423ba62866becf0d5fad003afbe71bf4862129fede3c39407551aa73e47', '2026-03-24 23:32:35', '2026-02-23 00:32:35', '2026-02-23 00:32:35'),
('019c85aa-bfe1-722d-8cb7-c024aa865421', 5, 'ca714d74ed0f0b1c6358bf05a2d455f8d69c4364fe0328b44da67cd8717c3517', '2026-03-24 23:34:45', '2026-02-23 00:34:45', '2026-02-23 00:34:45'),
('019c85e1-ef3b-7095-8e86-9c6b34a12c51', 5, 'e20f471a4bba8d26302c075ac5a6a747ffda12bc901c6930bd992c1a592f1681', '2026-03-25 00:35:02', '2026-02-23 01:35:02', '2026-02-23 01:35:02'),
('019c85fc-e499-7054-a059-80d9380f00c0', 6, '71d68a85bf4e330a109d4a49382b86994d89ec4a08d26fa9fc718639ccdce296', '2026-03-25 01:04:29', '2026-02-23 02:04:29', '2026-02-23 02:04:29'),
('019c8618-eddb-7184-921f-96ba229dd1ab', 5, 'ce0dc211f975e079ce8533e6f868d9933adee61f8a5a1189147c25a99bdc58b2', '2026-03-25 01:35:06', '2026-02-23 02:35:06', '2026-02-23 02:35:06'),
('019c8638-ae79-72e2-b58e-4bb3632976b9', 6, 'b5fb3de0d3b588e01ab1fccfd34242171f933f3c7bb2e7cde1dd5662ee175c9f', '2026-03-25 02:09:47', '2026-02-23 03:09:47', '2026-02-23 03:09:47'),
('019c8648-ebb4-7019-b693-3fd6df046be5', 15, '4c9677a0c82944d664ff4ce47d3a7a0e47987bc4a2a7844e273f5e62db315c27', '2026-03-25 02:27:30', '2026-02-23 03:27:31', '2026-02-23 03:27:31'),
('019c8649-5ad8-7133-a590-f1a145c4b67d', 15, 'f89be0481e998b2b43b22e7ca35f2e8eb7230b1c7be7243e1e1234a9d09659d1', '2026-03-25 02:27:58', '2026-02-23 03:28:00', '2026-02-23 03:28:00'),
('019c865c-d1b2-7176-a0cd-ead3fdebb455', 5, '4078779a4a55dbe916efdc1d5170d88ff6e33d60093526b8a18276ef463ce45c', '2026-03-25 02:49:14', '2026-02-23 03:49:16', '2026-02-23 03:49:16'),
('019c865e-33f1-7212-aa77-761b128074f4', 5, '40e4f6fb067f4b8949bb4dae2651968de731512b00b1efd233a6a694055a9730', '2026-03-25 02:50:44', '2026-02-23 03:50:46', '2026-02-23 03:50:46'),
('019c865e-f4bb-73a7-8062-4742f040ed2c', 5, 'bfaa713167c853733c290c5e9529d17ad6b88422c29d9335d973799a4560600a', '2026-03-25 02:51:34', '2026-02-23 03:51:35', '2026-02-23 03:51:35'),
('019c865f-7b9e-738b-8e0c-6c65654236dc', 5, '2e3d56279018879b831355860c0c8ed5c0e14835a077f7758679399db532f8b4', '2026-03-25 02:52:10', '2026-02-23 03:52:10', '2026-02-23 03:52:10'),
('019c8662-8ff2-7351-bb9c-7c3e00ddae66', 5, '1b65e96fa837b84c2b2a14d79ad7380808c831d05cf3b11e8bc15618faf5b0f7', '2026-03-25 02:55:31', '2026-02-23 03:55:32', '2026-02-23 03:55:32'),
('019c8677-559d-723e-9815-91751c89e9c5', 5, '94f8a9f96e665bb135fc6e223dd4a7c4ebbd1ae3dae46cf3d8aef9b8eb77ff0e', '2026-03-25 03:18:13', '2026-02-23 04:18:13', '2026-02-23 04:18:13'),
('019c86ae-6b62-73c2-bf0a-ef6ca895213c', 5, '9795b29ef379238d4e63a748b373446ad83105844fbb0b92b3877c106eff38fa', '2026-03-25 04:18:23', '2026-02-23 05:18:23', '2026-02-23 05:18:23'),
('019c86e5-ba50-707f-9c85-348430d0cf05', 5, '4e971750bbe1d7d5d07e8be68e89930563f29d4dedf3d9f137f2e42a11aacfb4', '2026-03-25 05:18:48', '2026-02-23 06:18:48', '2026-02-23 06:18:48'),
('019c871d-30b0-7099-93d9-0d50e878389c', 5, 'bc066f5e4349fd5299f7512b69fc94d6df23f339627ad7d54187777c064dc22b', '2026-03-25 06:19:23', '2026-02-23 07:19:23', '2026-02-23 07:19:23'),
('019c874e-62b3-72cc-a31f-9c1e27105e4f', 6, '8f8680174360cf70548f78d006c751ab8f327bfe4f4cdc09ff1d49109173c245', '2026-03-25 07:13:07', '2026-02-23 08:13:07', '2026-02-23 08:13:07'),
('019c87a3-a442-7195-b06f-c64a7ba0a9ee', 15, 'e0f7629ca360139b0302ba1a5f91343077d84347b3e6393bde9e27e0b3c2520a', '2026-03-25 08:46:14', '2026-02-23 09:46:14', '2026-02-23 09:46:14'),
('019c8887-deec-71e4-831b-8c6d50f3fb10', 15, '43595debbcfa0137f108adb30fba8684e971a3514761ca0ca17d0f397da6ee50', '2026-03-25 12:55:29', '2026-02-23 13:55:31', '2026-02-23 13:55:31'),
('019c8888-a6a2-7194-b7bb-f00a504b493e', 15, '42a12c9f5b71bff9e326419cd20b039b0a332cdeb4c1596122bd3523b127e3cc', '2026-03-25 12:56:17', '2026-02-23 13:56:24', '2026-02-23 13:56:24'),
('019c8933-9f1c-7108-b416-33232923c0d7', 15, '3ee62bb7c2464ba643dd874c131e8159b3f7e7e9f01eb823c8427065255a8a06', '2026-03-25 16:03:06', '2026-02-23 17:03:07', '2026-02-23 17:03:07'),
('019c8963-f8bc-718b-afb4-542dc09e1ec8', 15, '10988920a037a5c9f322ea1427bdc310e14333ed3e1d645a99f81163a7896f79', '2026-03-25 16:55:56', '2026-02-23 17:55:56', '2026-02-23 17:55:56'),
('019c89a0-2086-707c-847a-a8472216d56a', 15, '4e172a5818529c1984a494042f9e4925e0a0e57e39f15fef2a21339b893942c7', '2026-03-25 18:01:37', '2026-02-23 19:01:38', '2026-02-23 19:01:38'),
('019c89a0-acf5-7290-8893-762e633bab3c', 15, '7c01376fcc907784991064a6cdf3f772c1b6a9823657733c974aff9df9bf6d6a', '2026-03-25 18:02:13', '2026-02-23 19:02:14', '2026-02-23 19:02:14'),
('019c89e7-f5f8-720a-afb9-9d048db85c63', 5, '1b97352f6ed7276a25d2ce6851fc37b8c22b1cf09dd4f0e5b288d6b23c20d310', '2026-03-25 19:20:06', '2026-02-23 20:20:06', '2026-02-23 20:20:06'),
('019c8a3d-3c62-7195-9736-78951adbcd93', 19, 'f868c60d7fb973d80bdce171b4d21a2327aba468aca81f8e72af23696142dc78', '2026-03-25 20:53:14', '2026-02-23 21:53:14', '2026-02-23 21:53:14'),
('019c8a7f-86fe-73b4-b76f-8ac3c367a298', 15, 'a1461bc2613e395d609a9f2f0862c6cfb6cf698d950cfd0f7060c4105b4a2074', '2026-03-25 22:05:39', '2026-02-23 23:05:39', '2026-02-23 23:05:39'),
('019c8ac0-1435-7274-968b-24c5d1e3a77c', 15, 'c6235f7def28f5d9a57b2fbe3a6ef88c201953b5cd840a92b59e7f82dbc266c8', '2026-03-25 23:16:09', '2026-02-24 00:16:09', '2026-02-24 00:16:09'),
('019c8ae0-a491-7216-9150-392c5e6b7205', 5, '37e958be13b9c25186b890ab15a2f4f138b76970d13e88fc9fd3f8a780716703', '2026-03-25 23:51:43', '2026-02-24 00:51:43', '2026-02-24 00:51:43'),
('019c8b06-40fc-7288-91ba-67c0af762dd1', 6, 'c28fe0dc102781988ba161f1285afa6124faeecae406433033989e83f956e0b8', '2026-03-26 00:32:48', '2026-02-24 01:32:48', '2026-02-24 01:32:48'),
('019c8b1c-072e-7183-90f7-1a811e3520fa', 5, '35303444a9137bca012dd80f0e8a098eb2772f0860be80311c179414b99d6181', '2026-03-26 00:56:35', '2026-02-24 01:56:35', '2026-02-24 01:56:35'),
('019c8b63-b809-729a-a934-af42d3ec99ff', 15, '7ecbddf04be747950a90b72456ecc9eeb251a622d7199b29d291f48f50503039', '2026-03-26 02:14:54', '2026-02-24 03:14:54', '2026-02-24 03:14:54'),
('019c8b63-f400-7166-8776-3e9bfb0c63aa', 5, '0561cf03b00bf7517c36584c3ff91a8dae21c2d172426ac585a1a93f21e7a061', '2026-03-26 02:15:09', '2026-02-24 03:15:09', '2026-02-24 03:15:09'),
('019c8b9d-8fb6-73e0-ae43-8da3241e4fd2', 5, 'a3c5e38c92d5fef6e1334ddab1c3a626290c07b7768fde33bd66eec810dfefc1', '2026-03-26 03:18:04', '2026-02-24 04:18:04', '2026-02-24 04:18:04'),
('019c8be1-3dc1-73ff-99ea-1647f665cb4b', 5, 'a88b9b97041fa107f96b3f3678f16cac67e1d59b413a7e6e7c0024338e424fa0', '2026-03-26 04:32:00', '2026-02-24 05:32:00', '2026-02-24 05:32:00'),
('019c8c04-b63a-7065-8664-e4fe37600d49', 21, '9df799fb99d0fd43a99844c8da0cd3831d8c1cdaa01fe8dfd729df0f15224583', '2026-03-26 05:10:44', '2026-02-24 06:10:44', '2026-02-24 06:10:44'),
('019c8c18-50c4-710f-bc07-615e85abc133', 5, 'd05687b004ac62ed48e0ee8868e547aee3a22c998700009b87f82132e5db2bee', '2026-03-26 05:32:09', '2026-02-24 06:32:09', '2026-02-24 06:32:09'),
('019c8c1e-5935-73a8-b37f-632d25db6dcc', 14, '7060700a41e232e6692f502494c40b99b111a98e9dd4c60f79adc61f2d540c38', '2026-03-26 05:38:45', '2026-02-24 06:38:45', '2026-02-24 06:38:45'),
('019c8c22-a2c5-70b8-a380-b6c8f71fa290', 5, '6df4352ba97e202c63001c069cead5da54d8350b3d5fa914bca82b5968e47184', '2026-03-26 05:43:26', '2026-02-24 06:43:26', '2026-02-24 06:43:26'),
('019c8c69-c078-71bd-8d5b-8827b2b83b0f', 22, '24f5b31039f196b1821ef0057777d876cbff287854742bf691a3e9da700cea80', '2026-03-26 07:01:06', '2026-02-24 08:01:06', '2026-02-24 08:01:06'),
('019c8c72-d394-7131-a8cf-4e2196586461', 5, '573142e937c9114ad6e2f9f76d2c2b0a4b14dfa9f5d0d240e872c1ac330ec9c5', '2026-03-26 07:11:01', '2026-02-24 08:11:01', '2026-02-24 08:11:01'),
('019c8ca8-96ba-7019-b42c-58d3764fac11', 15, '7a2c57162931c2544f54b3b639de72b35f0446ee04c1708a58c04644efc5a4f0', '2026-03-26 08:09:44', '2026-02-24 09:09:44', '2026-02-24 09:09:44'),
('019c8da1-909f-71e6-bf77-77c4931ae664', 22, 'f2c6ce1878f17113c7c8133821d8fe25b396af3992a82d1948d22f388e85b521', '2026-03-26 12:41:41', '2026-02-24 13:41:41', '2026-02-24 13:41:41'),
('019c8da9-eccb-7124-8a08-81cbc26bf6ed', 14, 'cd8f3976c5e7449142420922a1643f86114027a571d3ff56572db4d927a1b84a', '2026-03-26 12:50:49', '2026-02-24 13:50:49', '2026-02-24 13:50:49'),
('019c8daa-c3a7-7350-b7fc-24ea5b2943cb', 14, '327250f1ddcc1d4c2156539afc1b01b5a2e9e347799dbb6f19cd65fa67225271', '2026-03-26 12:51:44', '2026-02-24 13:51:44', '2026-02-24 13:51:44'),
('019c8dac-48c1-73b8-9d64-aea2dd884f8a', 21, 'a64109cbcd9b88ac5966f8fde9646bdd14e1cd8ef9324d4bace8f1dfe17ed120', '2026-03-26 12:53:24', '2026-02-24 13:53:24', '2026-02-24 13:53:24'),
('019c8dc7-98fe-7178-95c5-6f14d823d426', 15, '83b35e5f54b0cdfc0e5c6f99a336dadbdbd6d1afd81ba9a12bc829091c501343', '2026-03-26 13:23:14', '2026-02-24 14:23:14', '2026-02-24 14:23:14'),
('019c8df4-90b7-704f-897d-673322c8eba7', 22, 'ed8631fbe30e5445c8c241978c7a3751f88137db466cf07dacd47906bbf938d3', '2026-03-26 14:12:21', '2026-02-24 15:12:21', '2026-02-24 15:12:21'),
('019c8e00-118d-7181-80d2-1dd56b613ad0', 15, '5fe140cffac68eda634472059dccf726098d5971cdf66e16c0409cd941a3af9d', '2026-03-26 14:24:55', '2026-02-24 15:24:55', '2026-02-24 15:24:55'),
('019c8e03-64bb-7031-bc66-d92b2e0bed25', 21, '50ca665bf55855eae1449d653ee3476ee44d4fa9697d13f9b077f36307409c0d', '2026-03-26 14:28:33', '2026-02-24 15:28:33', '2026-02-24 15:28:33'),
('019c8e1c-98a1-70c8-98d1-a75c68db7b35', 14, '99fd245b061b7143dee9576fb5fb686a7deadeb8f2de325ae63ce7aa124ffab4', '2026-03-26 14:56:04', '2026-02-24 15:56:04', '2026-02-24 15:56:04'),
('019c8e3c-f8ba-7034-a889-6ab526851742', 19, 'a663f42c7839cdb14b9fca6a2004523aea3dcd9c4f67334b1df5f14b62d9f469', '2026-03-26 15:31:26', '2026-02-24 16:31:26', '2026-02-24 16:31:26'),
('019c8e4e-c270-7226-b16a-576c7c18ce57', 6, '449488692f4fdc389bd53aa218bd691fb561feb98e318f48c942acaa8987a8c9', '2026-03-26 15:50:52', '2026-02-24 16:50:52', '2026-02-24 16:50:52'),
('019c8e66-70fd-7367-94db-09a6f8d68fb2', 14, '2cf04d2983d6e99e16d100888452a59a4394495858a64f3cdc992abd99ab7518', '2026-03-26 16:16:44', '2026-02-24 17:16:44', '2026-02-24 17:16:44'),
('019c8e72-737e-70ae-be48-ef924f646732', 6, '627a6d17f0e40aa5bad8be7232bc539140d2ab7a563c27173f787b6e703c0dcd', '2026-03-26 16:29:51', '2026-02-24 17:29:51', '2026-02-24 17:29:51'),
('019c8e8d-31d8-73c8-b994-067df730f1f7', 15, '601e870b96fc773cc4f99a85346c5b6106ef7cf7e247da32448983d6c955c739', '2026-03-26 16:59:03', '2026-02-24 17:59:03', '2026-02-24 17:59:03'),
('019c8e9a-e776-7274-b3c7-3a272a7d8b3b', 21, 'eaf725f957b0b13796d3bdd7e61876b7f9b6ed22da0086b5eb43a0b0d2d9a335', '2026-03-26 17:14:02', '2026-02-24 18:14:02', '2026-02-24 18:14:02'),
('019c8eab-3882-72da-bd07-808ef21f648e', 15, 'b3415331094938d51a82a836bcc6f3b6036da1583f25e0820c5d9b07c07ddf57', '2026-03-26 17:31:51', '2026-02-24 18:31:51', '2026-02-24 18:31:51'),
('019c8ebb-90e3-721f-92b1-1949936dafea', 6, 'd89fa8caf4d3cf078ccf808c192e845910cb2c3e627b558e7d7edff9d62f456b', '2026-03-26 17:49:42', '2026-02-24 18:49:42', '2026-02-24 18:49:42'),
('019c8ec6-a52e-7359-9f4b-89c4a7ee1ab8', 23, 'ba950b97dd55e32ab545f455f2ba1fd349174c290f6ffa7d734aa2ec73b6ff24', '2026-03-26 18:01:49', '2026-02-24 19:01:49', '2026-02-24 19:01:49'),
('019c8ef2-a792-7156-ab1c-f7f0ccce110a', 6, '3dd166b28d6702db644abce7f30c15df5e42ecc2f1662477f4602444382331bf', '2026-03-26 18:49:53', '2026-02-24 19:49:53', '2026-02-24 19:49:53'),
('019c8f0e-040b-7062-b53a-d31c43f5629c', 15, 'f316050316ff47df9fedcf6999558a859d8bed6518d1e66adc9afb6cf70d41ee', '2026-03-26 19:19:46', '2026-02-24 20:19:46', '2026-02-24 20:19:46'),
('019c8f30-6626-7030-ba58-9c51cfb8758d', 6, '8dd3ea8d49321101e91d3022e4d242743ba86969245028d45885a5d306da2056', '2026-03-26 19:57:19', '2026-02-24 20:57:19', '2026-02-24 20:57:19'),
('019c8f54-8c96-7017-8f17-631475e6f069', 6, '304153cbc902d2a018058c04b5b359f0ff92280c672015cb9805e2383ded89e4', '2026-03-26 20:36:48', '2026-02-24 21:36:48', '2026-02-24 21:36:48'),
('019c8f6a-8dd4-7363-aad2-4628f9855fe3', 15, '58cfa8a867ae451d3be030fdac2ac94abb85eb9855311700937507ed9b3bda10', '2026-03-26 21:00:50', '2026-02-24 22:00:50', '2026-02-24 22:00:50'),
('019c8faf-b3ee-7355-80e3-053b344ab407', 6, '158de57ac53b04dbaf61b2fff476c3f51059fcae653974c2c4d96a9ab79f36f9', '2026-03-26 22:16:22', '2026-02-24 23:16:22', '2026-02-24 23:16:22'),
('019c9006-d751-70aa-9338-c724e55344d8', 6, '0fd265decd170a6eed9f273e77fde8374e09b35c359fb4ca484019624d19c074', '2026-03-26 23:51:33', '2026-02-25 00:51:33', '2026-02-25 00:51:33'),
('019c9012-94a7-727c-8da0-2247c1ca5caf', 21, '24fe681dcfecbb5ae1da9f298001b56eca6ed5e2aa9a2fe70b1f273fe1e49ed2', '2026-03-27 00:04:22', '2026-02-25 01:04:22', '2026-02-25 01:04:22'),
('019c901e-b30c-70f0-982e-61783db9fff6', 6, 'edfaad08a8986548ef1089cc8bb7fc8ffa9f908429e4ae812aa938d11c458ec5', '2026-03-27 00:17:36', '2026-02-25 01:17:36', '2026-02-25 01:17:36'),
('019c902c-e359-7052-99a5-7e5fccc84641', 14, '7006e9f48b20e0623e095c38225b985d9434c99f8d654b81006ae4906748ecfa', '2026-03-27 00:33:06', '2026-02-25 01:33:06', '2026-02-25 01:33:06'),
('019c9032-e9d7-7086-a2c8-669717597524', 14, '32bf91aa31e1f94d903672309f2202da3232e3f431e5663719178b2a1a8c8058', '2026-03-27 00:39:41', '2026-02-25 01:39:41', '2026-02-25 01:39:41'),
('019c904a-09b7-7165-b85b-feac010ba3d9', 21, '64ece900a6222f94e4c885dc7a73eb51540eab453d2d1dc9dff99d7c0b6c7113', '2026-03-27 01:04:57', '2026-02-25 02:04:57', '2026-02-25 02:04:57'),
('019c9058-28c5-7267-b2f8-40fb455daa59', 6, '11059f931ce67435fc74c03ee16cf0adcadf51994963f91ee660fb74f30b197d', '2026-03-27 01:20:22', '2026-02-25 02:20:22', '2026-02-25 02:20:22'),
('019c906b-30d5-733d-8cff-326354ff5cf2', 14, 'b80aeba915ec1d610f6fc282843539dde3624bcd35e3ffe5dd413e228209e4b3', '2026-03-27 01:41:09', '2026-02-25 02:41:09', '2026-02-25 02:41:09'),
('019c90ab-2fcc-71a8-a89e-a3174559c7da', 14, 'd649ce48ef8a34fc0fa5e983446643f2cb931de36e7f491c80793a9785ec6725', '2026-03-27 02:51:03', '2026-02-25 03:51:03', '2026-02-25 03:51:03'),
('019c90ad-f241-71da-969d-c6ec5828abf5', 6, '6b5d2fd258e417e5f7a80ec5f08d6de118b6c2e2a31ba80fd9b8abe27554512f', '2026-03-27 02:54:04', '2026-02-25 03:54:04', '2026-02-25 03:54:04'),
('019c90de-095f-7398-b5de-0583a0e3fefd', 14, '45e02c8214260aff48bcaee43e5860d675415bdb38d1ce99daaad59d21f44852', '2026-03-27 03:46:36', '2026-02-25 04:46:36', '2026-02-25 04:46:36'),
('019c90ef-c46d-73f5-99a5-c0a8bc98160d', 24, '6f98f4a41e0b804529d71363b335b510c49cad52322e50673eca8c0d0cd24e57', '2026-03-27 04:05:58', '2026-02-25 05:05:58', '2026-02-25 05:05:58'),
('019c9122-3175-70e9-8f3b-ceeea8d0bf91', 21, '47d844f6365868db4a4899babb2008ebd19b6fd113b06bce8abf071d680f38d4', '2026-03-27 05:01:03', '2026-02-25 06:01:03', '2026-02-25 06:01:03'),
('019c9122-eee4-732e-9033-1602a5adf2b7', 14, '8ec793eb62fb08baba1076483f70f9bfa75bb3d1ab45a0bee59819bc2be3c0ec', '2026-03-27 05:01:51', '2026-02-25 06:01:51', '2026-02-25 06:01:51'),
('019c9127-24de-73a0-b0ae-c83f52a0e10b', 24, 'c30765bba3e23550e40f673a77b76605619765386beb4e28a452f6e44f58d802', '2026-03-27 05:06:27', '2026-02-25 06:06:27', '2026-02-25 06:06:27'),
('019c9159-f278-7279-8738-ba4682914762', 21, '0ff6e8fc8e9f2a86b4071e23abeef37d0a373bb7b480434ae862a85b87a3cd11', '2026-03-27 06:01:57', '2026-02-25 07:01:57', '2026-02-25 07:01:57'),
('019c915f-6b52-7213-b97b-e72d630dff59', 24, 'e181edcc97e3281ee35d8a199b834e344a3aa6e06019350f11f445dc4b727fd9', '2026-03-27 06:07:55', '2026-02-25 07:07:55', '2026-02-25 07:07:55'),
('019c9196-c678-719b-91f7-f052d4126c94', 24, 'b5029c600df64a5b8d51b9cc58d87fb1558e9a4bc0d1d7b4d6d37d4e47c962cc', '2026-03-27 07:08:23', '2026-02-25 08:08:23', '2026-02-25 08:08:23'),
('019c91ce-36aa-715f-a704-03443e68d284', 24, 'b011d134faf16e7959c4d4d91ac67ed9fe594794aa69a5a8700b26072b1eafbd', '2026-03-27 08:08:56', '2026-02-25 09:08:56', '2026-02-25 09:08:56'),
('019c91d5-8d53-734f-b514-118f8b55fb1a', 15, '059f77b14d05b1c7ade715106cb4947b1a8282b0e2edfb5b3e98adf5b42e1c72', '2026-03-27 08:16:57', '2026-02-25 09:16:57', '2026-02-25 09:16:57'),
('019c91e9-8ef4-73b8-b8bf-f30da6352302', 23, 'f196940c216d434741a1f26c1a3c23effd95579c2845e40071563c5be5daa73a', '2026-03-27 08:38:48', '2026-02-25 09:38:48', '2026-02-25 09:38:48'),
('019c91f3-b061-72df-8706-94649f35331f', 21, 'a8f506d1e21d6f894bc7b425c86c85e37b28db03aa37162fbfcdee327838d8fd', '2026-03-27 08:49:52', '2026-02-25 09:49:52', '2026-02-25 09:49:52'),
('019c91f7-ea98-709b-885f-e2f722ce3538', 15, '7f4c25737a1a23d784312bd61cb85b5eaf98bbb383bfa2c9fa1e9ef88a12dc49', '2026-03-27 08:54:29', '2026-02-25 09:54:29', '2026-02-25 09:54:29'),
('019c9213-7acd-7074-8d2c-7c5f0c536593', 24, '6f298e95dadf947ebd8f7c6ca9a1fef49a56efb4340a27dfc6f3689b481fd9e3', '2026-03-27 09:24:36', '2026-02-25 10:24:36', '2026-02-25 10:24:36'),
('019c9261-9ba6-7054-bc00-1f01c88a45a5', 24, '02d32f9e4d2e41ceed4724479634da137f9d1d49ce097a1488c56429c5882c73', '2026-03-27 10:49:56', '2026-02-25 11:49:56', '2026-02-25 11:49:56'),
('019c92a8-bf6c-72d0-b541-769094451d12', 24, '9791cc102b67af64ebb919b18ee9d585ba18432ecde66a59564e54d8866a1dd6', '2026-03-27 12:07:38', '2026-02-25 13:07:38', '2026-02-25 13:07:38'),
('019c92d8-e232-7305-afcc-9df949f4832c', 15, '49b09978047840eda8366553faec331db7ca6299daa6c9f53ec9ad6b0743a2f7', '2026-03-27 13:00:13', '2026-02-25 14:00:13', '2026-02-25 14:00:13'),
('019c92e2-7c46-721a-8403-041827c6d591', 24, '06684d00372a2340bf4f51b355e6b5fd741d3929cda49e9408d7cf5a4eab9f10', '2026-03-27 13:10:42', '2026-02-25 14:10:42', '2026-02-25 14:10:42'),
('019c9321-3246-71d1-af34-e01c72a1c6d3', 24, 'a8b02622c508988466874105ec4b0149de19a2245a49d6153b8e73045b6d66f5', '2026-03-27 14:19:12', '2026-02-25 15:19:12', '2026-02-25 15:19:12'),
('019c933e-651c-73a5-acf1-c9b8980c6f37', 21, 'f81a9d76cee2b63d6ac85205a50d59bfc78bd309a3a53463720a3c32b5b00887', '2026-03-27 14:51:05', '2026-02-25 15:51:05', '2026-02-25 15:51:05'),
('019c9359-2e81-70c0-8116-ea2549c43e0e', 24, 'fb1bd17b054c7bb28e2b124c30dafe51fa846d2fd7d2ef278a5ba14ed2bf3fe6', '2026-03-27 15:20:21', '2026-02-25 16:20:21', '2026-02-25 16:20:21'),
('019c935d-5ed8-72d4-860d-012ed28dab89', 26, '8de73830bc5598a748e8d6231dfde0c763abbc449122daaffbfc434b34fb0f42', '2026-03-27 15:24:55', '2026-02-25 16:24:55', '2026-02-25 16:24:55'),
('019c935f-e387-707d-a265-55789bf1b05f', 14, '065f5a9b10e69e1818db275466c5b5875952cd66b57f0a56cec3ad0c76e2b3b6', '2026-03-27 15:27:40', '2026-02-25 16:27:40', '2026-02-25 16:27:40'),
('019c9360-cef2-708e-8d8f-90da7a2ec54a', 6, '6d8931dee2cf685c78fa5488d347e51716affb886c707a4398daf6febb08e8e4', '2026-03-27 15:28:41', '2026-02-25 16:28:41', '2026-02-25 16:28:41'),
('019c93a4-1545-7264-950e-17daec383996', 15, 'a9084c4c28864355a4df2f8298aa5cf9d49c294560ba7ee003a1cdc342e75aff', '2026-03-27 16:42:10', '2026-02-25 17:42:10', '2026-02-25 17:42:10'),
('019c93bd-e68d-72a8-8309-bc80a7d3222c', 6, '1557a6dd04734cdecc803638e7d3a9045e873e8620da6da4352d01a5752aca96', '2026-03-27 17:10:21', '2026-02-25 18:10:22', '2026-02-25 18:10:22'),
('019c93d1-6fed-72cb-9db5-af73668569dd', 14, '13d15efc8cd1a99df8775d52a6f583ccf5576e24078fe025b3fcc86446c41681', '2026-03-27 17:31:42', '2026-02-25 18:31:42', '2026-02-25 18:31:42'),
('019c93f9-09bd-73f8-b339-ed114798aa3e', 6, 'cee93f87f8deda1dbc5da1cb0fe2f16549a369638ae21acfb198e0a6b206d3d1', '2026-03-27 18:14:57', '2026-02-25 19:14:57', '2026-02-25 19:14:57'),
('019c9405-2aa0-717e-bfc2-af1cf93a0308', 14, '90f2213717583e74744bf78336c0720cd8742b87422157f115fee38677f5b3e5', '2026-03-27 18:28:12', '2026-02-25 19:28:12', '2026-02-25 19:28:12'),
('019c9440-8ace-704e-a329-ce2d29eea43b', 6, 'f6112cf260ac2575e96223b29deda9407b6a84135851d18f4aca8a177561c81e', '2026-03-27 19:33:03', '2026-02-25 20:33:03', '2026-02-25 20:33:03'),
('019c9491-8018-706a-8b6d-6da78556acd2', 15, '898cbbca3b5c54d04a176c2a7fc6897fdd7244b2998fca26aa66c400e41fd02b', '2026-03-27 21:01:29', '2026-02-25 22:01:29', '2026-02-25 22:01:29'),
('019c9495-ba5b-719a-93f4-b23ce79fb6c8', 6, '7dbd199c4edb8ec2bc1eb39457ab8b92b842f7f5e1948b8d5ba4ee472807e657', '2026-03-27 21:06:06', '2026-02-25 22:06:06', '2026-02-25 22:06:06'),
('019c9497-7458-7068-bc87-685075a3085c', 14, '0d45bde4b6c97f80899d5e7a15ff72e818e1fd37e68beef9a9c1843c3f3ca296', '2026-03-27 21:07:59', '2026-02-25 22:07:59', '2026-02-25 22:07:59'),
('019c94ad-31eb-73b6-ae68-e2f221d862c4', 21, '4d30f4c502889480bc1c1620e46cc6b7064dee56a13a4b50f9fd980e00ebe3d0', '2026-03-27 21:31:44', '2026-02-25 22:31:44', '2026-02-25 22:31:44'),
('019c94b6-a3d5-70ec-a458-b228f90a032d', 27, 'a16faaefba0a7bc79b3a9e89ab3a347f317b65d5537cca1a88a723495f211b08', '2026-03-27 21:42:03', '2026-02-25 22:42:03', '2026-02-25 22:42:03'),
('019c94be-33f4-72c4-9371-0951a23bb3c8', 6, 'd547fc3fe8b8779315615146169fb6e3ab692ca3d19915bcb3176dfab87511ba', '2026-03-27 21:50:19', '2026-02-25 22:50:19', '2026-02-25 22:50:19'),
('019c94ed-584a-70be-bb62-d679b56f1ed8', 15, 'dcbb435c8c24eb9a69a3f52730b88a93c7c88345606ff354e9a7efd0459b519e', '2026-03-27 22:41:48', '2026-02-25 23:41:48', '2026-02-25 23:41:48'),
('019c9532-fc0c-715a-83a7-8004c02c856f', 14, '3b9b3e35f5cd8375515d38be0c007428b0245ed1e1159f8ced3d0c5d0f95c5a5', '2026-03-27 23:57:52', '2026-02-26 00:57:52', '2026-02-26 00:57:52'),
('019c953c-fb71-71c2-a8f3-1a1fcfcfab16', 6, 'bc3c8724a4fefe8238c9615b27daa2fcf663e3f84d1b97ec1be2d961c53669dc', '2026-03-28 00:08:47', '2026-02-26 01:08:47', '2026-02-26 01:08:47'),
('019c9542-321d-738e-aba2-73a0862352e3', 14, 'a259514cd619d87711cc442323a345c2bb01a394cfb6ad75061816a99d093ce9', '2026-03-28 00:14:29', '2026-02-26 01:14:29', '2026-02-26 01:14:29'),
('019c9583-b892-7104-aec9-46f16bfe7972', 6, 'feae295540d76a59f008ca6b07d476e6bf1c388f21a8fcf56cec0ff976f45b61', '2026-03-28 01:26:03', '2026-02-26 02:26:03', '2026-02-26 02:26:03'),
('019c9585-7567-7030-b07e-e32b20350a7b', 14, '8697ec8457c14c8107ef446f96981f38645433cf5c4c457237a888c278994d58', '2026-03-28 01:27:57', '2026-02-26 02:27:57', '2026-02-26 02:27:57'),
('019c958a-1975-7104-9dfb-12bd9fc74e34', 21, 'e21c500b0ef88781b16c826d79c358ee14f683ab5d857be9300b94bf4faabbec', '2026-03-28 01:33:01', '2026-02-26 02:33:01', '2026-02-26 02:33:01'),
('019c95a2-5909-71b8-b2c0-35befe31d190', 5, '8cfe52acfaebcfb044a5f31a065a82d8e5e7c4a6d45ef3b8367ae4ecaa6bceb9', '2026-03-28 01:59:30', '2026-02-26 02:59:30', '2026-02-26 02:59:30'),
('019c95bc-aaa1-7198-a6f9-7e5aa921ba49', 5, 'eb6786a5fe8ebaa9b7b931371ecb1ba522f1239a3e6ce78dd72e483189321b0e', '2026-03-28 02:28:15', '2026-02-26 03:28:15', '2026-02-26 03:28:15'),
('019c95d3-a9a8-70a6-96dd-43fe7164f948', 15, '863570ef027d4e32697ffc76ba5b008eaddd9c5a69bc60947e0767d466a785d2', '2026-03-28 02:53:22', '2026-02-26 03:53:22', '2026-02-26 03:53:22'),
('019c95db-38d0-701c-94a8-3854cba2f0f5', 21, '35843c09cf6846f3e543ed5c05cf5b55f8c50c76af641a7ca0778712dce24880', '2026-03-28 03:01:38', '2026-02-26 04:01:38', '2026-02-26 04:01:38'),
('019c9614-7ef8-7319-8baf-43b3953e8df5', 5, '7bcaa7e8653a92b808cf94c50546859159852e053d5a06e9f63f99d31a093dcf', '2026-03-28 04:04:11', '2026-02-26 05:04:11', '2026-02-26 05:04:11'),
('019c9626-b2d6-72a9-9466-330d28b55481', 14, 'f18e6d884242f778ae9958eb5cccdeef03a3dedf9c04c6cfe208f3179cad82cc', '2026-03-28 04:24:04', '2026-02-26 05:24:04', '2026-02-26 05:24:04'),
('019c9628-463f-700c-b8ac-b971a6d5dbfe', 29, '2b943cc0558e1f77c412f654132f6126cd53eb31c6259e426958ba72e803dad2', '2026-03-28 04:25:47', '2026-02-26 05:25:47', '2026-02-26 05:25:47'),
('019c964b-c296-73e3-bf14-667d555db5e9', 5, '4d3ea832d5db8629d8cd7dd6be3c535cff44c8a5741bc3b0a0fd8546cbf7f6d4', '2026-03-28 05:04:33', '2026-02-26 06:04:33', '2026-02-26 06:04:33'),
('019c9655-29a8-70b1-90de-d7ae05b2d5f4', 21, 'c52c0c2ed148d096ccb05f082baa77ecfd4c50bdb6a5d5b660bf67bf3b929488', '2026-03-28 05:14:49', '2026-02-26 06:14:49', '2026-02-26 06:14:49'),
('019c9661-38ff-709f-9bcd-637cf827cc75', 29, '3b2b53c11c0a9f41aa96b78d845828ce6833a9d88a19ebea9181fef0ec45fb26', '2026-03-28 05:27:59', '2026-02-26 06:27:59', '2026-02-26 06:27:59'),
('019c971d-5f4f-7392-a556-d7b4f5a34a13', 15, '71d61a52227c50a1db3e267af14a2a0cb3be629fa7f406e1ccee8a56aefca3b3', '2026-03-28 08:53:30', '2026-02-26 09:53:30', '2026-02-26 09:53:30'),
('019c9800-8dcf-7255-a006-2718429f546c', 15, '16a65b6a5cdad845d00697d0c9bb7e4411dca976c2997c8eab62ecf3d575006f', '2026-03-28 13:01:39', '2026-02-26 14:01:39', '2026-02-26 14:01:39'),
('019c984d-060b-70d7-9062-09cbabaf1ae8', 6, '19eafd58e8be0d0ff052755982a2c35e54d9b1ab1329f73ae2a24759aad76074', '2026-03-28 14:25:10', '2026-02-26 15:25:10', '2026-02-26 15:25:10'),
('019c9870-ed3b-7242-bebe-583aeaa866f3', 6, 'd20e56b88da4fe5443667ce481d787778fd562d30ec4601fac6e31ea79b6b890', '2026-03-28 15:04:23', '2026-02-26 16:04:23', '2026-02-26 16:04:23'),
('019c98ba-1c60-72e1-adcf-de04522cdd61', 31, '9c1fcea26edb52e8206784ea7e7a75b973eccb5382851a5a4f9b37746dcc1845', '2026-03-28 16:24:19', '2026-02-26 17:24:19', '2026-02-26 17:24:19'),
('019c98bd-4ab7-735c-9992-71031abf7a1e', 31, 'a0e53c71455a655fc49e06e716c4d73416fb24ee1fe218c914d2c07ad4a66423', '2026-03-28 16:27:48', '2026-02-26 17:27:48', '2026-02-26 17:27:48'),
('019c98cf-f99c-73a2-a3bf-ea056c61ae98', 18, 'e0a4a273318cd4e7837e439bef0cb1166a1590c1878ad5dc484849349b9973e1', '2026-03-28 16:48:12', '2026-02-26 17:48:12', '2026-02-26 17:48:12'),
('019c98d0-933f-71e8-a4b0-042ac5e25a5b', 18, 'eb0a0c4ac0df480d71b66df00fceaee4ec0d3d240252065044f2763968dbe3ea', '2026-03-28 16:48:51', '2026-02-26 17:48:51', '2026-02-26 17:48:51'),
('019c98f2-8e7a-7182-a9e1-dc602df2066c', 32, 'b349dc09dfd9fb4a4643f799e93a986d505dd26553900f06717c9ffe43ac2c6b', '2026-03-28 17:25:58', '2026-02-26 18:25:58', '2026-02-26 18:25:58'),
('019c98f6-ff74-7103-bdb6-d6bc3c23e2b0', 20, '4190cac5fb7554af92efdc4749fb2df182e5d641dd306889f6f883c0582b66f4', '2026-03-28 17:30:50', '2026-02-26 18:30:50', '2026-02-26 18:30:50'),
('019c98f8-ec07-7063-95cd-8f14b1cd2501', 20, 'a1a955685769717673943cfd0ff63101a5babb0a06e7705d3a86cba1e655a6c1', '2026-03-28 17:32:56', '2026-02-26 18:32:56', '2026-02-26 18:32:56'),
('019c98f9-1052-735d-8eba-18f21771f90b', 20, '3c5d027099158e7b39e3295e0cf7bce851dd34563bf88cda3a4ec9fc15bd2529', '2026-03-28 17:33:05', '2026-02-26 18:33:05', '2026-02-26 18:33:05'),
('019c98fc-1cfd-73a8-a704-26bbc6dac9a4', 31, 'd3436b4476c4214703f36f45fcadda9643ec7c5aa1300d9490fea524c05ad6a1', '2026-03-28 17:36:25', '2026-02-26 18:36:25', '2026-02-26 18:36:25'),
('019c9911-fd1a-718a-9ef6-0417bb070c3f', 5, '790b426ad3c684db51d7184ad7ecdaeabe8258c6bf98ad899c19f7795dc6982e', '2026-03-28 18:00:18', '2026-02-26 19:00:18', '2026-02-26 19:00:18'),
('019c992a-e99a-73a2-becc-354987a60591', 14, 'f7d9fb4c6050e4fcd18e92c15a003accdf61f935340ca5c5e3ea9ab15f22877e', '2026-03-28 18:27:32', '2026-02-26 19:27:32', '2026-02-26 19:27:32'),
('019c996c-2222-71b1-888f-8298affe6114', 15, 'f490f88f2ccda1d21db8d9ccf6e429300993394d939ba7ade49541941d78f9ba', '2026-03-28 19:38:46', '2026-02-26 20:38:46', '2026-02-26 20:38:46'),
('019c999f-6a3c-72a1-845f-a7b6a94a6184', 14, 'eee89b3310f35755dbe69a7834cb807a39ee2674ef3d69c0011ab6023c949867', '2026-03-28 20:34:47', '2026-02-26 21:34:47', '2026-02-26 21:34:47'),
('019c99a1-1e6d-739f-a32f-d848dfd26793', 6, '8b30ed49457fd094372a095549f55a750c36969780b9355e6e2b6d3570d906c5', '2026-03-28 20:36:39', '2026-02-26 21:36:39', '2026-02-26 21:36:39'),
('019c99be-f735-72e3-8018-0558a409ca1f', 15, 'bf6abadaabdb2c8c110817d8ff8e4e78c33ef9af309685ae30b2b6cfa5abc32e', '2026-03-28 21:09:15', '2026-02-26 22:09:15', '2026-02-26 22:09:15'),
('019c99dc-d2f8-7257-98b9-4286e545fed2', 6, 'b6927eaf87cfa54c2275496f2dd452b8606c3483da543dda65b148ba6d443ece', '2026-03-28 21:41:51', '2026-02-26 22:41:51', '2026-02-26 22:41:51'),
('019c99fe-f148-721f-a81f-68745e55f544', 14, 'a81c335e0eb3b27cc6297fb302860a264e50f038d221c6f95139cf1fc3e9321c', '2026-03-28 22:19:07', '2026-02-26 23:19:07', '2026-02-26 23:19:07'),
('019c9a16-fa8f-7140-902f-8686b98ed98f', 15, 'a4ced227bfe70b74f386e72c2d74e456406987453a698ac5bc9d978001b7dc40', '2026-03-28 22:45:23', '2026-02-26 23:45:23', '2026-02-26 23:45:23'),
('019c9a97-8b4c-7250-85df-41b48765abcf', 30, 'a6177c8a44fc272d2cf45bb6278b8fae389bf24efbcfa2ce1ed68b22fe0d7826', '2026-03-29 01:05:48', '2026-02-27 02:05:48', '2026-02-27 02:05:48'),
('019c9a9b-2e78-7088-9aa0-ffd02a3527e3', 29, 'c397f2a39241965ca9b33ae03064cf1b589e2cc53cb7ab9aeb1b54a5cbf3c9e1', '2026-03-29 01:09:47', '2026-02-27 02:09:47', '2026-02-27 02:09:47'),
('019c9af6-9b23-707b-91ea-8eaa2bfd5d4c', 5, '99d1ae12059e80a936fac4b0d00f0336283f24cc74218a1406362c6711685f54', '2026-03-29 02:49:38', '2026-02-27 03:49:38', '2026-02-27 03:49:38'),
('019c9b33-ebf3-7054-8f60-d9bd62fa934a', 19, 'c64df43033f129d0ad44013c7d5cea96fe059cf186232ec66d1719c130702f4c', '2026-03-29 03:56:37', '2026-02-27 04:56:37', '2026-02-27 04:56:37'),
('019c9b42-0a88-7097-8733-12b2730c9319', 29, '4df5545f83a50fcb471ae2f57c6f7d4b739de0d57b23c0e251fa54c68e6300dd', '2026-03-29 04:12:02', '2026-02-27 05:12:02', '2026-02-27 05:12:02'),
('019c9b42-93b8-72c5-8597-fbe470642eaf', 21, 'cae4bc11fccb551d91c18a6df9d57a5d76f69059301b8d98d5c63ad4953251f8', '2026-03-29 04:12:37', '2026-02-27 05:12:37', '2026-02-27 05:12:37'),
('019c9b78-1b19-7366-8dff-21245bd19d93', 33, '87766cd30a493026555faf7e09d2a8f87ba4b802497df55eeebb969f82b3fb96', '2026-03-29 05:11:05', '2026-02-27 06:11:05', '2026-02-27 06:11:05'),
('019c9b85-c778-7014-8245-e3d897aa9dcd', 34, '8259b0ff4eb84b0f2a6109637449a291fb5bad20707f46516a7832a0fb7ddc82', '2026-03-29 05:26:01', '2026-02-27 06:26:01', '2026-02-27 06:26:01'),
('019c9ba6-5d4c-70b7-a6a8-cf3583c1466c', 35, 'f3747acf02901b882e22e95fa93ff4f64cf6f4ad0bbb467cabdc864db4fe1711', '2026-03-29 06:01:37', '2026-02-27 07:01:37', '2026-02-27 07:01:37'),
('019c9d7e-d50f-71a0-8a7c-8551b27b15e0', 35, '496eed0d89c5814e4af4e737d16bbc96650c992ebe057328c0d5c0285ebbfea8', '2026-03-29 14:37:40', '2026-02-27 15:37:40', '2026-02-27 15:37:40'),
('019c9d7f-f572-72b1-8511-17edd9b24f70', 6, 'eccb304e25d4938fadb1e51e0e4407ca4cc537624533bf83b519829241e7eac8', '2026-03-29 14:38:54', '2026-02-27 15:38:54', '2026-02-27 15:38:54'),
('019c9d83-4f9f-7311-84f5-e02e9cee1380', 29, 'ba62650989bf54c9b2329057773a840791b8a9d5953ee56851f5fab365c849f9', '2026-03-29 14:42:34', '2026-02-27 15:42:34', '2026-02-27 15:42:34'),
('019c9da2-30a9-7297-bf59-5692787237e9', 14, '98a93e802c0c8aaa4260b1441bd7ebab7cf0fd6e648168ba81c83c2c2a47edbc', '2026-03-29 15:16:18', '2026-02-27 16:16:18', '2026-02-27 16:16:18'),
('019c9da2-dfbf-73ba-ba75-eb7f64a65e39', 21, '209a7c7062605f8f216911b2ed4f65195cefec6ec91b5fa90c9bc0dd3813f0d5', '2026-03-29 15:17:02', '2026-02-27 16:17:02', '2026-02-27 16:17:02'),
('019c9dbb-09d5-72ba-bf8c-4debfe5dcf9c', 27, '953c420bbb213d86fb89004401b5a5553532c3d08df904f4dd9d56494ad7619d', '2026-03-29 15:43:26', '2026-02-27 16:43:26', '2026-02-27 16:43:26'),
('019c9dbe-b54e-7031-bd0a-4d910a094c9e', 27, '0b3d9a661e7c6874fe1602a402d947465ddf7cce673abf2a841f2bd3b9e67a31', '2026-03-29 15:47:27', '2026-02-27 16:47:27', '2026-02-27 16:47:27'),
('019c9dca-a492-7033-a520-72a4e97f0453', 26, '1121939f2f3de3b6aeb8229989f9778e96b809ad1c3174eaef542f6fb4d4fb63', '2026-03-29 16:00:29', '2026-02-27 17:00:29', '2026-02-27 17:00:29'),
('019c9dd6-ab97-7201-96ae-d0cb05aa807d', 15, 'ebf44ab2a852a4cb43d5b7147ec142c080b5b7377bc54118e702ef52ca1943ba', '2026-03-29 16:13:37', '2026-02-27 17:13:37', '2026-02-27 17:13:37'),
('019c9dd7-6d8e-7370-a5a9-670d2a59ec43', 21, '3644ab797fa40340fa7a0c99794f51f7631679f146566d5011c3699aba9f5a91', '2026-03-29 16:14:27', '2026-02-27 17:14:27', '2026-02-27 17:14:27'),
('019c9ddb-0ab6-7054-a095-ae32d2d85592', 14, '3e51a652afbd1307d5c2b06a23de21c9678e583b9ae1e96418e43c6c64cbaf53', '2026-03-29 16:18:23', '2026-02-27 17:18:23', '2026-02-27 17:18:23'),
('019c9de2-6397-70fc-bffa-e7a1d941029e', 6, '57a36664ac1d2e152ee512834f531f1baf7e75bbd4132904d915eda871075b59', '2026-03-29 16:26:25', '2026-02-27 17:26:25', '2026-02-27 17:26:25'),
('019c9de4-2886-70d4-ba9b-b554c5964d2e', 6, 'bcb2685685cb2d6a87d479cf0cc9b578d747c772ae5cce578a669e50243aac82', '2026-03-29 16:28:21', '2026-02-27 17:28:21', '2026-02-27 17:28:21'),
('019c9de9-682f-70da-b801-dc4cb81d3e3a', 36, '9cd52bebbe5045c55884d4d445ee0ff4f7b9352ee77bf785e51646ae21e14f84', '2026-03-29 16:34:05', '2026-02-27 17:34:05', '2026-02-27 17:34:05'),
('019c9dea-109c-715c-9018-516c2d322898', 21, '455aba23f60f82fb0b61429262e69ea941a68e40c203a7db329d28c895711915', '2026-03-29 16:34:48', '2026-02-27 17:34:48', '2026-02-27 17:34:48'),
('019c9ded-97db-70c4-bd06-31e8f22f164a', 36, '5e1c7e4a702bc3753320d04c9183ab7a43ff5b46963e3531cd50bc9a00435860', '2026-03-29 16:38:39', '2026-02-27 17:38:39', '2026-02-27 17:38:39'),
('019c9e07-e900-715a-94f4-853d1b985c64', 21, '4832fe5df134d9f952ed88af0126939d16ee168d6fc4aebe720e382f0763556d', '2026-03-29 17:07:24', '2026-02-27 18:07:24', '2026-02-27 18:07:24'),
('019c9e0a-0ef0-7083-8e44-5d6d3b91c519', 14, '0a1ad3865761c71958fe222c4275fd0e586623c7960c9cb363049e1cc979cc8b', '2026-03-29 17:09:45', '2026-02-27 18:09:45', '2026-02-27 18:09:45'),
('019c9e11-d1b1-70d4-ba41-7fcecc2487f7', 26, 'f7ea8ce5795cbca5c05a6a3411201eccc0da502d7e78df3070954b7fbc48eea6', '2026-03-29 17:18:13', '2026-02-27 18:18:13', '2026-02-27 18:18:13'),
('019c9e17-0fa2-7300-84fc-efa7e5c898cf', 26, '4d7b4ee08c8df500d7e415219890be0c31eca3b8b448d65e74b0a022bbe4ba25', '2026-03-29 17:23:57', '2026-02-27 18:23:57', '2026-02-27 18:23:57'),
('019c9e1b-2901-73c0-8c17-f7e0fbedda8d', 6, '8ecabd21370d0ccf94b0fcc743e9ea37def1547ef9e39861dda493856b442c36', '2026-03-29 17:28:26', '2026-02-27 18:28:26', '2026-02-27 18:28:26'),
('019c9e1e-3b66-722f-a854-fabe06f2b291', 26, '473187036b8ed12dab3b335567f18204b6cbb42c9310a78f297c1a6526cadf78', '2026-03-29 17:31:47', '2026-02-27 18:31:47', '2026-02-27 18:31:47'),
('019c9e2c-8f3a-7388-9860-a0095cb76917', 6, '1074f816ac393f0a2be714eca3f90c8248a9ee1313e4cda4a08556bdb94a31c0', '2026-03-29 17:47:26', '2026-02-27 18:47:26', '2026-02-27 18:47:26'),
('019c9e3b-ecef-7044-9daa-8393133c0728', 36, '03c1ff4c6187ecd29724974c8738a1625d9b2ac60428044dd93e2b2805049311', '2026-03-29 18:04:13', '2026-02-27 19:04:13', '2026-02-27 19:04:13'),
('019c9e3d-5f2d-734e-bbc9-caa155a1feba', 14, 'ed05a325472bdfd9b14be4e36a2de402a23129041883c9a632bca9e8c6251a24', '2026-03-29 18:05:48', '2026-02-27 19:05:48', '2026-02-27 19:05:48'),
('019c9e3e-d7bf-70f3-9a63-5b99af196df5', 14, '1c28b467cd54402257805253e16360ea9fa4374c81e101a89d1aa8adc4475f42', '2026-03-29 18:07:24', '2026-02-27 19:07:24', '2026-02-27 19:07:24'),
('019c9e44-8ca7-7016-b6b6-f5030e4a4781', 14, '2f92f8eb53910bf1ea7e55c9658c3c0f11dbf9b8963afbded48b3ccda2cbd0f1', '2026-03-29 18:13:38', '2026-02-27 19:13:38', '2026-02-27 19:13:38'),
('019c9e47-1857-70f5-b57d-c9db6dbd2a99', 14, '316f2f32abb63b2b2d922d5fef1511d9e125bf6de781333ed06b3eaf92f3b51b', '2026-03-29 18:16:25', '2026-02-27 19:16:25', '2026-02-27 19:16:25'),
('019c9e47-726c-7137-8025-c9ba09dfd6e1', 6, 'e56b0e30adb876fec9cebb481d2c773a97bb2c0596901bdeb8f633ca7f2303b0', '2026-03-29 18:16:48', '2026-02-27 19:16:48', '2026-02-27 19:16:48'),
('019c9e4e-731d-7338-afbd-ce41802ca115', 14, '8215a68e984b9e9b29be44d4e853b1d30cabbab9f5188477857b042b025198f9', '2026-03-29 18:24:27', '2026-02-27 19:24:27', '2026-02-27 19:24:27'),
('019c9e5b-0642-7016-b346-17177151dfae', 14, '5f7d0f55b596f44d5a1406e10bfb447c605019e037a0517f8327c78ded8566e2', '2026-03-29 18:38:11', '2026-02-27 19:38:11', '2026-02-27 19:38:11'),
('019c9e70-571a-73ed-9c64-3dec89cc8a64', 14, '4eb9b644cba23ecb8c64a25db3c018d30f66fcc50c5a9aaa04b932e3c5cc9bb8', '2026-03-29 19:01:28', '2026-02-27 20:01:28', '2026-02-27 20:01:28'),
('019c9e72-7468-72cb-ab21-224530a555e5', 14, '883ac0d832bf4f5bb1fe846ad36e164c7c51dafcd0dcd8b2b08f8f94acd51c41', '2026-03-29 19:03:46', '2026-02-27 20:03:46', '2026-02-27 20:03:46'),
('019c9e74-e07c-71bc-a945-1fb75448049a', 14, 'e68adb6a99a29d5d08905fe494ea41b3624e2f48788e5f9f5d3544a0dda6eb2b', '2026-03-29 19:06:25', '2026-02-27 20:06:25', '2026-02-27 20:06:25'),
('019c9e78-9a8b-707e-8387-913e54518c96', 21, '55e1eca54a4837ccd19b38a45c9ba9d68e249b28754ddc90526960f92f04064a', '2026-03-29 19:10:29', '2026-02-27 20:10:29', '2026-02-27 20:10:29'),
('019c9e7e-e250-7171-9bed-c5ab15466358', 6, '8cea5f0862d0cc0e81cddd2d98ef6083923769313d14efb2bb26ef06399a56cc', '2026-03-29 19:17:21', '2026-02-27 20:17:21', '2026-02-27 20:17:21'),
('019c9eab-f9d0-72e6-8d82-44d7fdfcc9c2', 14, '3e700d4cec8f2f64020e44c6bd758e1c6728bd67810f0bda1b6fd6fe153c8ef7', '2026-03-29 20:06:36', '2026-02-27 21:06:36', '2026-02-27 21:06:36'),
('019c9eb6-49d0-73b2-9830-dadcecb0ef8b', 6, 'c90ed1278173317dc62b1625224ad27585e50dc74b46a55a3f8c0b3c350f7d76', '2026-03-29 20:17:52', '2026-02-27 21:17:52', '2026-02-27 21:17:52'),
('019c9ebc-8c9c-71d5-8845-528580df9793', 15, '94de2928280a9494288298773177752145456a2c91457cbc2c16a8916a923368', '2026-03-29 20:24:42', '2026-02-27 21:24:42', '2026-02-27 21:24:42'),
('019c9ee3-8628-700d-a0a2-f35a76d2ca9e', 14, '116e1a1f256b780fddcbf338500d25e1275392fb409daa841b97f10f93ea9280', '2026-03-29 21:07:17', '2026-02-27 22:07:17', '2026-02-27 22:07:17'),
('019c9ef0-0c4b-71e5-a25a-cb7468a2c374', 6, 'a379fe1a8d0f051d290cc65fcad1bac7f124852bc9678354fa0a5210d8adb5fe', '2026-03-29 21:20:57', '2026-02-27 22:20:57', '2026-02-27 22:20:57'),
('019c9f1a-d20a-70ff-8c22-f9192e107c1e', 14, '2b365a93e453bf3a15e18750953afd0fd391592218e587b1ed357d7155c4c2e7', '2026-03-29 22:07:40', '2026-02-27 23:07:41', '2026-02-27 23:07:41'),
('019c9fc2-7f99-7339-a834-b996bfc7e4c3', 6, '8b79d64e051dff8261d1f37f50bf92c89d797960bd93f42251c5560b08e89919', '2026-03-30 01:10:49', '2026-02-28 02:10:49', '2026-02-28 02:10:49'),
('019c9fc2-ceec-71ab-b4b6-43a9cd910b61', 14, 'ab31ac6f4807787c24ac0367b506c97e035f8d0590d371b8ec4893fd0e098154', '2026-03-30 01:11:10', '2026-02-28 02:11:10', '2026-02-28 02:11:10'),
('019c9fce-5c7d-7044-9177-b902b596e6c2', 21, '662ab8a07ee1e20a7cd1fc2db3cbcf88ad5eed17cb8f388a4e371bacb29b6fd8', '2026-03-30 01:23:47', '2026-02-28 02:23:47', '2026-02-28 02:23:47'),
('019c9ffd-7d11-7236-9929-ca169ca3ba3d', 6, '83a36a787e27e14a13d9acdc0fe8a0f4d6eabd36565cd465512064757063139a', '2026-03-30 02:15:15', '2026-02-28 03:15:15', '2026-02-28 03:15:15'),
('019ca002-2ff2-700f-9ac4-2903b45f4c97', 14, 'e08bdbeb2afb918b848873a9e1080e0a9e2bf63ba56713160e4f18c6660e2c78', '2026-03-30 02:20:23', '2026-02-28 03:20:23', '2026-02-28 03:20:23'),
('019ca004-6da2-7335-8bab-8638a0e3ed40', 17, '52013821a51da6f52382733c0bcae2a05fea42ec3b6428ef2d1d118f131cc766', '2026-03-30 02:22:50', '2026-02-28 03:22:50', '2026-02-28 03:22:50'),
('019ca004-f312-71e9-b12c-62a1d0518489', 14, '2a10c578f8797db370a3e62a37d3f53a5b9c3a9437975ad61e97234ff0a0d668', '2026-03-30 02:23:24', '2026-02-28 03:23:24', '2026-02-28 03:23:24'),
('019ca005-63de-72e5-958c-f5699449db1c', 21, '8092494549ba4c5ab84467c30c996fe8d15da219aa075b6f5c6069306af0ba49', '2026-03-30 02:23:53', '2026-02-28 03:23:53', '2026-02-28 03:23:53'),
('019ca034-c76b-728f-8bab-222e8ace607d', 6, 'e746b95253ddc9e4e8ce96eec356b29c8f8d6cd8c8f6353f1b41a87853938f2d', '2026-03-30 03:15:39', '2026-02-28 04:15:39', '2026-02-28 04:15:39'),
('019ca06c-a30f-73ea-871c-dbfb91311500', 6, '23f66ad289839f38f6931b5e71c6a569038cbfedf628038956dc03a601f53894', '2026-03-30 04:16:40', '2026-02-28 05:16:40', '2026-02-28 05:16:40'),
('019ca079-5137-7067-807b-5bb01cdfcea5', 6, 'e037f38284dbec337c34d2cbbad7520b496eb3f2a884c0784a373d7f38a8e6db', '2026-03-30 04:30:31', '2026-02-28 05:30:31', '2026-02-28 05:30:31'),
('019ca0a0-f544-73be-b585-9122b493df4a', 21, 'f578cd9e33aabef770e56ae5c08805ffd3aac25feb3bdaacc96c35e7d447a54c', '2026-03-30 05:13:49', '2026-02-28 06:13:49', '2026-02-28 06:13:49'),
('019ca0a1-0819-701a-b1e1-09121bfb53eb', 14, '21457f62e9973634fb7314c3bcdccb867ca2f1126fca11b498dc291213797eff', '2026-03-30 05:13:53', '2026-02-28 06:13:53', '2026-02-28 06:13:53');
INSERT INTO `refresh_tokens` (`id`, `user_id`, `token`, `expires_at`, `created_at`, `updated_at`) VALUES
('019ca0b6-0ca5-73d4-9f78-1abc32af4bf3', 6, '4547f33f36e8de24171cc74c09d50b75e8fe24b0b80383e9c59dc5f2a26b1126', '2026-03-30 05:36:51', '2026-02-28 06:36:51', '2026-02-28 06:36:51'),
('019ca0c0-07da-7097-bc1d-ca1b5dd2fe39', 14, 'c6adf94fdce4d5a4207ba924d203b00e33740a2442c17cf2d2d397075ba33526', '2026-03-30 05:47:45', '2026-02-28 06:47:45', '2026-02-28 06:47:45'),
('019ca0c0-84fc-7300-9367-53773045a4bc', 21, '83305392e438f2068efc402e25bd00e7bc233719ad99086348e1f0bc661d8ce8', '2026-03-30 05:48:17', '2026-02-28 06:48:17', '2026-02-28 06:48:17'),
('019ca24d-bf99-73b5-b7c1-b8b4ab2207c9', 15, 'fe0221d9fe24d88f9eeedd185928f884f09ba664c078fcbb840bca0f9f285912', '2026-03-30 13:02:10', '2026-02-28 14:02:10', '2026-02-28 14:02:10'),
('019ca257-3cd7-71a4-aa2f-ee15accd1476', 21, '2847564110c8cfa74d91041061cc16f76fc5ef558fb5c7182bd483c559a0e949', '2026-03-30 13:12:32', '2026-02-28 14:12:32', '2026-02-28 14:12:32'),
('019ca258-a8d6-71f2-a802-7f10bd79b85d', 14, '04bb4abccb05d3113404167bc50f7681ef81c106386fa1ed285807d7d6101a2e', '2026-03-30 13:14:05', '2026-02-28 14:14:05', '2026-02-28 14:14:05'),
('019ca25a-55f0-72d3-b942-c4c31df7be7c', 21, 'c0090a295daf8c542eb693e7d4547d94be1c353ff250ddb3f2fae2a75aa89e08', '2026-03-30 13:15:55', '2026-02-28 14:15:55', '2026-02-28 14:15:55'),
('019ca25b-4e44-7317-bf5f-d6aca705b6c6', 21, '924dc0538f74011cc669c5c68b17acaafb043b2f7838239e45880819cf18cacf', '2026-03-30 13:16:58', '2026-02-28 14:16:58', '2026-02-28 14:16:58'),
('019ca2cd-ff3a-7233-9d6c-a17dcc76695e', 15, 'b568dc6863ca16df4fe74f7d6aa5858e780048b2154e384763cf40b13b6688aa', '2026-03-30 15:22:15', '2026-02-28 16:22:15', '2026-02-28 16:22:15'),
('019ca2d5-826f-737c-961e-69cd7150acc4', 23, 'b59490da6c753c27234cb706951fd350fb2adf88a07c041d07cf5aaf0820d1c7', '2026-03-30 15:30:27', '2026-02-28 16:30:27', '2026-02-28 16:30:27'),
('019ca2e0-5ec3-73ec-8c04-43cc9c45f8a5', 6, 'b059411ea74b25e55c276582c0a29ccdb75abed0dbadd0dcdbefb69178024b66', '2026-03-30 15:42:19', '2026-02-28 16:42:19', '2026-02-28 16:42:19'),
('019ca2e3-088d-70dc-bc71-798204e8cb9d', 38, 'cf2a25f07afe9a9f5422ce671057ebde2f873bbc28221df91c0df85c8ba75bef', '2026-03-30 15:45:13', '2026-02-28 16:45:13', '2026-02-28 16:45:13'),
('019ca2ec-4ca2-73d8-bd52-0513afc81c59', 21, '2bfeaad718e6feb7392893694fbbaed2ba3ec70d988e84cd2aeb76d2ad1eedc4', '2026-03-30 15:55:21', '2026-02-28 16:55:21', '2026-02-28 16:55:21'),
('019ca2f2-e921-723a-87fb-1b044fbff1ed', 19, '8f6fa2cfb16afda115d49ddf53446744fa75561c3bd7eb8e13848cc9091a331a', '2026-03-30 16:02:34', '2026-02-28 17:02:34', '2026-02-28 17:02:34'),
('019ca2f4-fa4a-7000-a5c4-00566ead6d98', 6, 'e724ca153ba856d735ac1f379852792a5f2d60970e5f100d603b3f68cd09fb8d', '2026-03-30 16:04:49', '2026-02-28 17:04:49', '2026-02-28 17:04:49'),
('019ca316-411e-7248-8778-37780e9a1c5f', 14, '96a064f6a75c6d4f3923e80965b4c7a34bbabbf2c133d964e343cb7a736e630a', '2026-03-30 16:41:10', '2026-02-28 17:41:10', '2026-02-28 17:41:10'),
('019ca331-abdc-7155-81ac-7a4e8141cba8', 6, '17f6b80a49011ae740908edc1da0d61fc02089212f021a2cfb02cdd9557ce5ed', '2026-03-30 17:11:07', '2026-02-28 18:11:07', '2026-02-28 18:11:07'),
('019ca36a-c666-7270-972f-e2fdfc10e856', 15, 'cf3dbaaabd5fa1a786bf3b2dbc2a30d6565040866a74a99783c417edb83cd2cd', '2026-03-30 18:13:29', '2026-02-28 19:13:29', '2026-02-28 19:13:29'),
('019ca38e-3dae-7367-9972-2c8567a3a91a', 6, '33c9722e153e63e1ab9150e88a75a0d3dbf6e1af8fca08b14f9796c243905f03', '2026-03-30 18:52:14', '2026-02-28 19:52:14', '2026-02-28 19:52:14'),
('019ca3c5-7cd2-7102-9cc1-0dc7e8dddf55', 6, '464f65a3b7619819eac769985cf81f9897158504225c15747988abd3556e78d5', '2026-03-30 19:52:34', '2026-02-28 20:52:34', '2026-02-28 20:52:34'),
('019ca3fc-9cca-70a2-93e3-0365d2da9039', 6, 'a996dd033a7c7618e0dcbfce7208919e56cdccc9d062c2f2bfca3cc58f8d572c', '2026-03-30 20:52:47', '2026-02-28 21:52:47', '2026-02-28 21:52:47'),
('019ca40c-a089-728b-8a7b-cdb04feb751a', 15, '905f336497def6b315fbea866a9ca4970b2450fade33f245451a50699252b81d', '2026-03-30 21:10:16', '2026-02-28 22:10:16', '2026-02-28 22:10:16'),
('019ca40c-f54c-711b-9da6-6fd6d8655dff', 21, 'ff6317f088255fda89cf6e5653406ab55dd2872717c9f428c0a578da515a8145', '2026-03-30 21:10:38', '2026-02-28 22:10:38', '2026-02-28 22:10:38'),
('019ca416-b947-7043-8a90-3c6aa57e7e6a', 14, '719e19d284eb3a90755d34a7e892e81d932991f0d1ba338c682e577541a41dcf', '2026-03-30 21:21:18', '2026-02-28 22:21:18', '2026-02-28 22:21:18'),
('019ca41a-c7ce-72fb-9360-8659496d1c50', 14, 'cc5c0add54ef185492b961f2cd4382e136f2c299223313b9c5985f54d91c11b7', '2026-03-30 21:25:44', '2026-02-28 22:25:44', '2026-02-28 22:25:44'),
('019ca41e-6ac7-736c-b50d-9d34fd8e5a5f', 14, '38dab9cbf378022abe5d0b6d4cea991d3d949da4e75f69fa533079d979f91062', '2026-03-30 21:29:42', '2026-02-28 22:29:42', '2026-02-28 22:29:42'),
('019ca421-547e-71d5-a0c2-af8bca5ae9b8', 21, '344ba2184e3526aea36684b56c077b3887fbf6eb6063198446561016b36dceb7', '2026-03-30 21:32:53', '2026-02-28 22:32:53', '2026-02-28 22:32:53'),
('019ca435-b489-711d-acec-06934604a5c5', 15, 'b1271843bc19ce480bf3ba7b27cdc678e38c1f3ab89842ac671b5499031425a3', '2026-03-30 21:55:08', '2026-02-28 22:55:09', '2026-02-28 22:55:09'),
('019ca46b-5a94-7364-8f82-f1d090d920a7', 19, '029ceca40a809bcb057066455e13bc056a51d43d67493dc9bce2cc840f9cea36', '2026-03-30 22:53:44', '2026-02-28 23:53:44', '2026-02-28 23:53:44'),
('019ca498-a238-71dd-8a52-0d1701146f7c', 14, 'ee1b08ecd944f4f1a8a9b4632d4679f5df2cc62950826d73ea9feedfad31f7db', '2026-03-30 23:43:12', '2026-03-01 00:43:12', '2026-03-01 00:43:12'),
('019ca4c0-d4c3-7205-8fbf-5548a964b547', 6, '08c3aa85d54cfb534409cd98f58466fe9c131c56774e763156d60a05bafa7fbe', '2026-03-31 00:27:06', '2026-03-01 01:27:06', '2026-03-01 01:27:06');

-- --------------------------------------------------------

--
-- Table structure for table `rooms`
--

CREATE TABLE `rooms` (
  `id` char(36) COLLATE utf8mb4_unicode_ci NOT NULL,
  `display_id` varchar(8) COLLATE utf8mb4_unicode_ci DEFAULT NULL,
  `title` varchar(255) COLLATE utf8mb4_unicode_ci NOT NULL,
  `owner_id` bigint UNSIGNED NOT NULL,
  `host_id` bigint UNSIGNED DEFAULT NULL,
  `agora_channel_name` varchar(255) COLLATE utf8mb4_unicode_ci NOT NULL,
  `agora_channel_uid` int DEFAULT NULL,
  `max_seats` int NOT NULL DEFAULT '8',
  `is_live` tinyint(1) NOT NULL DEFAULT '1',
  `status` varchar(20) COLLATE utf8mb4_unicode_ci NOT NULL DEFAULT 'active',
  `cover_image_url` varchar(255) COLLATE utf8mb4_unicode_ci DEFAULT NULL,
  `theme_id` bigint UNSIGNED DEFAULT NULL,
  `description` text COLLATE utf8mb4_unicode_ci,
  `tags` json DEFAULT NULL,
  `settings` json DEFAULT NULL,
  `allowed_gender` varchar(20) COLLATE utf8mb4_unicode_ci DEFAULT NULL,
  `allowed_country` varchar(100) COLLATE utf8mb4_unicode_ci DEFAULT NULL,
  `min_age` tinyint UNSIGNED DEFAULT NULL,
  `max_age` tinyint UNSIGNED DEFAULT NULL,
  `created_at` timestamp NULL DEFAULT NULL,
  `updated_at` timestamp NULL DEFAULT NULL,
  `ended_at` timestamp NULL DEFAULT NULL,
  `last_activity_at` timestamp NULL DEFAULT NULL,
  `deleted_at` timestamp NULL DEFAULT NULL
) ENGINE=InnoDB DEFAULT CHARSET=utf8mb4 COLLATE=utf8mb4_unicode_ci;

--
-- Dumping data for table `rooms`
--

INSERT INTO `rooms` (`id`, `display_id`, `title`, `owner_id`, `host_id`, `agora_channel_name`, `agora_channel_uid`, `max_seats`, `is_live`, `status`, `cover_image_url`, `theme_id`, `description`, `tags`, `settings`, `allowed_gender`, `allowed_country`, `min_age`, `max_age`, `created_at`, `updated_at`, `ended_at`, `last_activity_at`, `deleted_at`) VALUES
('019c9fe8-15a5-734f-b32d-74c28b8baa05', '280894', 'yugyjh', 6, 6, 'room_165e70ca-587c-4bfb-8013-b31ea1f9fdbb', NULL, 9, 0, 'ended', NULL, NULL, NULL, '[\"Chatting\"]', '{\"allow_gifts\": true, \"allow_video\": true}', NULL, NULL, NULL, NULL, '2026-02-28 02:51:53', '2026-02-28 03:38:52', '2026-02-28 03:38:52', '2026-02-28 03:38:37', NULL),
('019c9ff1-0a41-73ea-8335-ae8950498f10', '480062', 'erwsgar', 6, 14, 'room_a3d97656-435b-4cdd-94cb-f3261e5f2c14', NULL, 9, 0, 'ended', NULL, NULL, NULL, '[\"Chatting\"]', '{\"allow_gifts\": true, \"allow_video\": true}', NULL, NULL, NULL, NULL, '2026-02-28 03:01:40', '2026-02-28 03:20:25', '2026-02-28 03:20:25', '2026-02-28 03:19:26', '2026-02-28 03:20:25'),
('019ca008-911b-71ed-b843-6c08759a95bf', '720231', 'room', 21, 17, 'room_b2942e06-9484-49b2-ae21-c53a3b1c4569', NULL, 9, 0, 'ended', NULL, NULL, NULL, '[\"Chatting\"]', '{\"allow_gifts\": true, \"allow_video\": true}', NULL, NULL, NULL, NULL, '2026-02-28 03:27:21', '2026-02-28 03:31:06', '2026-02-28 03:31:06', '2026-02-28 03:30:59', NULL),
('019ca088-1708-7027-a8df-9eb229b3fc2a', '475410', 'WTSEDYRFTUYGIU', 6, 6, 'room_60518c2c-c414-45fa-b747-dd9c94c2baed', NULL, 16, 0, 'ended', NULL, 1, NULL, '[\"Chatting\"]', '{\"allow_gifts\": true, \"allow_video\": true}', NULL, NULL, NULL, NULL, '2026-02-28 05:46:39', '2026-02-28 06:18:17', '2026-02-28 06:18:17', '2026-02-28 06:17:53', NULL),
('019ca0aa-9e18-72b7-847e-abd807544ac8', '504824', 'r5f6tyguh', 6, 6, 'room_222b6f03-c8b8-4ce6-87d8-e75cc1685c9e', NULL, 9, 0, 'ended', NULL, NULL, NULL, '[\"Chatting\"]', '{\"allow_gifts\": true, \"allow_video\": true}', NULL, NULL, NULL, NULL, '2026-02-28 06:24:22', '2026-02-28 06:43:10', '2026-02-28 06:43:10', '2026-02-28 06:43:04', NULL),
('019ca251-3698-725d-a38b-aebe5243290a', '683968', 'chat', 15, 15, 'room_154e21a6-c4f6-44d1-89d1-0266a45d70a4', NULL, 20, 0, 'ended', NULL, 1, NULL, '[\"Chatting\"]', '{\"allow_gifts\": true, \"allow_video\": true}', NULL, NULL, NULL, NULL, '2026-02-28 14:05:57', '2026-02-28 14:11:20', '2026-02-28 14:11:20', '2026-02-28 14:05:58', '2026-02-28 14:11:20'),
('019ca2e3-38be-718e-b67b-37362984ad3d', '567517', 'officeal chat aura', 15, 15, 'room_9834c6d1-052a-4876-8273-1420d6fcf756', NULL, 9, 0, 'ended', NULL, NULL, NULL, '[\"Chatting\"]', '{\"allow_gifts\": true, \"allow_video\": true}', NULL, NULL, NULL, NULL, '2026-02-28 16:45:26', '2026-02-28 16:49:17', '2026-02-28 16:49:04', '2026-02-28 16:47:42', '2026-02-28 16:49:17'),
('019ca2e6-fc66-7152-8b40-1d52ea427651', '704691', 'chat aura', 15, 15, 'room_3b364c09-3f0f-46eb-8d80-5f9a851a2e56', NULL, 9, 0, 'ended', NULL, 1, NULL, '[\"Chatting\"]', '{\"allow_gifts\": true, \"allow_video\": true}', NULL, NULL, NULL, NULL, '2026-02-28 16:49:32', '2026-02-28 16:52:58', '2026-02-28 16:52:58', '2026-02-28 16:51:01', '2026-02-28 16:52:58'),
('019ca2ee-9ba2-7375-ac33-21ac1e152fb2', '343776', 'chat', 15, 15, 'room_ee886b96-01ee-416b-ae6d-2e731da342d9', NULL, 6, 0, 'ended', NULL, 1, NULL, '[\"Chatting\"]', '{\"allow_gifts\": true, \"allow_video\": true}', NULL, NULL, NULL, NULL, '2026-02-28 16:57:52', '2026-02-28 16:58:12', '2026-02-28 16:58:12', '2026-02-28 16:57:52', '2026-02-28 16:58:12'),
('019ca2f1-f903-7132-9384-90c57a6a9951', '735220', 'chat', 15, 15, 'room_e679dd5e-19a3-481f-8ea9-128388b9c248', NULL, 9, 0, 'ended', NULL, NULL, NULL, '[\"Chatting\"]', '{\"allow_gifts\": true, \"allow_video\": true}', NULL, NULL, NULL, NULL, '2026-02-28 17:01:32', '2026-02-28 17:02:02', '2026-02-28 17:02:02', '2026-02-28 17:01:33', '2026-02-28 17:02:02'),
('019ca37d-0067-73f3-86f4-d74f1a360328', '852705', 'chat', 15, 15, 'room_5ea2cf02-8619-410c-b1c5-94b0ec2e9ce0', NULL, 9, 0, 'ended', NULL, NULL, NULL, '[\"Music\"]', '{\"allow_gifts\": true, \"allow_video\": true}', NULL, NULL, NULL, NULL, '2026-02-28 19:33:24', '2026-02-28 19:33:33', '2026-02-28 19:33:33', '2026-02-28 19:33:24', '2026-02-28 19:33:33'),
('019ca437-26fd-720a-91e2-11d5ea6a430a', '200669', 'chat', 15, 15, 'room_842113c7-9622-4ef7-a422-91ae4b8498d2', NULL, 6, 0, 'ended', NULL, NULL, NULL, '[\"Chatting\"]', '{\"allow_gifts\": true, \"allow_video\": true}', NULL, NULL, NULL, NULL, '2026-02-28 22:56:43', '2026-02-28 22:56:54', '2026-02-28 22:56:54', '2026-02-28 22:56:44', '2026-02-28 22:56:54'),
('019ca46b-9426-70e0-a1d4-38625f253323', '640485', 'My Room', 19, 19, 'room_194a6f33-1c3c-46d3-86a0-7367e56ffa73', NULL, 9, 0, 'ended', NULL, 1, NULL, '[\"Chatting\"]', '{\"allow_gifts\": true, \"allow_video\": true}', NULL, NULL, NULL, NULL, '2026-02-28 23:53:59', '2026-02-28 23:56:27', '2026-02-28 23:56:27', '2026-02-28 23:54:00', '2026-02-28 23:56:27'),
('019ca4a5-4ca8-70de-8e5b-aab9f0571c60', '706434', 'hwgshs', 14, 14, 'room_c33979d6-8163-4c14-9231-2b839011d64f', NULL, 9, 0, 'ended', NULL, NULL, NULL, '[\"Chatting\"]', '{\"allow_gifts\": true, \"allow_video\": true}', NULL, NULL, NULL, NULL, '2026-03-01 00:57:02', '2026-03-01 00:57:29', '2026-03-01 00:57:29', '2026-03-01 00:57:02', '2026-03-01 00:57:29'),
('019ca4c1-1ed8-735b-9852-8743d5d204a1', '997716', 'test', 6, 6, 'room_7ad4fd27-9a81-4d6c-9685-8ba53b405775', NULL, 6, 1, 'active', NULL, NULL, NULL, '[\"Chatting\"]', '{\"allow_gifts\": true, \"allow_video\": true}', NULL, NULL, NULL, NULL, '2026-03-01 01:27:25', '2026-03-01 01:28:48', NULL, '2026-03-01 01:28:48', NULL);

-- --------------------------------------------------------

--
-- Table structure for table `room_members`
--

CREATE TABLE `room_members` (
  `id` char(36) COLLATE utf8mb4_unicode_ci NOT NULL,
  `room_id` char(36) COLLATE utf8mb4_unicode_ci NOT NULL,
  `user_id` bigint UNSIGNED NOT NULL,
  `role` varchar(20) COLLATE utf8mb4_unicode_ci NOT NULL DEFAULT 'listener',
  `seat_index` int DEFAULT NULL,
  `joined_at` timestamp NOT NULL,
  `left_at` timestamp NULL DEFAULT NULL,
  `is_active` tinyint(1) NOT NULL DEFAULT '1',
  `created_at` timestamp NULL DEFAULT NULL,
  `updated_at` timestamp NULL DEFAULT NULL
) ENGINE=InnoDB DEFAULT CHARSET=utf8mb4 COLLATE=utf8mb4_unicode_ci;

--
-- Dumping data for table `room_members`
--

INSERT INTO `room_members` (`id`, `room_id`, `user_id`, `role`, `seat_index`, `joined_at`, `left_at`, `is_active`, `created_at`, `updated_at`) VALUES
('019c9fe8-15b2-71f8-a6c7-e8d79faa496a', '019c9fe8-15a5-734f-b32d-74c28b8baa05', 6, 'host', NULL, '2026-02-28 02:51:53', '2026-02-28 03:38:52', 0, '2026-02-28 02:51:53', '2026-02-28 03:38:52'),
('019c9fe8-fe8d-71cb-95fe-b98fcb583797', '019c9fe8-15a5-734f-b32d-74c28b8baa05', 14, 'listener', NULL, '2026-02-28 02:52:52', '2026-02-28 03:38:52', 0, '2026-02-28 02:52:52', '2026-02-28 03:38:52'),
('019c9ff1-0a4b-71d8-9aa1-c2845c09e316', '019c9ff1-0a41-73ea-8335-ae8950498f10', 6, 'host', NULL, '2026-02-28 03:01:40', '2026-02-28 03:19:26', 0, '2026-02-28 03:01:40', '2026-02-28 03:19:26'),
('019c9ff1-4daa-7302-9dee-54172610c5c9', '019c9ff1-0a41-73ea-8335-ae8950498f10', 14, 'listener', NULL, '2026-02-28 03:01:57', '2026-02-28 03:20:25', 0, '2026-02-28 03:01:57', '2026-02-28 03:20:25'),
('019c9ffe-c6bd-70a8-b9c7-88811ca17a14', '019c9ff1-0a41-73ea-8335-ae8950498f10', 21, 'listener', NULL, '2026-02-28 03:16:40', '2026-02-28 03:19:56', 0, '2026-02-28 03:16:40', '2026-02-28 03:19:56'),
('019ca004-be0b-712b-a1a0-cc829db1b043', '019c9fe8-15a5-734f-b32d-74c28b8baa05', 17, 'listener', NULL, '2026-02-28 03:23:11', '2026-02-28 03:23:16', 0, '2026-02-28 03:23:11', '2026-02-28 03:23:16'),
('019ca008-4fcb-7155-9fa3-d8e2624c514b', '019c9fe8-15a5-734f-b32d-74c28b8baa05', 21, 'listener', NULL, '2026-02-28 03:27:05', '2026-02-28 03:27:10', 0, '2026-02-28 03:27:05', '2026-02-28 03:27:10'),
('019ca008-9121-7166-8fb7-b4bd85775d6b', '019ca008-911b-71ed-b843-6c08759a95bf', 21, 'host', NULL, '2026-02-28 03:27:21', '2026-02-28 03:30:44', 0, '2026-02-28 03:27:21', '2026-02-28 03:30:44'),
('019ca009-3c9b-711c-9fe1-52bffd83d6de', '019ca008-911b-71ed-b843-6c08759a95bf', 14, 'listener', NULL, '2026-02-28 03:28:05', '2026-02-28 03:30:02', 0, '2026-02-28 03:28:05', '2026-02-28 03:30:02'),
('019ca009-4e01-7289-aabf-8b550665026d', '019ca008-911b-71ed-b843-6c08759a95bf', 17, 'host', 8, '2026-02-28 03:28:10', '2026-02-28 03:31:06', 0, '2026-02-28 03:28:10', '2026-02-28 03:31:06'),
('019ca088-171a-738a-a4d8-d019a0d37ba0', '019ca088-1708-7027-a8df-9eb229b3fc2a', 6, 'host', NULL, '2026-02-28 05:46:39', '2026-02-28 06:18:17', 0, '2026-02-28 05:46:39', '2026-02-28 06:18:17'),
('019ca0a0-ffba-7026-a052-89c857f3f79c', '019ca088-1708-7027-a8df-9eb229b3fc2a', 21, 'listener', NULL, '2026-02-28 06:13:51', '2026-02-28 06:17:47', 0, '2026-02-28 06:13:51', '2026-02-28 06:17:47'),
('019ca0a1-148c-70e8-8eda-384246aa1989', '019ca088-1708-7027-a8df-9eb229b3fc2a', 14, 'listener', NULL, '2026-02-28 06:13:57', '2026-02-28 06:17:48', 0, '2026-02-28 06:13:57', '2026-02-28 06:17:48'),
('019ca0aa-9e21-720c-bb5c-9dcb7a68ea2b', '019ca0aa-9e18-72b7-847e-abd807544ac8', 6, 'host', NULL, '2026-02-28 06:24:22', '2026-02-28 06:43:10', 0, '2026-02-28 06:24:22', '2026-02-28 06:43:10'),
('019ca0aa-e6e8-72e0-9e41-9fc2daa9205b', '019ca0aa-9e18-72b7-847e-abd807544ac8', 21, 'listener', NULL, '2026-02-28 06:24:40', '2026-02-28 06:27:03', 0, '2026-02-28 06:24:40', '2026-02-28 06:27:03'),
('019ca0aa-f6ba-736b-97dc-273e25f8ab69', '019ca0aa-9e18-72b7-847e-abd807544ac8', 14, 'listener', NULL, '2026-02-28 06:24:44', '2026-02-28 06:26:45', 0, '2026-02-28 06:24:44', '2026-02-28 06:26:45'),
('019ca0b5-fc24-709c-a37b-43cdcdde8f96', '019ca0aa-9e18-72b7-847e-abd807544ac8', 14, 'listener', NULL, '2026-02-28 06:36:47', '2026-02-28 06:37:57', 0, '2026-02-28 06:36:47', '2026-02-28 06:37:57'),
('019ca0b6-be63-70df-81ed-e948d56303a6', '019ca0aa-9e18-72b7-847e-abd807544ac8', 21, 'listener', NULL, '2026-02-28 06:37:36', '2026-02-28 06:37:52', 0, '2026-02-28 06:37:36', '2026-02-28 06:37:52'),
('019ca0b7-316e-73e3-8d07-aeb60dc715eb', '019ca0aa-9e18-72b7-847e-abd807544ac8', 14, 'listener', NULL, '2026-02-28 06:38:06', '2026-02-28 06:39:47', 0, '2026-02-28 06:38:06', '2026-02-28 06:39:47'),
('019ca0b7-a79c-7364-9c81-a9c71526ad31', '019ca0aa-9e18-72b7-847e-abd807544ac8', 21, 'listener', NULL, '2026-02-28 06:38:36', '2026-02-28 06:39:25', 0, '2026-02-28 06:38:36', '2026-02-28 06:39:25'),
('019ca251-36a2-72f7-b4db-e08e8670221e', '019ca251-3698-725d-a38b-aebe5243290a', 15, 'host', NULL, '2026-02-28 14:05:57', '2026-02-28 14:11:20', 0, '2026-02-28 14:05:57', '2026-02-28 14:11:20'),
('019ca2e3-38ca-7387-8fd6-c01775a381b1', '019ca2e3-38be-718e-b67b-37362984ad3d', 15, 'host', NULL, '2026-02-28 16:45:26', '2026-02-28 16:49:04', 0, '2026-02-28 16:45:26', '2026-02-28 16:49:04'),
('019ca2e5-4c96-715c-a5ac-73b62477e493', '019ca2e3-38be-718e-b67b-37362984ad3d', 38, 'listener', NULL, '2026-02-28 16:47:42', '2026-02-28 16:49:04', 0, '2026-02-28 16:47:42', '2026-02-28 16:49:04'),
('019ca2e6-fc6e-72f0-8786-ff9a546c8884', '019ca2e6-fc66-7152-8b40-1d52ea427651', 15, 'host', NULL, '2026-02-28 16:49:32', '2026-02-28 16:52:58', 0, '2026-02-28 16:49:32', '2026-02-28 16:52:58'),
('019ca2e8-11a3-7075-82ff-4fc240b2bc05', '019ca2e6-fc66-7152-8b40-1d52ea427651', 38, 'listener', NULL, '2026-02-28 16:50:43', '2026-02-28 16:50:59', 0, '2026-02-28 16:50:43', '2026-02-28 16:50:59'),
('019ca2e8-57d3-7037-9f67-48d12d5fceee', '019ca2e6-fc66-7152-8b40-1d52ea427651', 38, 'speaker', 1, '2026-02-28 16:51:01', '2026-02-28 16:52:58', 0, '2026-02-28 16:51:01', '2026-02-28 16:52:58'),
('019ca2ee-9bae-7247-8111-53e0d7c9eb9e', '019ca2ee-9ba2-7375-ac33-21ac1e152fb2', 15, 'host', NULL, '2026-02-28 16:57:52', '2026-02-28 16:58:12', 0, '2026-02-28 16:57:52', '2026-02-28 16:58:12'),
('019ca2f1-f909-7075-9da9-62e06448334b', '019ca2f1-f903-7132-9384-90c57a6a9951', 15, 'host', NULL, '2026-02-28 17:01:32', '2026-02-28 17:02:02', 0, '2026-02-28 17:01:32', '2026-02-28 17:02:02'),
('019ca37d-0075-7074-8195-eeb88f356fd9', '019ca37d-0067-73f3-86f4-d74f1a360328', 15, 'host', NULL, '2026-02-28 19:33:24', '2026-02-28 19:33:33', 0, '2026-02-28 19:33:24', '2026-02-28 19:33:33'),
('019ca437-270d-7311-8922-a17757b5ba49', '019ca437-26fd-720a-91e2-11d5ea6a430a', 15, 'host', NULL, '2026-02-28 22:56:43', '2026-02-28 22:56:54', 0, '2026-02-28 22:56:43', '2026-02-28 22:56:54'),
('019ca46b-942e-70f8-9ee4-47c388b4f977', '019ca46b-9426-70e0-a1d4-38625f253323', 19, 'host', NULL, '2026-02-28 23:53:59', '2026-02-28 23:56:27', 0, '2026-02-28 23:53:59', '2026-02-28 23:56:27'),
('019ca4a5-4cb1-73f9-976c-629a6047c76e', '019ca4a5-4ca8-70de-8e5b-aab9f0571c60', 14, 'host', NULL, '2026-03-01 00:57:02', '2026-03-01 00:57:29', 0, '2026-03-01 00:57:02', '2026-03-01 00:57:29'),
('019ca4c1-1edf-730f-b248-092b8b085113', '019ca4c1-1ed8-735b-9852-8743d5d204a1', 6, 'host', NULL, '2026-03-01 01:27:25', NULL, 1, '2026-03-01 01:27:25', '2026-03-01 01:27:25'),
('019ca4c2-607b-7287-9fbc-4305cd253a87', '019ca4c1-1ed8-735b-9852-8743d5d204a1', 14, 'listener', NULL, '2026-03-01 01:28:48', '2026-03-01 01:28:56', 0, '2026-03-01 01:28:48', '2026-03-01 01:28:56');

-- --------------------------------------------------------

--
-- Table structure for table `room_themes`
--

CREATE TABLE `room_themes` (
  `id` bigint UNSIGNED NOT NULL,
  `name` varchar(100) COLLATE utf8mb4_unicode_ci NOT NULL,
  `type` varchar(30) COLLATE utf8mb4_unicode_ci NOT NULL DEFAULT 'lottie_animation',
  `media_url` varchar(500) COLLATE utf8mb4_unicode_ci NOT NULL,
  `is_active` tinyint(1) NOT NULL DEFAULT '1',
  `created_at` timestamp NULL DEFAULT NULL,
  `updated_at` timestamp NULL DEFAULT NULL
) ENGINE=InnoDB DEFAULT CHARSET=utf8mb4 COLLATE=utf8mb4_unicode_ci;

--
-- Dumping data for table `room_themes`
--

INSERT INTO `room_themes` (`id`, `name`, `type`, `media_url`, `is_active`, `created_at`, `updated_at`) VALUES
(1, 'Drainer Zigzag', 'lottie_animation', 'https://chataura.indsoft24.com/storage/themes/1767430023630_1772127090.png', 1, '2026-02-27 04:01:30', '2026-02-27 04:01:30');

-- --------------------------------------------------------

--
-- Table structure for table `seats`
--

CREATE TABLE `seats` (
  `id` char(36) COLLATE utf8mb4_unicode_ci NOT NULL,
  `room_id` char(36) COLLATE utf8mb4_unicode_ci NOT NULL,
  `seat_index` int NOT NULL,
  `user_id` bigint UNSIGNED DEFAULT NULL,
  `is_muted` tinyint(1) NOT NULL DEFAULT '0',
  `is_locked` tinyint(1) NOT NULL DEFAULT '0',
  `created_at` timestamp NULL DEFAULT NULL,
  `updated_at` timestamp NULL DEFAULT NULL
) ENGINE=InnoDB DEFAULT CHARSET=utf8mb4 COLLATE=utf8mb4_unicode_ci;

--
-- Dumping data for table `seats`
--

INSERT INTO `seats` (`id`, `room_id`, `seat_index`, `user_id`, `is_muted`, `is_locked`, `created_at`, `updated_at`) VALUES
('019c9fe8-15b7-709e-a732-d4f1be91e421', '019c9fe8-15a5-734f-b32d-74c28b8baa05', 0, NULL, 0, 0, '2026-02-28 02:51:53', '2026-02-28 03:38:52'),
('019c9fe8-15ba-7053-8d2e-16cf2c1cedc9', '019c9fe8-15a5-734f-b32d-74c28b8baa05', 1, NULL, 0, 0, '2026-02-28 02:51:53', '2026-02-28 03:38:52'),
('019c9fe8-15bb-73ad-a6a2-457a9561ab70', '019c9fe8-15a5-734f-b32d-74c28b8baa05', 2, NULL, 0, 0, '2026-02-28 02:51:53', '2026-02-28 03:38:52'),
('019c9fe8-15bc-7032-9ee9-6e3eb2d7e1f0', '019c9fe8-15a5-734f-b32d-74c28b8baa05', 3, NULL, 0, 0, '2026-02-28 02:51:53', '2026-02-28 03:38:52'),
('019c9fe8-15bc-7032-9ee9-6e3eb36a9ee7', '019c9fe8-15a5-734f-b32d-74c28b8baa05', 4, NULL, 0, 0, '2026-02-28 02:51:53', '2026-02-28 03:38:52'),
('019c9fe8-15be-71ca-8e13-4f64b85ace1d', '019c9fe8-15a5-734f-b32d-74c28b8baa05', 5, NULL, 0, 0, '2026-02-28 02:51:53', '2026-02-28 03:38:52'),
('019c9fe8-15bf-705b-b6ec-be0a05085b89', '019c9fe8-15a5-734f-b32d-74c28b8baa05', 6, NULL, 0, 0, '2026-02-28 02:51:53', '2026-02-28 03:38:52'),
('019c9fe8-15c0-73d5-9890-00ed42ef0095', '019c9fe8-15a5-734f-b32d-74c28b8baa05', 7, NULL, 0, 0, '2026-02-28 02:51:53', '2026-02-28 03:38:52'),
('019c9fe8-15c2-70ae-acb3-334e4302079a', '019c9fe8-15a5-734f-b32d-74c28b8baa05', 8, NULL, 0, 0, '2026-02-28 02:51:53', '2026-02-28 03:38:52'),
('019c9ff1-0a53-7177-9b75-8397f231901e', '019c9ff1-0a41-73ea-8335-ae8950498f10', 0, NULL, 0, 0, '2026-02-28 03:01:40', '2026-02-28 03:20:25'),
('019c9ff1-0a57-7052-997f-4104bbe46dad', '019c9ff1-0a41-73ea-8335-ae8950498f10', 1, NULL, 0, 0, '2026-02-28 03:01:40', '2026-02-28 03:20:25'),
('019c9ff1-0a59-733c-84aa-5d63bc0ec14b', '019c9ff1-0a41-73ea-8335-ae8950498f10', 2, NULL, 0, 0, '2026-02-28 03:01:40', '2026-02-28 03:20:25'),
('019c9ff1-0a5b-701e-b94c-172fe483e988', '019c9ff1-0a41-73ea-8335-ae8950498f10', 3, NULL, 0, 0, '2026-02-28 03:01:40', '2026-02-28 03:20:25'),
('019c9ff1-0a5d-7033-b2d9-59f31e9b6dbc', '019c9ff1-0a41-73ea-8335-ae8950498f10', 4, NULL, 0, 0, '2026-02-28 03:01:40', '2026-02-28 03:20:25'),
('019c9ff1-0a5d-7033-b2d9-59f31ef51b5a', '019c9ff1-0a41-73ea-8335-ae8950498f10', 5, NULL, 0, 0, '2026-02-28 03:01:40', '2026-02-28 03:20:25'),
('019c9ff1-0a5e-70bf-9736-e1cb6c813a63', '019c9ff1-0a41-73ea-8335-ae8950498f10', 6, NULL, 0, 0, '2026-02-28 03:01:40', '2026-02-28 03:20:25'),
('019c9ff1-0a5f-7208-be10-0f338dd60b1d', '019c9ff1-0a41-73ea-8335-ae8950498f10', 7, NULL, 0, 0, '2026-02-28 03:01:40', '2026-02-28 03:20:25'),
('019c9ff1-0a5f-7208-be10-0f338e2fb109', '019c9ff1-0a41-73ea-8335-ae8950498f10', 8, NULL, 0, 0, '2026-02-28 03:01:40', '2026-02-28 03:20:25'),
('019ca008-9122-72da-887e-30780cad70b1', '019ca008-911b-71ed-b843-6c08759a95bf', 0, NULL, 0, 0, '2026-02-28 03:27:21', '2026-02-28 03:31:06'),
('019ca008-9123-72fb-bc69-a6f12d5b2e59', '019ca008-911b-71ed-b843-6c08759a95bf', 1, NULL, 0, 0, '2026-02-28 03:27:21', '2026-02-28 03:31:06'),
('019ca008-9123-72fb-bc69-a6f12d93a357', '019ca008-911b-71ed-b843-6c08759a95bf', 2, NULL, 0, 0, '2026-02-28 03:27:21', '2026-02-28 03:31:06'),
('019ca008-9124-7298-a0a1-deed220f9791', '019ca008-911b-71ed-b843-6c08759a95bf', 3, NULL, 0, 0, '2026-02-28 03:27:21', '2026-02-28 03:31:06'),
('019ca008-9125-70fb-9f57-d7035111166a', '019ca008-911b-71ed-b843-6c08759a95bf', 4, NULL, 0, 0, '2026-02-28 03:27:21', '2026-02-28 03:31:06'),
('019ca008-9126-7042-9c0d-730efa7350e4', '019ca008-911b-71ed-b843-6c08759a95bf', 5, NULL, 0, 0, '2026-02-28 03:27:21', '2026-02-28 03:31:06'),
('019ca008-9127-7188-8f71-e525d0c62c24', '019ca008-911b-71ed-b843-6c08759a95bf', 6, NULL, 0, 0, '2026-02-28 03:27:21', '2026-02-28 03:31:06'),
('019ca008-9128-72f5-90fc-0d8cb38cee73', '019ca008-911b-71ed-b843-6c08759a95bf', 7, NULL, 0, 0, '2026-02-28 03:27:21', '2026-02-28 03:31:06'),
('019ca008-9129-7207-be90-3e109651af65', '019ca008-911b-71ed-b843-6c08759a95bf', 8, NULL, 0, 0, '2026-02-28 03:27:21', '2026-02-28 03:31:06'),
('019ca088-1724-73d2-b7bd-f32cb620a94e', '019ca088-1708-7027-a8df-9eb229b3fc2a', 0, NULL, 0, 0, '2026-02-28 05:46:39', '2026-02-28 06:18:17'),
('019ca088-172f-73fa-89fc-e39dd157728d', '019ca088-1708-7027-a8df-9eb229b3fc2a', 1, NULL, 0, 0, '2026-02-28 05:46:39', '2026-02-28 06:18:17'),
('019ca088-1731-7300-a123-87d12c273a88', '019ca088-1708-7027-a8df-9eb229b3fc2a', 2, NULL, 0, 0, '2026-02-28 05:46:39', '2026-02-28 06:18:17'),
('019ca088-1732-7234-845d-26bb7fe270cc', '019ca088-1708-7027-a8df-9eb229b3fc2a', 3, NULL, 0, 0, '2026-02-28 05:46:39', '2026-02-28 06:18:17'),
('019ca088-1733-7270-b7e7-54e022a147c0', '019ca088-1708-7027-a8df-9eb229b3fc2a', 4, NULL, 0, 0, '2026-02-28 05:46:39', '2026-02-28 06:18:17'),
('019ca088-1733-7270-b7e7-54e02358c22e', '019ca088-1708-7027-a8df-9eb229b3fc2a', 5, NULL, 0, 0, '2026-02-28 05:46:39', '2026-02-28 06:18:17'),
('019ca088-1734-7253-9f88-62ac16eb97b4', '019ca088-1708-7027-a8df-9eb229b3fc2a', 6, NULL, 0, 0, '2026-02-28 05:46:39', '2026-02-28 06:18:17'),
('019ca088-1734-7253-9f88-62ac1747f97e', '019ca088-1708-7027-a8df-9eb229b3fc2a', 7, NULL, 0, 0, '2026-02-28 05:46:39', '2026-02-28 06:18:17'),
('019ca088-1735-7259-983b-50225f7df472', '019ca088-1708-7027-a8df-9eb229b3fc2a', 8, NULL, 0, 0, '2026-02-28 05:46:39', '2026-02-28 06:18:17'),
('019ca08a-a157-738a-b8b7-be3d2b75b5e7', '019ca088-1708-7027-a8df-9eb229b3fc2a', 9, NULL, 0, 0, '2026-02-28 05:49:25', '2026-02-28 06:18:17'),
('019ca08a-a159-73ec-9ff8-55ab6612dffe', '019ca088-1708-7027-a8df-9eb229b3fc2a', 10, NULL, 0, 0, '2026-02-28 05:49:25', '2026-02-28 06:18:17'),
('019ca08a-a159-73ec-9ff8-55ab6703205f', '019ca088-1708-7027-a8df-9eb229b3fc2a', 11, NULL, 0, 0, '2026-02-28 05:49:25', '2026-02-28 06:18:17'),
('019ca08a-a15a-701a-aa76-0aea08ad96f6', '019ca088-1708-7027-a8df-9eb229b3fc2a', 12, NULL, 0, 0, '2026-02-28 05:49:25', '2026-02-28 06:18:17'),
('019ca08a-a15b-733e-9e07-1a6cfe5595e4', '019ca088-1708-7027-a8df-9eb229b3fc2a', 13, NULL, 0, 0, '2026-02-28 05:49:25', '2026-02-28 06:18:17'),
('019ca08a-a15b-733e-9e07-1a6cfe912c99', '019ca088-1708-7027-a8df-9eb229b3fc2a', 14, NULL, 0, 0, '2026-02-28 05:49:25', '2026-02-28 06:18:17'),
('019ca08a-a15c-70d6-8f2a-0ad4f0681ae2', '019ca088-1708-7027-a8df-9eb229b3fc2a', 15, NULL, 0, 0, '2026-02-28 05:49:25', '2026-02-28 06:18:17'),
('019ca0aa-9e25-715c-b5d3-39b3d064d47a', '019ca0aa-9e18-72b7-847e-abd807544ac8', 0, NULL, 0, 0, '2026-02-28 06:24:22', '2026-02-28 06:43:10'),
('019ca0aa-9e26-73c7-96c7-1f048b84afd2', '019ca0aa-9e18-72b7-847e-abd807544ac8', 1, NULL, 0, 0, '2026-02-28 06:24:22', '2026-02-28 06:43:10'),
('019ca0aa-9e27-721b-87bc-4f8cacd9de6a', '019ca0aa-9e18-72b7-847e-abd807544ac8', 2, NULL, 0, 0, '2026-02-28 06:24:22', '2026-02-28 06:43:10'),
('019ca0aa-9e28-7354-aaa2-603eebc73be3', '019ca0aa-9e18-72b7-847e-abd807544ac8', 3, NULL, 0, 0, '2026-02-28 06:24:22', '2026-02-28 06:43:10'),
('019ca0aa-9e29-70e2-9bdc-8be1f81a8250', '019ca0aa-9e18-72b7-847e-abd807544ac8', 4, NULL, 0, 0, '2026-02-28 06:24:22', '2026-02-28 06:43:10'),
('019ca0aa-9e2a-70bf-93d5-cd9b310a7729', '019ca0aa-9e18-72b7-847e-abd807544ac8', 5, NULL, 0, 0, '2026-02-28 06:24:22', '2026-02-28 06:43:10'),
('019ca0aa-9e2b-7282-b820-0c875398949a', '019ca0aa-9e18-72b7-847e-abd807544ac8', 6, NULL, 0, 0, '2026-02-28 06:24:22', '2026-02-28 06:43:10'),
('019ca0aa-9e2c-715e-b56c-d1b5473c758f', '019ca0aa-9e18-72b7-847e-abd807544ac8', 7, NULL, 0, 0, '2026-02-28 06:24:22', '2026-02-28 06:43:10'),
('019ca0aa-9e32-737f-8718-0c32ff095522', '019ca0aa-9e18-72b7-847e-abd807544ac8', 8, NULL, 0, 0, '2026-02-28 06:24:22', '2026-02-28 06:43:10'),
('019ca251-36ab-7234-b2ba-49c30fe1d43a', '019ca251-3698-725d-a38b-aebe5243290a', 0, NULL, 0, 0, '2026-02-28 14:05:57', '2026-02-28 14:11:20'),
('019ca251-36b0-73c1-98e2-4561d7699d8e', '019ca251-3698-725d-a38b-aebe5243290a', 1, NULL, 0, 0, '2026-02-28 14:05:57', '2026-02-28 14:11:20'),
('019ca251-36b3-7010-9982-15bb45bef579', '019ca251-3698-725d-a38b-aebe5243290a', 2, NULL, 0, 0, '2026-02-28 14:05:57', '2026-02-28 14:11:20'),
('019ca251-36b5-7372-8169-5110030e5342', '019ca251-3698-725d-a38b-aebe5243290a', 3, NULL, 0, 0, '2026-02-28 14:05:57', '2026-02-28 14:11:20'),
('019ca251-36b5-7372-8169-511003ca7640', '019ca251-3698-725d-a38b-aebe5243290a', 4, NULL, 0, 0, '2026-02-28 14:05:57', '2026-02-28 14:11:20'),
('019ca251-36b7-72aa-8b6c-83bd88a82fb4', '019ca251-3698-725d-a38b-aebe5243290a', 5, NULL, 0, 0, '2026-02-28 14:05:57', '2026-02-28 14:11:20'),
('019ca251-36b7-72aa-8b6c-83bd898a97c2', '019ca251-3698-725d-a38b-aebe5243290a', 6, NULL, 0, 0, '2026-02-28 14:05:57', '2026-02-28 14:11:20'),
('019ca251-36b8-71e6-be5a-189d85515e73', '019ca251-3698-725d-a38b-aebe5243290a', 7, NULL, 0, 0, '2026-02-28 14:05:57', '2026-02-28 14:11:20'),
('019ca251-36b9-7373-8809-716c62ec0dc2', '019ca251-3698-725d-a38b-aebe5243290a', 8, NULL, 0, 0, '2026-02-28 14:05:57', '2026-02-28 14:11:20'),
('019ca254-148d-7225-8cfb-401a00982c32', '019ca251-3698-725d-a38b-aebe5243290a', 9, NULL, 0, 0, '2026-02-28 14:09:05', '2026-02-28 14:11:20'),
('019ca254-148f-738e-b35a-5f54aeeb0602', '019ca251-3698-725d-a38b-aebe5243290a', 10, NULL, 0, 0, '2026-02-28 14:09:05', '2026-02-28 14:11:20'),
('019ca254-1490-73a6-bdd3-21ebb707286d', '019ca251-3698-725d-a38b-aebe5243290a', 11, NULL, 0, 0, '2026-02-28 14:09:05', '2026-02-28 14:11:20'),
('019ca254-1491-721e-b53f-d6ddeeb3450c', '019ca251-3698-725d-a38b-aebe5243290a', 12, NULL, 0, 0, '2026-02-28 14:09:05', '2026-02-28 14:11:20'),
('019ca254-1492-735b-87c7-8c1c6b0649f3', '019ca251-3698-725d-a38b-aebe5243290a', 13, NULL, 0, 0, '2026-02-28 14:09:05', '2026-02-28 14:11:20'),
('019ca254-1493-7181-8654-c054b8d5c98d', '019ca251-3698-725d-a38b-aebe5243290a', 14, NULL, 0, 0, '2026-02-28 14:09:05', '2026-02-28 14:11:20'),
('019ca254-1493-7181-8654-c054b919582c', '019ca251-3698-725d-a38b-aebe5243290a', 15, NULL, 0, 0, '2026-02-28 14:09:05', '2026-02-28 14:11:20'),
('019ca254-1494-7112-adad-78c8bc05713e', '019ca251-3698-725d-a38b-aebe5243290a', 16, NULL, 0, 0, '2026-02-28 14:09:05', '2026-02-28 14:11:20'),
('019ca254-1496-72c8-9071-9e102853ea87', '019ca251-3698-725d-a38b-aebe5243290a', 17, NULL, 0, 0, '2026-02-28 14:09:05', '2026-02-28 14:11:20'),
('019ca254-1498-701b-8265-c6f2776fd046', '019ca251-3698-725d-a38b-aebe5243290a', 18, NULL, 0, 0, '2026-02-28 14:09:05', '2026-02-28 14:11:20'),
('019ca254-1498-701b-8265-c6f277c4fc7b', '019ca251-3698-725d-a38b-aebe5243290a', 19, NULL, 0, 0, '2026-02-28 14:09:05', '2026-02-28 14:11:20'),
('019ca2e3-38d1-7229-af6b-e54061ad070e', '019ca2e3-38be-718e-b67b-37362984ad3d', 0, NULL, 0, 0, '2026-02-28 16:45:26', '2026-02-28 16:49:04'),
('019ca2e3-38da-722a-9c95-e6f87120c80c', '019ca2e3-38be-718e-b67b-37362984ad3d', 1, NULL, 0, 0, '2026-02-28 16:45:26', '2026-02-28 16:49:04'),
('019ca2e3-38db-7100-9d2c-7520556d03e3', '019ca2e3-38be-718e-b67b-37362984ad3d', 2, NULL, 0, 0, '2026-02-28 16:45:26', '2026-02-28 16:49:04'),
('019ca2e3-38dc-72b0-ba83-a3113563357e', '019ca2e3-38be-718e-b67b-37362984ad3d', 3, NULL, 0, 0, '2026-02-28 16:45:26', '2026-02-28 16:49:04'),
('019ca2e3-38dc-72b0-ba83-a311361ae87c', '019ca2e3-38be-718e-b67b-37362984ad3d', 4, NULL, 0, 0, '2026-02-28 16:45:26', '2026-02-28 16:49:04'),
('019ca2e3-38dd-72ae-8f16-5aead4c7d6d8', '019ca2e3-38be-718e-b67b-37362984ad3d', 5, NULL, 0, 0, '2026-02-28 16:45:26', '2026-02-28 16:49:04'),
('019ca2e3-38de-73df-9585-cde68ca91fe9', '019ca2e3-38be-718e-b67b-37362984ad3d', 6, NULL, 0, 0, '2026-02-28 16:45:26', '2026-02-28 16:49:04'),
('019ca2e3-38de-73df-9585-cde68cd3be92', '019ca2e3-38be-718e-b67b-37362984ad3d', 7, NULL, 0, 0, '2026-02-28 16:45:26', '2026-02-28 16:49:04'),
('019ca2e3-38df-7052-b425-4a81b2674cc2', '019ca2e3-38be-718e-b67b-37362984ad3d', 8, NULL, 0, 0, '2026-02-28 16:45:26', '2026-02-28 16:49:04'),
('019ca2e6-fc70-7031-9d2f-dea91ac33d28', '019ca2e6-fc66-7152-8b40-1d52ea427651', 0, NULL, 0, 0, '2026-02-28 16:49:32', '2026-02-28 16:52:58'),
('019ca2e6-fc72-730a-956a-7fce149c6f8b', '019ca2e6-fc66-7152-8b40-1d52ea427651', 1, NULL, 0, 0, '2026-02-28 16:49:32', '2026-02-28 16:52:58'),
('019ca2e6-fc73-7295-a908-83ba2e8f4c27', '019ca2e6-fc66-7152-8b40-1d52ea427651', 2, NULL, 0, 0, '2026-02-28 16:49:32', '2026-02-28 16:52:58'),
('019ca2e6-fc74-71e7-8b24-472306b50acd', '019ca2e6-fc66-7152-8b40-1d52ea427651', 3, NULL, 0, 0, '2026-02-28 16:49:32', '2026-02-28 16:52:58'),
('019ca2e6-fc75-72cb-969a-2d4a8256da5a', '019ca2e6-fc66-7152-8b40-1d52ea427651', 4, NULL, 0, 0, '2026-02-28 16:49:32', '2026-02-28 16:52:58'),
('019ca2e6-fc75-72cb-969a-2d4a8342ad4f', '019ca2e6-fc66-7152-8b40-1d52ea427651', 5, NULL, 0, 0, '2026-02-28 16:49:32', '2026-02-28 16:52:58'),
('019ca2e6-fc76-73fa-a2cf-a7cabafb08a1', '019ca2e6-fc66-7152-8b40-1d52ea427651', 6, NULL, 0, 0, '2026-02-28 16:49:32', '2026-02-28 16:52:58'),
('019ca2e6-fc76-73fa-a2cf-a7cabb5ac4c8', '019ca2e6-fc66-7152-8b40-1d52ea427651', 7, NULL, 0, 0, '2026-02-28 16:49:32', '2026-02-28 16:52:58'),
('019ca2e6-fc77-711d-8724-a79aa4780794', '019ca2e6-fc66-7152-8b40-1d52ea427651', 8, NULL, 0, 0, '2026-02-28 16:49:32', '2026-02-28 16:52:58'),
('019ca2ee-9bb2-73d5-a498-37c65dc58214', '019ca2ee-9ba2-7375-ac33-21ac1e152fb2', 0, NULL, 0, 0, '2026-02-28 16:57:52', '2026-02-28 16:58:12'),
('019ca2ee-9bb3-73b7-92e8-9422407c205b', '019ca2ee-9ba2-7375-ac33-21ac1e152fb2', 1, NULL, 0, 0, '2026-02-28 16:57:52', '2026-02-28 16:58:12'),
('019ca2ee-9bb4-70e3-9ad5-38d1b49d5932', '019ca2ee-9ba2-7375-ac33-21ac1e152fb2', 2, NULL, 0, 0, '2026-02-28 16:57:52', '2026-02-28 16:58:12'),
('019ca2ee-9bb5-7378-9c53-4a5deecf0bb2', '019ca2ee-9ba2-7375-ac33-21ac1e152fb2', 3, NULL, 0, 0, '2026-02-28 16:57:52', '2026-02-28 16:58:12'),
('019ca2ee-9bb5-7378-9c53-4a5def60ad25', '019ca2ee-9ba2-7375-ac33-21ac1e152fb2', 4, NULL, 0, 0, '2026-02-28 16:57:52', '2026-02-28 16:58:12'),
('019ca2ee-9bb6-7341-877e-e6118f289acf', '019ca2ee-9ba2-7375-ac33-21ac1e152fb2', 5, NULL, 0, 0, '2026-02-28 16:57:52', '2026-02-28 16:58:12'),
('019ca2f1-f90b-734c-ab5b-a14a40e00c17', '019ca2f1-f903-7132-9384-90c57a6a9951', 0, NULL, 0, 0, '2026-02-28 17:01:32', '2026-02-28 17:02:02'),
('019ca2f1-f90c-7216-8664-28b6bc0cf8d6', '019ca2f1-f903-7132-9384-90c57a6a9951', 1, NULL, 0, 0, '2026-02-28 17:01:32', '2026-02-28 17:02:02'),
('019ca2f1-f90c-7216-8664-28b6bc9ace2d', '019ca2f1-f903-7132-9384-90c57a6a9951', 2, NULL, 0, 0, '2026-02-28 17:01:32', '2026-02-28 17:02:02'),
('019ca2f1-f90d-7068-a749-9fb90aaf2d01', '019ca2f1-f903-7132-9384-90c57a6a9951', 3, NULL, 0, 0, '2026-02-28 17:01:32', '2026-02-28 17:02:02'),
('019ca2f1-f90e-73df-a00a-c31e934f2ba7', '019ca2f1-f903-7132-9384-90c57a6a9951', 4, NULL, 0, 0, '2026-02-28 17:01:32', '2026-02-28 17:02:02'),
('019ca2f1-f90f-727d-8f1b-f8b005e40ba6', '019ca2f1-f903-7132-9384-90c57a6a9951', 5, NULL, 0, 0, '2026-02-28 17:01:32', '2026-02-28 17:02:02'),
('019ca2f1-f90f-727d-8f1b-f8b0065de4ea', '019ca2f1-f903-7132-9384-90c57a6a9951', 6, NULL, 0, 0, '2026-02-28 17:01:32', '2026-02-28 17:02:02'),
('019ca2f1-f910-708a-8a62-6bf096f03ef7', '019ca2f1-f903-7132-9384-90c57a6a9951', 7, NULL, 0, 0, '2026-02-28 17:01:32', '2026-02-28 17:02:02'),
('019ca2f1-f910-708a-8a62-6bf0976e2ef9', '019ca2f1-f903-7132-9384-90c57a6a9951', 8, NULL, 0, 0, '2026-02-28 17:01:32', '2026-02-28 17:02:02'),
('019ca37d-007b-71c2-9416-fb04c5aafbe3', '019ca37d-0067-73f3-86f4-d74f1a360328', 0, NULL, 0, 0, '2026-02-28 19:33:24', '2026-02-28 19:33:33'),
('019ca37d-0085-7389-91d3-99a2616dd562', '019ca37d-0067-73f3-86f4-d74f1a360328', 1, NULL, 0, 0, '2026-02-28 19:33:24', '2026-02-28 19:33:33'),
('019ca37d-0086-7239-a622-c4b3efd8be76', '019ca37d-0067-73f3-86f4-d74f1a360328', 2, NULL, 0, 0, '2026-02-28 19:33:24', '2026-02-28 19:33:33'),
('019ca37d-0087-73e1-acda-81b11c301a89', '019ca37d-0067-73f3-86f4-d74f1a360328', 3, NULL, 0, 0, '2026-02-28 19:33:24', '2026-02-28 19:33:33'),
('019ca37d-0088-71ed-812a-b8d3fcef971a', '019ca37d-0067-73f3-86f4-d74f1a360328', 4, NULL, 0, 0, '2026-02-28 19:33:24', '2026-02-28 19:33:33'),
('019ca37d-0088-71ed-812a-b8d3fd4baf9d', '019ca37d-0067-73f3-86f4-d74f1a360328', 5, NULL, 0, 0, '2026-02-28 19:33:24', '2026-02-28 19:33:33'),
('019ca37d-0089-70e6-a2cd-977460caff2e', '019ca37d-0067-73f3-86f4-d74f1a360328', 6, NULL, 0, 0, '2026-02-28 19:33:24', '2026-02-28 19:33:33'),
('019ca37d-008a-7179-89c5-dfb0cfb1d2a0', '019ca37d-0067-73f3-86f4-d74f1a360328', 7, NULL, 0, 0, '2026-02-28 19:33:24', '2026-02-28 19:33:33'),
('019ca37d-008a-7179-89c5-dfb0cfdb236b', '019ca37d-0067-73f3-86f4-d74f1a360328', 8, NULL, 0, 0, '2026-02-28 19:33:24', '2026-02-28 19:33:33'),
('019ca437-2719-73ea-910b-f1a7288daa38', '019ca437-26fd-720a-91e2-11d5ea6a430a', 0, NULL, 0, 0, '2026-02-28 22:56:43', '2026-02-28 22:56:54'),
('019ca437-2724-7058-be30-859d1d3227ca', '019ca437-26fd-720a-91e2-11d5ea6a430a', 1, NULL, 0, 0, '2026-02-28 22:56:43', '2026-02-28 22:56:54'),
('019ca437-2725-7299-8b00-b609fa4879b5', '019ca437-26fd-720a-91e2-11d5ea6a430a', 2, NULL, 0, 0, '2026-02-28 22:56:43', '2026-02-28 22:56:54'),
('019ca437-2727-7067-ae25-90fa39ef9f12', '019ca437-26fd-720a-91e2-11d5ea6a430a', 3, NULL, 0, 0, '2026-02-28 22:56:43', '2026-02-28 22:56:54'),
('019ca437-2728-7203-a6db-782d7b7ff135', '019ca437-26fd-720a-91e2-11d5ea6a430a', 4, NULL, 0, 0, '2026-02-28 22:56:43', '2026-02-28 22:56:54'),
('019ca437-2728-7203-a6db-782d7b900b4b', '019ca437-26fd-720a-91e2-11d5ea6a430a', 5, NULL, 0, 0, '2026-02-28 22:56:43', '2026-02-28 22:56:54'),
('019ca46b-9435-733f-bbfb-71b6a0230c44', '019ca46b-9426-70e0-a1d4-38625f253323', 0, NULL, 0, 0, '2026-02-28 23:53:59', '2026-02-28 23:56:27'),
('019ca46b-943a-7373-a3d0-992b7e00a5c9', '019ca46b-9426-70e0-a1d4-38625f253323', 1, NULL, 0, 0, '2026-02-28 23:53:59', '2026-02-28 23:56:27'),
('019ca46b-943b-70f6-bfa8-57356d487b2f', '019ca46b-9426-70e0-a1d4-38625f253323', 2, NULL, 0, 0, '2026-02-28 23:53:59', '2026-02-28 23:56:27'),
('019ca46b-943c-7185-8439-dc72b95201f4', '019ca46b-9426-70e0-a1d4-38625f253323', 3, NULL, 0, 0, '2026-02-28 23:53:59', '2026-02-28 23:56:27'),
('019ca46b-943c-7185-8439-dc72b9e3f799', '019ca46b-9426-70e0-a1d4-38625f253323', 4, NULL, 0, 0, '2026-02-28 23:53:59', '2026-02-28 23:56:27'),
('019ca46b-943e-720a-9204-dc3d2b611640', '019ca46b-9426-70e0-a1d4-38625f253323', 5, NULL, 0, 0, '2026-02-28 23:53:59', '2026-02-28 23:56:27'),
('019ca46b-943f-73e8-9749-5cd071eddaa8', '019ca46b-9426-70e0-a1d4-38625f253323', 6, NULL, 0, 0, '2026-02-28 23:53:59', '2026-02-28 23:56:27'),
('019ca46b-9440-71ae-bbab-c0900f82d13c', '019ca46b-9426-70e0-a1d4-38625f253323', 7, NULL, 0, 0, '2026-02-28 23:53:59', '2026-02-28 23:56:27'),
('019ca46b-9441-71cd-a1d6-df4ff084ff21', '019ca46b-9426-70e0-a1d4-38625f253323', 8, NULL, 0, 0, '2026-02-28 23:53:59', '2026-02-28 23:56:27'),
('019ca4a5-4cb8-706a-aa4a-939c3a4cc462', '019ca4a5-4ca8-70de-8e5b-aab9f0571c60', 0, NULL, 0, 0, '2026-03-01 00:57:02', '2026-03-01 00:57:29'),
('019ca4a5-4cc0-71c7-affc-9255ff61874b', '019ca4a5-4ca8-70de-8e5b-aab9f0571c60', 1, NULL, 0, 0, '2026-03-01 00:57:02', '2026-03-01 00:57:29'),
('019ca4a5-4cc1-714a-b069-f8798dee30b0', '019ca4a5-4ca8-70de-8e5b-aab9f0571c60', 2, NULL, 0, 0, '2026-03-01 00:57:02', '2026-03-01 00:57:29'),
('019ca4a5-4cc2-71a2-b48f-6f8cd91f1968', '019ca4a5-4ca8-70de-8e5b-aab9f0571c60', 3, NULL, 0, 0, '2026-03-01 00:57:02', '2026-03-01 00:57:29'),
('019ca4a5-4cc3-7207-bf22-204dc9c92305', '019ca4a5-4ca8-70de-8e5b-aab9f0571c60', 4, NULL, 0, 0, '2026-03-01 00:57:02', '2026-03-01 00:57:29'),
('019ca4a5-4cc3-7207-bf22-204dca3d2dd6', '019ca4a5-4ca8-70de-8e5b-aab9f0571c60', 5, NULL, 0, 0, '2026-03-01 00:57:02', '2026-03-01 00:57:29'),
('019ca4a5-4cc4-70b1-9844-2ffc2b8a10cb', '019ca4a5-4ca8-70de-8e5b-aab9f0571c60', 6, NULL, 0, 0, '2026-03-01 00:57:02', '2026-03-01 00:57:29'),
('019ca4a5-4cc4-70b1-9844-2ffc2c0c2f22', '019ca4a5-4ca8-70de-8e5b-aab9f0571c60', 7, NULL, 0, 0, '2026-03-01 00:57:02', '2026-03-01 00:57:29'),
('019ca4a5-4cc5-7249-ad72-6510316a3895', '019ca4a5-4ca8-70de-8e5b-aab9f0571c60', 8, NULL, 0, 0, '2026-03-01 00:57:02', '2026-03-01 00:57:29'),
('019ca4c1-1ee3-71aa-abe3-b8864563eb14', '019ca4c1-1ed8-735b-9852-8743d5d204a1', 0, NULL, 0, 0, '2026-03-01 01:27:25', '2026-03-01 01:27:25'),
('019ca4c1-1ee7-70e2-baba-74e5e2bf4833', '019ca4c1-1ed8-735b-9852-8743d5d204a1', 1, NULL, 0, 0, '2026-03-01 01:27:25', '2026-03-01 01:27:25'),
('019ca4c1-1ee8-7060-ab20-6671145d13df', '019ca4c1-1ed8-735b-9852-8743d5d204a1', 2, NULL, 0, 0, '2026-03-01 01:27:25', '2026-03-01 01:27:25'),
('019ca4c1-1ee9-7114-bd66-8a89e6fa35c5', '019ca4c1-1ed8-735b-9852-8743d5d204a1', 3, NULL, 0, 0, '2026-03-01 01:27:25', '2026-03-01 01:27:25'),
('019ca4c1-1eea-711f-9be7-a4f9b1cd98d3', '019ca4c1-1ed8-735b-9852-8743d5d204a1', 4, NULL, 0, 0, '2026-03-01 01:27:25', '2026-03-01 01:27:25'),
('019ca4c1-1eeb-72cc-ac11-5a89649d66bd', '019ca4c1-1ed8-735b-9852-8743d5d204a1', 5, NULL, 0, 0, '2026-03-01 01:27:25', '2026-03-01 01:27:25');

-- --------------------------------------------------------

--
-- Table structure for table `sessions`
--

CREATE TABLE `sessions` (
  `id` varchar(255) COLLATE utf8mb4_unicode_ci NOT NULL,
  `user_id` bigint UNSIGNED DEFAULT NULL,
  `ip_address` varchar(45) COLLATE utf8mb4_unicode_ci DEFAULT NULL,
  `user_agent` text COLLATE utf8mb4_unicode_ci,
  `payload` longtext COLLATE utf8mb4_unicode_ci NOT NULL,
  `last_activity` int NOT NULL
) ENGINE=InnoDB DEFAULT CHARSET=utf8mb4 COLLATE=utf8mb4_unicode_ci;

--
-- Dumping data for table `sessions`
--

INSERT INTO `sessions` (`id`, `user_id`, `ip_address`, `user_agent`, `payload`, `last_activity`) VALUES
('Cbx6C8iulUrytbKDW8zG8xQoWSJevPJkZQwTahIr', NULL, '98.87.115.128', 'Mozilla/5.0 (X11; Linux x86_64) AppleWebKit/537.36 (KHTML, like Gecko) Chrome/112.0.0.0 Safari/537.36', 'YTozOntzOjY6Il90b2tlbiI7czo0MDoiMzI0ZmhZZkRRbGp0Z1dyYkpxQnBLV21rZDFzYUxoUnNHU21JTzY2SCI7czo5OiJfcHJldmlvdXMiO2E6Mjp7czozOiJ1cmwiO3M6MzQ6Imh0dHBzOi8vd3d3LmNoYXRhdXJhLmluZHNvZnQyNC5jb20iO3M6NToicm91dGUiO3M6NDoiaG9tZSI7fXM6NjoiX2ZsYXNoIjthOjI6e3M6Mzoib2xkIjthOjA6e31zOjM6Im5ldyI7YTowOnt9fX0=', 1772287979),
('CdI66WuUKyRwupsw7kcHasYoYB3qtrPpg3rAqfYb', NULL, '209.85.238.39', 'PlayStore-Google', 'YTozOntzOjY6Il90b2tlbiI7czo0MDoiQ3dkc1gzY0ZwdGJWaERrT0ZjVXFlTHZlaDhqRDRHekw3aUJyMnlTQSI7czo5OiJfcHJldmlvdXMiO2E6Mjp7czozOiJ1cmwiO3M6NDU6Imh0dHBzOi8vY2hhdGF1cmEuaW5kc29mdDI0LmNvbS9wcml2YWN5LXBvbGljeSI7czo1OiJyb3V0ZSI7czoxNDoicHJpdmFjeS1wb2xpY3kiO31zOjY6Il9mbGFzaCI7YToyOntzOjM6Im9sZCI7YTowOnt9czozOiJuZXciO2E6MDp7fX19', 1772214050),
('EnTfXflA6zc6aV6cxszRCE4v6zmUoxkXVtroWdvg', NULL, '149.57.180.169', 'Mozilla/5.0 (X11; Linux i686; rv:109.0) Gecko/20100101 Firefox/120.0', 'YTozOntzOjY6Il90b2tlbiI7czo0MDoiUnZyNDhpQ21JdkN6a3h1aHFoSDJFU1RzNEg3Q0ZybHZiY2dLSFBlcyI7czo5OiJfcHJldmlvdXMiO2E6Mjp7czozOiJ1cmwiO3M6MzA6Imh0dHBzOi8vY2hhdGF1cmEuaW5kc29mdDI0LmNvbSI7czo1OiJyb3V0ZSI7czo0OiJob21lIjt9czo2OiJfZmxhc2giO2E6Mjp7czozOiJvbGQiO2E6MDp7fXM6MzoibmV3IjthOjA6e319fQ==', 1772234935),
('GHHzZ4u4S3cFVGu7YQIMBf40p0eAXzjcUOJtTBTN', NULL, '23.27.145.74', 'Mozilla/5.0 (X11; Linux i686; rv:109.0) Gecko/20100101 Firefox/120.0', 'YTozOntzOjY6Il90b2tlbiI7czo0MDoiQTdVUkExd3R3NGRqYjhSN0UxaFRmY1V2WWowY1RBOEQ0NGg1SXZUTCI7czo5OiJfcHJldmlvdXMiO2E6Mjp7czozOiJ1cmwiO3M6MzQ6Imh0dHBzOi8vd3d3LmNoYXRhdXJhLmluZHNvZnQyNC5jb20iO3M6NToicm91dGUiO3M6NDoiaG9tZSI7fXM6NjoiX2ZsYXNoIjthOjI6e3M6Mzoib2xkIjthOjA6e31zOjM6Im5ldyI7YTowOnt9fX0=', 1772234948),
('iKYmCSjWyubfl6KEnTDlLYH2GclJtHGKOzlCxJLN', NULL, '152.59.177.69', 'Mozilla/5.0 (Windows NT 10.0; Win64; x64) AppleWebKit/537.36 (KHTML, like Gecko) Chrome/145.0.0.0 Safari/537.36', 'YTo0OntzOjY6Il90b2tlbiI7czo0MDoiQ0JZWkdNb2NpeU9PQ3BjOGlJUzJSR1hDU0pWQktJaG1UUUhna3RmaSI7czo5OiJfcHJldmlvdXMiO2E6Mjp7czozOiJ1cmwiO3M6NDY6Imh0dHBzOi8vY2hhdGF1cmEuaW5kc29mdDI0LmNvbS9hZG1pbi9jb3VudHJpZXMiO3M6NToicm91dGUiO3M6MjE6ImFkbWluLmNvdW50cmllcy5pbmRleCI7fXM6NjoiX2ZsYXNoIjthOjI6e3M6Mzoib2xkIjthOjA6e31zOjM6Im5ldyI7YTowOnt9fXM6MTk6ImFkbWluX2F1dGhlbnRpY2F0ZWQiO2I6MTt9', 1772269870),
('jDazVpHVeuzzAZavZa7wSPsHKXYbAlklZEoPUSwA', NULL, '103.3.207.182', 'Mozilla/5.0 (Macintosh; Intel Mac OS X 10_15_7) AppleWebKit/537.36 (KHTML, like Gecko) Chrome/145.0.0.0 Safari/537.36', 'YTozOntzOjY6Il90b2tlbiI7czo0MDoiYnJGckVkRkNUNkM0NHh3V3NIZzdYR3hPeGg5enNMaGk0VVcySnJ2NiI7czo5OiJfcHJldmlvdXMiO2E6Mjp7czozOiJ1cmwiO3M6NDU6Imh0dHBzOi8vY2hhdGF1cmEuaW5kc29mdDI0LmNvbS9wcml2YWN5LXBvbGljeSI7czo1OiJyb3V0ZSI7czoxNDoicHJpdmFjeS1wb2xpY3kiO31zOjY6Il9mbGFzaCI7YToyOntzOjM6Im9sZCI7YTowOnt9czozOiJuZXciO2E6MDp7fX19', 1772290326),
('lPmMOZTxvIRLNhSl14YhN4gdinYQTw4JVR04LYgH', NULL, '98.87.115.128', 'Mozilla/5.0 (iPad; CPU OS 18_5_0 like Mac OS X) AppleWebKit/605.1.15 (KHTML, like Gecko) CriOS/138.0.7204.156 Mobile/15E148 Safari/604.1', 'YTozOntzOjY6Il90b2tlbiI7czo0MDoidGRZanZvUVBTajJSVlFXNkZyNVY3NzdZdXNqSU9QZUhEN2t3WVFpYiI7czo5OiJfcHJldmlvdXMiO2E6Mjp7czozOiJ1cmwiO3M6MzA6Imh0dHBzOi8vY2hhdGF1cmEuaW5kc29mdDI0LmNvbSI7czo1OiJyb3V0ZSI7czo0OiJob21lIjt9czo2OiJfZmxhc2giO2E6Mjp7czozOiJvbGQiO2E6MDp7fXM6MzoibmV3IjthOjA6e319fQ==', 1772287979),
('qyH1AMr0fdrnzWdsRU6fxh65sIWtzzYHTXejKrWw', NULL, '209.85.238.41', 'PlayStore-Google', 'YTozOntzOjY6Il90b2tlbiI7czo0MDoiQmFMa0JVS1FPTTlpbnhCZHJDWmdadldTaTd2S3dFeHNwTnl5UDg5NiI7czo5OiJfcHJldmlvdXMiO2E6Mjp7czozOiJ1cmwiO3M6NDU6Imh0dHBzOi8vY2hhdGF1cmEuaW5kc29mdDI0LmNvbS9wcml2YWN5LXBvbGljeSI7czo1OiJyb3V0ZSI7czoxNDoicHJpdmFjeS1wb2xpY3kiO31zOjY6Il9mbGFzaCI7YToyOntzOjM6Im9sZCI7YTowOnt9czozOiJuZXciO2E6MDp7fX19', 1772287302),
('rvpqsLDvVD5os2twuFvD8mY818kzRRafJwlM8TSF', NULL, '23.27.145.79', 'Mozilla/5.0 (Windows NT 10.0; Win64; x64) AppleWebKit/537.36 (KHTML, like Gecko) Chrome/119.0.0.0 Safari/537.36', 'YTozOntzOjY6Il90b2tlbiI7czo0MDoiaGkwbDdub0JCVEw2UHRnMTJzRFZwbWJralNXRnl1RG5kSVZIR0NnVCI7czo5OiJfcHJldmlvdXMiO2E6Mjp7czozOiJ1cmwiO3M6MzQ6Imh0dHBzOi8vd3d3LmNoYXRhdXJhLmluZHNvZnQyNC5jb20iO3M6NToicm91dGUiO3M6NDoiaG9tZSI7fXM6NjoiX2ZsYXNoIjthOjI6e3M6Mzoib2xkIjthOjA6e31zOjM6Im5ldyI7YTowOnt9fX0=', 1772238902),
('SdDbtgUtOg02u3kMg4X6EVMH2WJxwr9Ks4QEAVwu', NULL, '209.85.238.40', 'PlayStore-Google', 'YTozOntzOjY6Il90b2tlbiI7czo0MDoiWFFPSnFpaW1HZjY5dzY3bjh2TUpva2NIaGRobVZ0YU1hMVFNdGVxcCI7czo5OiJfcHJldmlvdXMiO2E6Mjp7czozOiJ1cmwiO3M6NDU6Imh0dHBzOi8vY2hhdGF1cmEuaW5kc29mdDI0LmNvbS9wcml2YWN5LXBvbGljeSI7czo1OiJyb3V0ZSI7czoxNDoicHJpdmFjeS1wb2xpY3kiO31zOjY6Il9mbGFzaCI7YToyOntzOjM6Im9sZCI7YTowOnt9czozOiJuZXciO2E6MDp7fX19', 1772214055),
('SkuL5e10jxcSu5cias0sGFITZ23ZKIjvv4VFHmQ3', NULL, '103.3.207.182', 'Mozilla/5.0 (Windows NT 10.0; Win64; x64) AppleWebKit/537.36 (KHTML, like Gecko) Chrome/145.0.0.0 Safari/537.36', 'YTozOntzOjY6Il90b2tlbiI7czo0MDoiZGx3bzlUbGlMUlA5WWQ1SWU1VGpIQ2tMZG9KS05vTmJvR1d0cmRIMSI7czo5OiJfcHJldmlvdXMiO2E6Mjp7czozOiJ1cmwiO3M6NDU6Imh0dHBzOi8vY2hhdGF1cmEuaW5kc29mdDI0LmNvbS9wcml2YWN5LXBvbGljeSI7czo1OiJyb3V0ZSI7czoxNDoicHJpdmFjeS1wb2xpY3kiO31zOjY6Il9mbGFzaCI7YToyOntzOjM6Im9sZCI7YTowOnt9czozOiJuZXciO2E6MDp7fX19', 1772289892),
('VPrs4Nl8uIusfC2VTtc0iA6BgCwN4WGrvac0NiiJ', NULL, '209.85.238.39', 'PlayStore-Google', 'YTozOntzOjY6Il90b2tlbiI7czo0MDoiNm9EeVVDaWFEaHRiUEltbkI5ME1ZanF4emhOWnBCb2EwdjV2aGYzQSI7czo5OiJfcHJldmlvdXMiO2E6Mjp7czozOiJ1cmwiO3M6NDU6Imh0dHBzOi8vY2hhdGF1cmEuaW5kc29mdDI0LmNvbS9wcml2YWN5LXBvbGljeSI7czo1OiJyb3V0ZSI7czoxNDoicHJpdmFjeS1wb2xpY3kiO31zOjY6Il9mbGFzaCI7YToyOntzOjM6Im9sZCI7YTowOnt9czozOiJuZXciO2E6MDp7fX19', 1772287307),
('VrZGYA8XRQOzxeoUlBJIusbULPGQCCZaHTElZECG', NULL, '209.85.238.41', 'PlayStore-Google', 'YTozOntzOjY6Il90b2tlbiI7czo0MDoiV29JM1B2UGNGWFJOZms5V1VOU08zOGF4UmdkUlMwMU9tRmdieENjdSI7czo5OiJfcHJldmlvdXMiO2E6Mjp7czozOiJ1cmwiO3M6NDU6Imh0dHBzOi8vY2hhdGF1cmEuaW5kc29mdDI0LmNvbS9wcml2YWN5LXBvbGljeSI7czo1OiJyb3V0ZSI7czoxNDoicHJpdmFjeS1wb2xpY3kiO31zOjY6Il9mbGFzaCI7YToyOntzOjM6Im9sZCI7YTowOnt9czozOiJuZXciO2E6MDp7fX19', 1772264450),
('YhJaDNbAxFxHTX3HwWpqDhoLz0skQepHRgrjt6qu', NULL, '103.3.207.182', 'Mozilla/5.0 (Macintosh; Intel Mac OS X 10_15_7) AppleWebKit/537.36 (KHTML, like Gecko) Chrome/145.0.0.0 Safari/537.36', 'YTo0OntzOjY6Il90b2tlbiI7czo0MDoiS3AxbTJpM2R4aHdRaXdINnNqQUJaOFpvSHg5QkloZzBpaUdWc3FNRCI7czo5OiJfcHJldmlvdXMiO2E6Mjp7czozOiJ1cmwiO3M6NDg6Imh0dHBzOi8vY2hhdGF1cmEuaW5kc29mdDI0LmNvbS9hZG1pbi93aXRoZHJhd2FscyI7czo1OiJyb3V0ZSI7czoyMzoiYWRtaW4ud2l0aGRyYXdhbHMuaW5kZXgiO31zOjY6Il9mbGFzaCI7YToyOntzOjM6Im9sZCI7YTowOnt9czozOiJuZXciO2E6MDp7fX1zOjE5OiJhZG1pbl9hdXRoZW50aWNhdGVkIjtiOjE7fQ==', 1772219726),
('Zlv3BYnSe9bXO3XS5fNkP7j3CKvuDXATnAhPo9Vm', NULL, '209.85.238.40', 'PlayStore-Google', 'YTozOntzOjY6Il90b2tlbiI7czo0MDoiY0xrNlBFdGlhWlJZMVNEUjZHSUk4NHZucG9uU3d1dlR3VE1TeUc4TSI7czo5OiJfcHJldmlvdXMiO2E6Mjp7czozOiJ1cmwiO3M6NDU6Imh0dHBzOi8vY2hhdGF1cmEuaW5kc29mdDI0LmNvbS9kZWxldGUtYWNjb3VudCI7czo1OiJyb3V0ZSI7czoxNDoiZGVsZXRlLWFjY291bnQiO31zOjY6Il9mbGFzaCI7YToyOntzOjM6Im9sZCI7YTowOnt9czozOiJuZXciO2E6MDp7fX19', 1772264460);

-- --------------------------------------------------------

--
-- Table structure for table `transactions`
--

CREATE TABLE `transactions` (
  `id` char(36) COLLATE utf8mb4_unicode_ci NOT NULL,
  `sender_id` bigint UNSIGNED NOT NULL,
  `receiver_id` bigint UNSIGNED NOT NULL,
  `room_id` char(36) COLLATE utf8mb4_unicode_ci NOT NULL,
  `gift_type_id` char(36) COLLATE utf8mb4_unicode_ci NOT NULL,
  `quantity` int NOT NULL DEFAULT '1',
  `coin_amount` int NOT NULL,
  `created_at` timestamp NULL DEFAULT NULL,
  `updated_at` timestamp NULL DEFAULT NULL
) ENGINE=InnoDB DEFAULT CHARSET=utf8mb4 COLLATE=utf8mb4_unicode_ci;

--
-- Dumping data for table `transactions`
--

INSERT INTO `transactions` (`id`, `sender_id`, `receiver_id`, `room_id`, `gift_type_id`, `quantity`, `coin_amount`, `created_at`, `updated_at`) VALUES
('019ca009-bc55-717c-a8d2-5d5199f1fe27', 21, 17, '019ca008-911b-71ed-b843-6c08759a95bf', '019c6ce8-ef94-7360-a337-772e3472b2af', 1, 10, '2026-02-28 03:28:38', '2026-02-28 03:28:38'),
('019ca00a-08ad-7017-81ce-96ac47f10374', 21, 14, '019ca008-911b-71ed-b843-6c08759a95bf', '019c6ce8-efac-728b-b5be-0a36a81fe117', 1, 50, '2026-02-28 03:28:58', '2026-02-28 03:28:58'),
('019ca00a-660a-7068-b0bb-7815bd45053d', 21, 14, '019ca008-911b-71ed-b843-6c08759a95bf', '019c6ce8-ef94-7360-a337-772e3472b2af', 1, 10, '2026-02-28 03:29:21', '2026-02-28 03:29:21'),
('019ca0a2-c71c-73b6-ae01-88b0d86f4e56', 21, 14, '019ca088-1708-7027-a8df-9eb229b3fc2a', '019c6ce8-ef94-7360-a337-772e3472b2af', 1, 10, '2026-02-28 06:15:48', '2026-02-28 06:15:48');

-- --------------------------------------------------------

--
-- Table structure for table `users`
--

CREATE TABLE `users` (
  `id` bigint UNSIGNED NOT NULL,
  `role` varchar(20) COLLATE utf8mb4_unicode_ci NOT NULL DEFAULT 'user',
  `name` varchar(255) COLLATE utf8mb4_unicode_ci NOT NULL,
  `display_name` varchar(255) COLLATE utf8mb4_unicode_ci DEFAULT NULL,
  `avatar_url` varchar(255) COLLATE utf8mb4_unicode_ci DEFAULT NULL,
  `level` int NOT NULL DEFAULT '1',
  `exp` int NOT NULL DEFAULT '0',
  `xp` bigint UNSIGNED NOT NULL DEFAULT '0',
  `selected_frame_id` bigint UNSIGNED DEFAULT NULL,
  `coin_balance` int NOT NULL DEFAULT '0',
  `wallet_balance` int NOT NULL DEFAULT '0',
  `total_earned_coins` int NOT NULL DEFAULT '0',
  `referral_balance` bigint UNSIGNED NOT NULL DEFAULT '0',
  `language` varchar(10) COLLATE utf8mb4_unicode_ci DEFAULT NULL,
  `country` varchar(100) COLLATE utf8mb4_unicode_ci DEFAULT NULL,
  `bio` varchar(150) COLLATE utf8mb4_unicode_ci DEFAULT NULL,
  `gender` varchar(20) COLLATE utf8mb4_unicode_ci DEFAULT NULL,
  `dob` date DEFAULT NULL,
  `gems` int UNSIGNED NOT NULL DEFAULT '0',
  `private_account` tinyint(1) NOT NULL DEFAULT '0',
  `show_online_status` tinyint(1) NOT NULL DEFAULT '1',
  `message_notifications` tinyint(1) NOT NULL DEFAULT '1',
  `room_notifications` tinyint(1) NOT NULL DEFAULT '1',
  `gift_notifications` tinyint(1) NOT NULL DEFAULT '1',
  `fcm_token` varchar(255) COLLATE utf8mb4_unicode_ci DEFAULT NULL,
  `invite_code` varchar(255) COLLATE utf8mb4_unicode_ci DEFAULT NULL,
  `invited_by` bigint UNSIGNED DEFAULT NULL,
  `email` varchar(255) COLLATE utf8mb4_unicode_ci DEFAULT NULL,
  `phone` varchar(255) COLLATE utf8mb4_unicode_ci DEFAULT NULL,
  `email_verified_at` timestamp NULL DEFAULT NULL,
  `password` varchar(255) COLLATE utf8mb4_unicode_ci NOT NULL,
  `remember_token` varchar(100) COLLATE utf8mb4_unicode_ci DEFAULT NULL,
  `created_at` timestamp NULL DEFAULT NULL,
  `updated_at` timestamp NULL DEFAULT NULL,
  `last_seen_at` timestamp NULL DEFAULT NULL
) ENGINE=InnoDB DEFAULT CHARSET=utf8mb4 COLLATE=utf8mb4_unicode_ci;

--
-- Dumping data for table `users`
--

INSERT INTO `users` (`id`, `role`, `name`, `display_name`, `avatar_url`, `level`, `exp`, `xp`, `selected_frame_id`, `coin_balance`, `wallet_balance`, `total_earned_coins`, `referral_balance`, `language`, `country`, `bio`, `gender`, `dob`, `gems`, `private_account`, `show_online_status`, `message_notifications`, `room_notifications`, `gift_notifications`, `fcm_token`, `invite_code`, `invited_by`, `email`, `phone`, `email_verified_at`, `password`, `remember_token`, `created_at`, `updated_at`, `last_seen_at`) VALUES
(1, 'user', 'Test', 'Test', NULL, 1, 0, 0, NULL, 0, 477, 0, 0, NULL, NULL, NULL, NULL, NULL, 0, 0, 1, 1, 1, 1, NULL, 'lDsmc4rM', NULL, NULL, '+1234567890', NULL, '$2y$12$w5K6opFom270vhH.1uxEBOJyYaoEZsfqDQc4CSSiiAHiB7tvfa1fW', NULL, '2026-02-17 23:55:15', '2026-02-28 22:43:56', NULL),
(2, 'user', 'Test', 'Test', NULL, 1, 0, 0, NULL, 0, 0, 0, 0, NULL, NULL, NULL, NULL, NULL, 0, 0, 1, 1, 1, 1, NULL, 'IHfmeaAO', NULL, NULL, '+9998887776', NULL, '$2y$12$SfAetkZFsIvZ6rahmAEwR.WHCR7iOv/MqYQxK/WDxTjANtZorpzsG', NULL, '2026-02-17 23:58:47', '2026-02-17 23:58:47', NULL),
(3, 'user', 'Test', 'Test', NULL, 1, 0, 0, NULL, 0, 0, 0, 0, NULL, NULL, NULL, NULL, NULL, 0, 0, 1, 1, 1, 1, NULL, 'nxxjfv86', NULL, NULL, '+5556667778', NULL, '$2y$12$wiJm16jUZMGfwMP5ktHX/eGIqNuQ9uBXwpLl4mAGzPSC.udiFZhb.', NULL, '2026-02-17 23:59:14', '2026-02-17 23:59:14', NULL),
(4, 'user', 'Test User', 'Test User', NULL, 1, 0, 0, NULL, 0, 0, 0, 0, NULL, NULL, NULL, NULL, NULL, 0, 0, 1, 1, 1, 1, NULL, 'CkWPlLPG', NULL, NULL, '+1112223334', NULL, '$2y$12$qf01id2x1XdWDwv/6XZ.peauO4twidjd8cfow30TTz32neS/QKZWS', NULL, '2026-02-18 00:05:10', '2026-02-18 00:05:10', NULL),
(5, 'user', 'Ravi', 'Ravi', NULL, 0, 0, 0, NULL, 200, 2460, 0, 0, NULL, 'IN', NULL, 'Male', '1992-02-14', 0, 1, 1, 1, 1, 1, NULL, 'LLDbZwGg', NULL, NULL, '9576683153', NULL, '$2y$12$D5j7DGUXo4HuQokluFLsuuoVEKKMs3SE5nD4x9/gXb3BBzadXzO2.', NULL, '2026-02-18 00:10:15', '2026-02-27 05:45:06', '2026-02-27 05:45:06'),
(6, 'user', 'Bibhu', 'Bibhu', 'https://chataura.indsoft24.com/storage/avatars/DQouiG0LINiIdkY3mpvsbRNTyOKa43eqxqSPh2Qr.png', 10, 0, 20020, 6, 100, 70, 272, 0, NULL, 'IN', 'Director of Indian Software Services.', 'Male', '1998-12-05', 202, 0, 0, 1, 1, 1, NULL, 'eMyiSkXB', NULL, NULL, '9614544971', NULL, '$2y$12$wLpv/pxzS6rMfM5ZuGUcC.dMQpqgfPQl320k4D6/A2Q89PxirO0wa', NULL, '2026-02-19 10:40:59', '2026-03-01 01:32:04', '2026-03-01 01:32:04'),
(7, 'user', 'Ravi', 'Ravi', NULL, 1, 0, 0, NULL, 0, 0, 0, 0, NULL, NULL, NULL, NULL, NULL, 0, 0, 1, 1, 1, 1, NULL, 'z72Poh6E', NULL, NULL, 'Ravi', NULL, '$2y$12$Mh.w/em7jMdf7M/H1Rajq.dcx1YwIaK1g/B6mD5x0NBG3uhueoV9y', NULL, '2026-02-19 12:34:08', '2026-02-19 12:34:08', NULL),
(8, 'user', 'Deleted User', 'Deleted User', NULL, 1, 0, 0, NULL, 0, 2061, 56, 0, NULL, NULL, NULL, NULL, NULL, 0, 0, 1, 1, 1, 1, NULL, '0ZjTi97r', NULL, NULL, NULL, NULL, '$2y$12$GeBhk51A44hmUy0j6tU9Me.8Eu03xvhG31XK0jZ9IkEjyFpyCj7F2', NULL, '2026-02-19 13:48:21', '2026-02-24 06:10:37', NULL),
(9, 'user', 'Ravi', 'Ravi', NULL, 1, 0, 0, NULL, 0, 0, 0, 0, NULL, NULL, NULL, NULL, NULL, 0, 0, 1, 1, 1, 1, NULL, 'A1T7Nkmv', NULL, NULL, '7520744870', NULL, '$2y$12$BFv5s4GUHQ2VAuJgoHt/6eptLlzOzR8fNhqmIIEhmlCuypKwmtycO', NULL, '2026-02-19 22:18:35', '2026-02-19 22:18:35', NULL),
(11, 'user', 'Test User', NULL, NULL, 1, 0, 0, NULL, 0, 0, 0, 0, NULL, NULL, NULL, NULL, NULL, 0, 0, 1, 1, 1, 1, NULL, NULL, NULL, 'test@example.com', NULL, '2026-02-20 13:30:37', '$2y$12$y9VS0LVO1DWQhWNC73n98OYo18i4/ahqSZzPaxFdY0ufs1kgJnRYu', 'sMXrgVAdIi', '2026-02-20 13:30:38', '2026-02-20 13:30:38', NULL),
(12, 'user', 'vik', 'vik', NULL, 1, 0, 0, NULL, 0, 0, 0, 0, NULL, NULL, NULL, NULL, NULL, 0, 0, 1, 1, 1, 1, NULL, 'egvJnNhm', NULL, NULL, '84171913151', NULL, '$2y$12$XCb0huy9Q5TLEKQ7ciEsregdhLxFQp28kp1BiZIFs4.c3ZlwTW3wO', NULL, '2026-02-20 22:41:28', '2026-02-20 22:41:28', NULL),
(13, 'user', 'Alok Chaudhary', 'Alok Chaudhary', NULL, 1, 0, 0, NULL, 0, 0, 0, 0, NULL, NULL, NULL, NULL, NULL, 0, 0, 1, 1, 1, 1, NULL, 'ZMqUjA7D', NULL, 'fromalokyahoo@gmail.com', NULL, NULL, '$2y$12$UGFKKBORux8Q9JST.Av9gO40t5PgsexGuqadN5W46y0uZilASOJtm', NULL, '2026-02-21 22:17:48', '2026-02-21 22:17:48', NULL),
(14, 'user', 'Bibhu De', 'Bibhu De', 'https://lh3.googleusercontent.com/a/ACg8ocLqI1u8ArEjBC_awkM4aHZ9Qzv9AEqaXpqFk_gMpQtYbrUWA8uKqw=s96-c', 0, 0, 57, NULL, 0, 9260, 1348, 0, NULL, 'IN', 'all about me', 'Male', '1998-12-05', 1178, 0, 1, 1, 1, 1, NULL, 'g77IqECY', NULL, 'bibhude2@gmail.com', NULL, '2026-02-22 10:57:47', '$2y$12$mGZ1GhzS6NHLPEacQ5HfiOUrysO54.SA1xHTPeBk3po9Uz8Lyg.Mq', NULL, '2026-02-22 10:57:47', '2026-03-01 01:38:02', '2026-03-01 01:38:02'),
(15, 'user', 'jameel mind', 'jameel mind', 'https://lh3.googleusercontent.com/a/ACg8ocKhOIp7jXw6woiBTMAPEAq_2tKB3RIRWKktJNkzmBiG7y4iDL4YmQ=s96-c', 0, 0, 20, 1, 200, 2404, 114, 0, NULL, 'IN', 'I am Indian', 'Male', '1987-07-01', 100, 0, 0, 1, 1, 1, NULL, 'B9cNXdQh', NULL, 'jameelmind007@gmail.com', NULL, '2026-02-22 11:11:17', '$2y$12$.MNbngbXgpCOIe26xDFPDu0dRIdY1R3g5NyngxJ7tCYeQ1f6qsTKS', NULL, '2026-02-22 11:11:17', '2026-02-28 23:05:29', '2026-02-28 23:05:29'),
(16, 'user', 'Aditya Goswami', 'Aditya Goswami', 'https://lh3.googleusercontent.com/a/ACg8ocJ4QqhSx5WOYb-X_zVWCYtKuFm_Af4PbBliIXSSPIlcMQpG3g=s96-c', 1, 0, 0, NULL, 0, 0, 0, 0, NULL, NULL, NULL, NULL, NULL, 0, 0, 1, 1, 1, 1, NULL, 'rtRoKfA3', NULL, 'adityagoswamiaa12@gmail.com', NULL, '2026-02-22 14:20:05', '$2y$12$DOs7GX76uUeCOqjBVJvGzeOwBtGnmTjDK7xjE1fNbskw0vCFqhjaS', NULL, '2026-02-22 14:20:05', '2026-02-22 14:20:05', NULL),
(17, 'user', 'Alok', 'Alok', 'https://lh3.googleusercontent.com/a/ACg8ocJjkgUIZCqxdmpzmHEP2T6dsdLqaaRYXrY51xfDmvD3CSEw-nI=s96-c', 0, 0, 2, NULL, 0, 0, 69, 0, NULL, 'IN', NULL, 'Male', '2026-02-11', 69, 0, 1, 1, 1, 1, NULL, 'RpQCAfjp', NULL, 'aloktopnex@gmail.com', NULL, '2026-02-22 14:20:30', '$2y$12$bjE1JVucePBYUo2YHV42ROw3Cr4stTQLgCVwHrEWs3gXGHjnpRtDe', NULL, '2026-02-22 14:20:30', '2026-02-28 03:30:59', '2026-02-28 03:30:59'),
(18, 'user', 'Atif Mansoori', 'Atif Mansoori', 'https://lh3.googleusercontent.com/a/ACg8ocKXknE29VXHLhrOFo2K1vTjpHDJXfqz8Lt1_HQK4t1t6dYLA0H8=s96-c', 0, 0, 0, NULL, 0, 0, 0, 0, NULL, 'IN', NULL, 'Male', '2010-06-05', 0, 0, 1, 1, 1, 1, NULL, 'eqw4c7G7', NULL, 'mansuriatif864@gmail.com', NULL, '2026-02-22 16:51:55', '$2y$12$aPt6qUt9MUgzw05eHuQbF.V9H37hULL5QYZEd5T8IcJVue7utu8QS', NULL, '2026-02-22 16:51:55', '2026-02-26 17:54:16', '2026-02-26 17:54:16'),
(19, 'user', 'K. K', 'K. K', 'https://chataura.indsoft24.com/storage/avatars/SP7LjT9HZTEFUakRHRb4q6Yrgs92L8HzQQdh9Cjr.jpg', 0, 0, 0, NULL, 0, 0, 0, 0, NULL, 'IN', NULL, 'Male', '1996-02-28', 0, 0, 1, 1, 1, 1, NULL, 'brQXH9rk', NULL, 'kashimkhan930@gmail.com', NULL, '2026-02-23 21:53:14', '$2y$12$IC8Fn3jdHJ/1QHMl7CEmQulmhDF5oGTMVpeWZJ3RqnfugtKzX.lw2', NULL, '2026-02-23 21:53:14', '2026-02-28 23:56:02', '2026-02-28 23:56:02'),
(20, 'user', 'chataura.com@gmail.com', 'chataura.com@gmail.com', NULL, 0, 0, 0, NULL, 0, 0, 0, 0, NULL, 'Pakistan', NULL, 'Other', '2026-02-26', 0, 0, 1, 1, 1, 1, NULL, 'giNHFMNJ', NULL, 'chataura.com@gmail.com', NULL, NULL, '$2y$12$ryZka7/KSi.8njZ9INzbGe89wkjEW2zDaA/wNCzrFaG8uXZPiEwYu', NULL, '2026-02-24 05:58:11', '2026-02-26 18:34:12', '2026-02-26 18:34:12'),
(21, 'user', 'Ravi Roushan', 'Ravi Roushan', 'https://lh3.googleusercontent.com/a/ACg8ocKGsCHHVgD2pAAqZPUE7scZB5Hkl5nwHN42pPOOH7rMj5V0jl1yvg=s96-c', 0, 0, 55, 1, 0, 95, 1564, 0, NULL, 'IN', 'Software Engineer', 'Male', '1996-02-18', 1449, 0, 1, 1, 1, 1, NULL, 'UABGZKnH', NULL, 'raviroushan1820@gmail.com', NULL, '2026-02-24 06:10:44', '$2y$12$q9JTij4wDrMeWOC202qUiujQNHhKPVmxDUQp0HI2A1qjPARW6lXH.', NULL, '2026-02-24 06:10:44', '2026-02-28 22:59:46', '2026-02-28 22:59:46'),
(22, 'seller', 'Ravi', 'Ravi', NULL, 1, 0, 0, NULL, 800, 800, 0, 0, NULL, NULL, NULL, NULL, NULL, 0, 0, 1, 1, 1, 1, NULL, NULL, NULL, 'indsoft24@gmail.com', '752074870', NULL, '$2y$12$O6MJQm11vVTa1N8NcmVqsOd5pV9D9q9tPvWcYZYd58vc3AvRzl4C.', NULL, '2026-02-24 08:00:10', '2026-02-24 13:43:13', NULL),
(23, 'user', 'rihana', 'rihana', 'https://lh3.googleusercontent.com/a/ACg8ocKqlhdKvSy37bcyD6XGQRNC6LgIgtfvMe8E58Mre6_nABO97w=s96-c', 0, 0, 0, NULL, 0, 149, 149, 0, NULL, 'IN', NULL, 'Female', '1992-02-13', 0, 0, 1, 1, 1, 1, NULL, '5yd7Zhik', NULL, 'rk0549424@gmail.com', NULL, '2026-02-24 19:01:49', '$2y$12$9kxz/WcJYtXgIgZi/tI7h.ZzgLEHE02EixRZPdNdOMeo6Wcm0jZki', NULL, '2026-02-24 19:01:48', '2026-02-28 16:35:22', '2026-02-28 16:35:22'),
(24, 'user', 'Ravi', 'Ravi', NULL, 0, 0, 0, NULL, 0, 4000, 0, 0, NULL, 'IN', 'testing', 'Male', '1996-02-07', 0, 0, 1, 1, 1, 1, NULL, 'myjhdAAU', NULL, NULL, '1234567890', NULL, '$2y$12$ho.8y7JMgFmMNEZ/7VDU6uGb9ERLITTga09lmtZkXrHnR/ee9kuC2', NULL, '2026-02-25 05:05:58', '2026-02-25 17:07:29', '2026-02-25 17:07:29'),
(26, 'user', 'VR GROUP', 'VR GROUP', 'https://lh3.googleusercontent.com/a/ACg8ocKC0c6tm7Qy32MWNDPhc3f7AUxpjj860HsjjZfSC-Ez7YNJ8w=s96-c', 0, 0, 0, NULL, 200, 211, 21, 0, NULL, 'IN', 'hi', 'Male', '2000-02-01', 0, 0, 1, 1, 1, 1, NULL, 'PKtlBiSr', NULL, 'vrgroupindia@gmail.com', NULL, '2026-02-25 16:24:55', '$2y$12$GHQd/ggtbC6DREQMfRvi6.r8lO/TGqYUDcDQwVZS40es1lGeIdNBm', NULL, '2026-02-25 16:24:55', '2026-02-27 18:30:49', '2026-02-27 18:30:49'),
(27, 'user', 'Ganesh Kumar B', 'Ganesh Kumar B', 'https://lh3.googleusercontent.com/a/ACg8ocLcN4cMPGiux_FIEcR2cVwmTJ1G8ej51GbWwhyQejWGsTkU-rO8rw=s96-c', 0, 0, 0, NULL, 200, 200, 35, 0, NULL, 'IN', 'hhhh', 'Male', '2026-02-19', 35, 0, 1, 1, 1, 1, NULL, 'o61gyG7p', NULL, 'ganesh.vinu@gmail.com', NULL, '2026-02-25 22:39:14', '$2y$12$N/zKRmZx/wnsDYmDNuXrC.OcgnJHVdOSd6bO4/Y0jVsAAMZhdAJJe', NULL, '2026-02-25 22:39:14', '2026-02-27 17:00:47', '2026-02-27 17:00:47'),
(28, 'user', 'Ravi', 'Ravi', NULL, 0, 0, 0, NULL, 0, 50, 0, 0, NULL, 'IN', 'software', 'Male', '2004-02-12', 0, 0, 1, 1, 1, 1, NULL, 'GGEQCphW', 6, NULL, '7151618919', NULL, '$2y$12$Y.HiooX8kSmQmMkDl5hRpul2azrZKC/kc1oibLKwJUmxqtNRe8IQq', NULL, '2026-02-26 01:50:57', '2026-02-26 02:32:44', '2026-02-26 02:32:44'),
(29, 'user', 'Bibhu De', 'Bibhu De', 'https://lh3.googleusercontent.com/a/ACg8ocLPYy1feUsCrwTNL9zRkqPATjv9o3jD2ACbNFgdxX19eGhNI3sJ=s96-c', 0, 0, 8, NULL, 0, 150, 116, 0, NULL, 'IN', 'rhhcch', 'Male', '1998-02-26', 16, 0, 1, 1, 1, 1, NULL, 'tQh6eNEz', NULL, 'bibhude5@gmail.com', NULL, '2026-02-26 05:25:47', '$2y$12$FOARHNEv.O6/iunk/qQ89.3HY1CmiZM4c.0rUiA9s0ooPdSrshtoW', NULL, '2026-02-26 05:25:47', '2026-02-27 16:15:42', '2026-02-27 16:15:42'),
(30, 'seller', 'Ravi Seller', 'Ravi Seller', NULL, 0, 0, 5, NULL, 1000, 780, 28, 0, NULL, 'IN', NULL, 'Male', '1996-02-14', 28, 0, 1, 1, 1, 1, NULL, NULL, NULL, 'ravi@gmail.com', NULL, NULL, '$2y$12$Y/536QsN1s6o9xnuLyW9SO/VEWAYGufhnG02yPkSnYPmdexr6HSiK', NULL, '2026-02-26 17:21:40', '2026-02-27 03:48:54', '2026-02-27 03:48:54'),
(31, 'seller', 'chat aura officeal', 'chat aura officeal', NULL, 0, 0, 0, NULL, 1002, 902, 0, 0, NULL, 'IN', NULL, 'Male', '2002-02-14', 0, 0, 1, 1, 1, 1, NULL, NULL, NULL, NULL, '9653058585', NULL, '$2y$12$vdthwTpMyYk0nP.F9RcPG.xKoixtxU3lLKLdbqKm7NC026ULhovxq', NULL, '2026-02-26 17:23:53', '2026-02-26 19:02:02', '2026-02-26 19:02:02'),
(32, 'user', 'Iam rohit', 'Iam rohit', 'https://lh3.googleusercontent.com/a/ACg8ocIJpT4iCxDW1hUc5bVEplRTHqeZ3-4W2suqez_ITnQvY6Yf-KA5=s96-c', 1, 0, 0, NULL, 0, 0, 0, 0, NULL, 'IN', NULL, 'Male', '1993-10-13', 0, 0, 1, 1, 1, 1, NULL, 'NQbWUx5A', NULL, 'iamrohit594@gmail.com', NULL, '2026-02-26 18:25:58', '$2y$12$0AoFvWVIPODod3RnjBrnQelxrsy4uaQrJwWHJbNusByXIlWK0srsG', NULL, '2026-02-26 18:25:58', '2026-02-26 18:27:06', '2026-02-26 18:27:06'),
(33, 'user', 'Bibhu Der', 'Bibhu Der', NULL, 1, 0, 0, NULL, 0, 0, 0, 0, NULL, NULL, NULL, NULL, NULL, 0, 0, 1, 1, 1, 1, NULL, 'T4JMBMDf', NULL, 'bibhude1998@gmail.com', NULL, NULL, '$2y$12$3ea.hCStc2BWnW/JjjuclOFw92pfY7UBmrevmxg/eU.oKdxAbUbve', NULL, '2026-02-27 06:11:05', '2026-02-27 06:24:11', '2026-02-27 06:24:11'),
(34, 'user', 'Bibhu Der', 'Bibhu Der', NULL, 1, 0, 0, NULL, 0, 0, 0, 0, NULL, NULL, NULL, NULL, NULL, 0, 0, 1, 1, 1, 1, NULL, 'oLNjd6O1', NULL, 'debibhu96@gmail.com', NULL, NULL, '$2y$12$TNw.0OnymMzRHtBgD5T.pOGChk522x6bV8smWoXUNqCusjr/vzSfq', NULL, '2026-02-27 06:26:01', '2026-02-27 07:00:09', '2026-02-27 07:00:09'),
(35, 'user', 'Bikash De', 'Bikash De', NULL, 1, 0, 0, NULL, 0, 0, 0, 0, NULL, NULL, NULL, NULL, NULL, 0, 0, 1, 1, 1, 1, NULL, 'LW0NknhJ', NULL, 'bikashde62@gmail.com', NULL, NULL, '$2y$12$WtRNERIe5y8CZ.8qhbxvh.SS/FhpSZ1cIx9gT5sQx4svinA13UvAq', NULL, '2026-02-27 07:01:37', '2026-02-27 15:37:41', '2026-02-27 15:37:41'),
(36, 'user', 'Ruchika Jalal', 'Ruchika Jalal', 'https://lh3.googleusercontent.com/a/ACg8ocL5pOcakTv3GBnXIcpReXUEPcjnEAxC5uZqrHBV_S-0PPr9Z1qn=s96-c', 0, 0, 0, NULL, 0, 4890, 42, 0, NULL, 'IN', NULL, 'Female', '2026-02-03', 42, 0, 1, 1, 1, 1, NULL, 'NQmFXN7m', NULL, 'ruchikajalal97@gmail.com', NULL, '2026-02-27 17:34:05', '$2y$12$0ZCJW3yBTomrP4UftEHDeOx/iWIUmWuYzVq2ve/jP4Z/I1sBeavam', NULL, '2026-02-27 17:34:05', '2026-02-27 19:08:34', '2026-02-27 19:08:34'),
(37, 'user', 'Deleted User', 'Deleted User', NULL, 0, 0, 0, NULL, 100, 50, 35, 0, NULL, 'IN', NULL, 'Female', '2026-02-27', 35, 0, 1, 1, 1, 1, NULL, 'GP63bQdC', NULL, NULL, NULL, '2026-02-27 17:43:25', '$2y$12$IpoB5ZrVjX1LWAmRGOAyeeWZA8OvC6hP.Wyaqlb1CV.fbjQZJM1J6', NULL, '2026-02-27 17:43:25', '2026-02-28 22:12:56', '2026-02-28 22:12:47'),
(38, 'user', 'simmo', 'simmo', 'https://lh3.googleusercontent.com/a/ACg8ocIRUl_5r072ThBTaSrA_tpGELYzGUkbn7ZNRjt76lurp6ndIg=s96-c', 0, 0, 3, NULL, 0, 0, 88, 0, NULL, 'IN', NULL, 'Female', '2001-05-26', 88, 0, 1, 1, 1, 1, NULL, 'WVU36kcR', NULL, 'summostyle67@gmail.com', NULL, '2026-02-28 16:45:13', '$2y$12$FDAhFHB9lrD4okQdViXfAuJLUiusYR5z2/BaPXevk8VXl2GJwM4SO', NULL, '2026-02-28 16:45:13', '2026-02-28 17:04:43', '2026-02-28 17:04:43');

-- --------------------------------------------------------

--
-- Table structure for table `user_devices`
--

CREATE TABLE `user_devices` (
  `id` bigint UNSIGNED NOT NULL,
  `user_id` bigint UNSIGNED NOT NULL,
  `fcm_token` varchar(500) COLLATE utf8mb4_unicode_ci NOT NULL,
  `device_type` varchar(20) COLLATE utf8mb4_unicode_ci DEFAULT NULL,
  `platform` varchar(20) COLLATE utf8mb4_unicode_ci NOT NULL DEFAULT 'android',
  `created_at` timestamp NULL DEFAULT NULL,
  `updated_at` timestamp NULL DEFAULT NULL
) ENGINE=InnoDB DEFAULT CHARSET=utf8mb4 COLLATE=utf8mb4_unicode_ci;

--
-- Dumping data for table `user_devices`
--

INSERT INTO `user_devices` (`id`, `user_id`, `fcm_token`, `device_type`, `platform`, `created_at`, `updated_at`) VALUES
(1, 5, 'cnx7BtS-RnW_IS7rhyrRAf:APA91bF28O2T_Cd2FWgHoRL6m2dPxw_G3nXZix2Bsfu8UbKnZdCfkv6Vq6MQB8Piy_c8iELx8W2siwH6VNe0wTB9VdYQwtntdSAQSlFLbC0Pc0ema7PIxJc', 'android', 'android', '2026-02-22 02:24:57', '2026-02-27 05:22:24'),
(2, 6, 'eHUWx2QgSEikognnolhOGb:APA91bGGlO01PW1D88eZ9us_rttYzOSqStPbysklfVKtu0ph6e4PzQaO5hpzH3kSOI6UEcwEneapmhx-iKgur-p0r40pxoPFHKmod5UpsQnSsH6ef2qXsNE', 'android', 'android', '2026-02-22 10:04:28', '2026-02-28 17:04:50'),
(3, 8, 'culz4daBTOOfwe1gm5mGES:APA91bGa7W1zLJG4JAtsDmURdibV72757rWbC9uxSCN-GT77s9dLmdjEjbQfuBedstBnx1xG_DZI02iuDH8HdmNV1PLMj005us7vCylrQzJ7VKGJ02GZSII', 'android', 'android', '2026-02-22 10:04:39', '2026-02-23 08:13:59'),
(4, 14, 'fEB405yKQv-89jYficMVzS:APA91bFx7mpMKBeiv006wjQkbID5JqG4O_AADFgOQWFjb2RNxohWuayUdAsEPO8AAAzL3m1KGdaQQvNcGqJYrNKgDIZWtw6s5ymyj8nN8vKvys87fSJXoBs', 'android', 'android', '2026-02-22 10:57:48', '2026-02-28 22:29:43'),
(5, 15, 'ey9CS6HnSaG5XmQveF_9WO:APA91bGwVePCRQN4RS-GvAPlvXwQoSV_0XKaParU3aS0x8-UU1Aa_O636Ill9YLpEoPlau9uKKbLnH-ENCrF1rsUuw5j3WexjW5QBM9tSiEaTTa9Bl6q260', 'android', 'android', '2026-02-22 11:11:18', '2026-02-28 22:55:09'),
(6, 16, 'cy2oIotnSN6p0VEXfq-bGQ:APA91bF-kW6RdpC634WMCGJDOiL0YpgOiC2024YZEo9SnEfAI8alBC-co9mOHFx7WU3ZrX5_cdgMUzY4Q5078Tpj4upr-TRkcDT6z_CCN6muu4KQCxt3Jpo', 'android', 'android', '2026-02-22 14:20:05', '2026-02-22 15:43:04'),
(7, 17, 'ehqbx6isRIOZc2oG_gb3CD:APA91bHBYG6MfBU2h4sgYBaohjQQ4dTD9-jecVOBGXB3YWx4fhL-4_Ec-_X0PoRNTWac8tnxPOQnctSUHKQjEeOQn7byYRD6TSaAMdaCuC_foJE_C5o29d0', 'android', 'android', '2026-02-22 14:20:31', '2026-02-28 03:22:51'),
(8, 18, 'cKGNqayHTZ2YLdeneGxSYJ:APA91bH_3XHEdvXqmpqx2KpCD6pJXC4sHXQxVznfIe3wtwseDuZRpKc8wWvhgaFJsm2VgFxdGw7h6BotOc--P7Lpf4nLoRY0m7YIrXm2-jnDnR8BRpjJzd0', 'android', 'android', '2026-02-22 16:51:56', '2026-02-26 17:48:52'),
(9, 19, 'eyEYX0naS_GqTrM7l26-NY:APA91bEw4DzOkVBTCxIKNIRdi71ap0osy9LOCVZn461xl9wsHS0oCoS2IoXNze81P8zFkeqsamoPaubirE_ZN40yRTQlTyRVnLT-DA7xWnBCE2zmTAhMJrg', 'android', 'android', '2026-02-23 21:53:15', '2026-02-28 17:02:36'),
(10, 20, 'eD1eflUYRRmglrvQif9XFY:APA91bEn_DtQckjCv82dGt1tRxYTLDoPzqTXt7KnZZpIVcGbLYGOLzi0Hsd2_dFIcxzDGXgxYmreAZVuugB76zw95dckzn2_N0WAakvCADouudTJVTcftyg', 'android', 'android', '2026-02-24 05:58:12', '2026-02-24 05:58:12'),
(11, 21, 'eGq-C5AUQnOhr6VzkeINZx:APA91bHYZ_YgIjF5fxPM2xlnTU3H4rQ6z0w6iRJNaxxf72T_ORsA2MBguiyw_xIbk1sDyq4ZSkdD8gN-_dOPaZIdNHY85FZmd7z-a6gs0NO2ij5Giyncu5Q', 'android', 'android', '2026-02-24 06:10:45', '2026-02-28 22:32:54'),
(12, 22, 'eukF0JHNRVyYp33ysFhbOr:APA91bGoWhkS6wGilq2PCB0bu_cd09w9TtDxKdCjft4AdS4ozmtrm_hZCkWuUbFEdbt1JOn4uboPzlNFleh45U4QnZhzNGpSjaCYn3XNPNY0tRfPYzK7qJU', 'android', 'android', '2026-02-24 08:01:07', '2026-02-24 08:01:07'),
(13, 23, 'cUn5l8AIQB6tvm5ibAmK7a:APA91bGj9q9lL7hZW9RNj3U0RY7jZ2f--GdE6TJkhTnYJIxTkKIEBAyo2eCc-UAOd-ps-C30wy3q2cQHZkSdiKqIcFBwl51L7c15F0sQGP2cNGyHMrVk3SU', 'android', 'android', '2026-02-24 19:01:49', '2026-02-24 19:01:49'),
(14, 24, 'eCJEW_XvSAKdEEGE9AYYYW:APA91bG2exXBKZJ9hKLa0XzGfYQ6IVj1jInPK7KWXe685zsDBrhavPyZgQxq9mFn7RH_KrVrp2aDbBOjE_pFLEqe3LYg2SFBZI8eswc7AyZpZ_0MgDcyDG8', 'android', 'android', '2026-02-25 05:05:59', '2026-02-25 05:05:59'),
(15, 26, 'dq4B_OiaTemuqb6061wHmV:APA91bGT8Qh6B9k_7LfN7P7qds9cZaD-XSaXTWhrd23Pidc72s5XSEZQ6V9c8cO_CvHJ_0O0QQzadFy3EkmLJGs6b3oL1O7mPzzM_OPgKeZo6Rn9uTxb998', 'android', 'android', '2026-02-25 16:24:56', '2026-02-27 18:31:47'),
(16, 27, 'dra51jAnT0OlfS7xGUB1_9:APA91bGJcNZLBIS8HwMGxdSN74ZEGNv-a06zdM9ZXJBEVFxVLBIQzuOLUA4MtupIya4wFCrdKTFoVOTBZKRMH0c8uip5V1zqbQTEtTEGQS0oxJBkYMwOoY4', 'android', 'android', '2026-02-25 22:39:14', '2026-02-27 16:47:27'),
(17, 28, 'fD98kGg_R1eeacCBSkIdZh:APA91bFHaXQQgT9-hkW83c4DaCxSh_vb4w_hfZXc1WJrPqUrAOMyoLH9zp_fEdh4rxntThlZ7T1LOsvC3NTqpajNrggnpX6XD-GIaKiyrK8khbwEvdAm37s', 'android', 'android', '2026-02-26 01:50:58', '2026-02-26 01:50:58'),
(18, 29, 'eGfy2HBiTtq3uJ7bxL_uNS:APA91bE-KZSkMxOkP5tMumNynIxueMbSqpilqg4zdTeZcBTY-Liv69f9lsVnGq8iFEXmVg4a4N1FHZNClszx7cFIkFmrWVz_CTnFNlub1y-zfijXHDCgzsM', 'android', 'android', '2026-02-26 05:25:48', '2026-02-27 02:09:47'),
(19, 31, 'cp6-i0tPTTaRSO-VCI-n67:APA91bHCQMTXebZnygWZ4S-85zkvK2h1JtiEyzCTcAfXxh9PRUCJtL6-3o62evuElqXyckwnLJng8qyiuiS1Rci0RiAt9TA9Ko8HLLffn6l9Iakw-40uUBM', 'android', 'android', '2026-02-26 17:24:20', '2026-02-26 18:58:33'),
(20, 32, 'fQxDYWgBRRqjMDydg502ka:APA91bFakbGWAfjW4n6Jax7LcYT2pCrrQ_mOJSQpextVTAvjYJJMSdRWGWEDhGM7xgwqIe2Yr5RNPCaIszizr9cGQKgLEHV56uEJleNid3_Mjem75IEDp78', 'android', 'android', '2026-02-26 18:25:59', '2026-02-26 18:25:59'),
(21, 30, 'cnx7BtS-RnW_IS7rhyrRAf:APA91bF28O2T_Cd2FWgHoRL6m2dPxw_G3nXZix2Bsfu8UbKnZdCfkv6Vq6MQB8Piy_c8iELx8W2siwH6VNe0wTB9VdYQwtntdSAQSlFLbC0Pc0ema7PIxJc', 'android', 'android', '2026-02-27 02:05:49', '2026-02-27 02:05:49'),
(22, 33, 'cnx7BtS-RnW_IS7rhyrRAf:APA91bF28O2T_Cd2FWgHoRL6m2dPxw_G3nXZix2Bsfu8UbKnZdCfkv6Vq6MQB8Piy_c8iELx8W2siwH6VNe0wTB9VdYQwtntdSAQSlFLbC0Pc0ema7PIxJc', 'android', 'android', '2026-02-27 06:11:06', '2026-02-27 06:11:06'),
(23, 34, 'cl0r_YZvQz6wH8T-FnJrGR:APA91bEfGDXv2ZfDji9nsKeUo266Ih7bpjwGBVZd2VhO_T6nANjpZTL0NtsBEUxNH1SkXI-0MW2b8ck3e30Ta3SsUMhdeJP04uzp6mg4mZSjqqYZhfepthU', 'android', 'android', '2026-02-27 06:26:02', '2026-02-27 06:26:02'),
(24, 35, 'cCFtEg1MRdWVa-lxJHMjaK:APA91bFGEZb9eT9APx22oeettfW_qrkkfTelzcVdrTl1OBCgb0kd1OXOADVL80iYZ3eTxEm85rhwvExNv8aWnkdoCqO9YmNMMkGBI7YpPEviUxamHcV0s2I', 'android', 'android', '2026-02-27 07:01:37', '2026-02-27 07:01:37'),
(25, 36, 'e2dzhsrXRVuDRDcSXHtcOd:APA91bGKgJeTClX8gKNE2y7GERNDsMPgwz5vKb0KbvF3A7UEjEiUXlZXE-zdkwsEPHcpHNb4Wpywa4CX9iqXUnrxnVKAOIpLz58F3Z1vMMhSaN34Tzx-Iow', 'android', 'android', '2026-02-27 17:34:05', '2026-02-27 19:04:14'),
(26, 37, 'e1HLvlT2Q4KUry7DylZd9S:APA91bHbXcDX4rVozgeg94fIIqtOttWt-GN93ISJKNh1vF56-CfTGgOga2NhgeDh-oY_gZquzGNjaJlntfwkOmR2q93svbawsi6ziNSPZu8Uj5dzhohEFJg', 'android', 'android', '2026-02-27 17:43:26', '2026-02-27 20:16:10'),
(27, 38, 'fKWwnt5RTb-amy_6jAE4xN:APA91bExYAT_6bJIO0V7yUP0FjjEHaXo5EQpTiOG_pFYpal5cDW3PjGx2wigZi77gOzE9t2Z-T6LMzlZZvokR4WcTNkp3-JeUiiwKpvx8e21okeAYSD3bTI', 'android', 'android', '2026-02-28 16:45:14', '2026-02-28 16:45:14');

-- --------------------------------------------------------

--
-- Table structure for table `user_followers`
--

CREATE TABLE `user_followers` (
  `id` bigint UNSIGNED NOT NULL,
  `follower_id` bigint UNSIGNED NOT NULL,
  `following_id` bigint UNSIGNED NOT NULL,
  `status` varchar(20) COLLATE utf8mb4_unicode_ci NOT NULL DEFAULT 'accepted',
  `created_at` timestamp NULL DEFAULT NULL,
  `updated_at` timestamp NULL DEFAULT NULL
) ENGINE=InnoDB DEFAULT CHARSET=utf8mb4 COLLATE=utf8mb4_unicode_ci;

--
-- Dumping data for table `user_followers`
--

INSERT INTO `user_followers` (`id`, `follower_id`, `following_id`, `status`, `created_at`, `updated_at`) VALUES
(1, 6, 17, 'accepted', '2026-02-22 14:25:48', '2026-02-22 14:25:48'),
(2, 15, 18, 'accepted', '2026-02-22 16:53:01', '2026-02-22 16:53:01'),
(3, 5, 14, 'accepted', '2026-02-23 01:43:12', '2026-02-23 01:43:12'),
(5, 5, 8, 'accepted', '2026-02-23 07:29:54', '2026-02-23 07:29:54'),
(6, 5, 6, 'accepted', '2026-02-24 06:51:50', '2026-02-24 06:51:50'),
(8, 15, 19, 'accepted', '2026-02-24 18:04:18', '2026-02-24 18:04:18'),
(9, 23, 15, 'accepted', '2026-02-24 19:02:08', '2026-02-24 19:02:08'),
(10, 21, 24, 'accepted', '2026-02-25 06:51:15', '2026-02-25 06:51:15'),
(11, 24, 21, 'accepted', '2026-02-25 07:38:33', '2026-02-25 07:38:33'),
(12, 21, 26, 'accepted', '2026-02-25 16:30:12', '2026-02-25 16:30:12'),
(13, 29, 5, 'accepted', '2026-02-26 05:28:07', '2026-02-26 05:28:07'),
(14, 31, 18, 'accepted', '2026-02-26 17:49:51', '2026-02-26 17:49:51'),
(15, 18, 15, 'accepted', '2026-02-26 17:50:29', '2026-02-26 17:50:29'),
(16, 27, 21, 'accepted', '2026-02-27 16:49:21', '2026-02-27 16:49:21'),
(17, 21, 27, 'accepted', '2026-02-27 17:20:22', '2026-02-27 17:20:22'),
(18, 14, 26, 'accepted', '2026-02-27 17:21:36', '2026-02-27 17:21:36'),
(19, 14, 36, 'accepted', '2026-02-27 17:36:55', '2026-02-27 17:36:55'),
(20, 19, 15, 'accepted', '2026-02-28 17:07:18', '2026-02-28 17:07:18');

-- --------------------------------------------------------

--
-- Table structure for table `user_unlocked_frames`
--

CREATE TABLE `user_unlocked_frames` (
  `id` bigint UNSIGNED NOT NULL,
  `user_id` bigint UNSIGNED NOT NULL,
  `frame_id` bigint UNSIGNED NOT NULL,
  `unlocked_at` timestamp NOT NULL DEFAULT CURRENT_TIMESTAMP,
  `created_at` timestamp NULL DEFAULT NULL,
  `updated_at` timestamp NULL DEFAULT NULL
) ENGINE=InnoDB DEFAULT CHARSET=utf8mb4 COLLATE=utf8mb4_unicode_ci;

--
-- Dumping data for table `user_unlocked_frames`
--

INSERT INTO `user_unlocked_frames` (`id`, `user_id`, `frame_id`, `unlocked_at`, `created_at`, `updated_at`) VALUES
(1, 6, 1, '2026-02-24 19:39:35', '2026-02-24 19:39:35', '2026-02-24 19:39:35'),
(2, 6, 2, '2026-02-24 20:57:20', '2026-02-24 20:57:20', '2026-02-24 20:57:20'),
(3, 6, 3, '2026-02-24 20:57:20', '2026-02-24 20:57:20', '2026-02-24 20:57:20'),
(4, 6, 4, '2026-02-24 20:57:20', '2026-02-24 20:57:20', '2026-02-24 20:57:20'),
(5, 6, 5, '2026-02-24 20:57:20', '2026-02-24 20:57:20', '2026-02-24 20:57:20'),
(6, 6, 6, '2026-02-24 20:57:20', '2026-02-24 20:57:20', '2026-02-24 20:57:20'),
(7, 6, 7, '2026-02-24 20:57:20', '2026-02-24 20:57:20', '2026-02-24 20:57:20'),
(8, 6, 8, '2026-02-24 20:57:20', '2026-02-24 20:57:20', '2026-02-24 20:57:20'),
(9, 6, 9, '2026-02-24 20:57:20', '2026-02-24 20:57:20', '2026-02-24 20:57:20'),
(10, 6, 10, '2026-02-24 20:57:20', '2026-02-24 20:57:20', '2026-02-24 20:57:20'),
(11, 6, 11, '2026-02-24 20:57:20', '2026-02-24 20:57:20', '2026-02-24 20:57:20'),
(12, 14, 1, '2026-02-25 03:09:27', '2026-02-25 03:09:27', '2026-02-25 03:09:27'),
(13, 24, 1, '2026-02-25 06:38:57', '2026-02-25 06:38:57', '2026-02-25 06:38:57'),
(14, 21, 1, '2026-02-25 09:51:59', '2026-02-25 09:51:59', '2026-02-25 09:51:59'),
(15, 15, 1, '2026-02-25 09:57:29', '2026-02-25 09:57:29', '2026-02-25 09:57:29'),
(16, 26, 1, '2026-02-25 16:29:30', '2026-02-25 16:29:30', '2026-02-25 16:29:30'),
(17, 27, 1, '2026-02-25 22:40:37', '2026-02-25 22:40:37', '2026-02-25 22:40:37'),
(18, 28, 1, '2026-02-26 01:51:27', '2026-02-26 01:51:27', '2026-02-26 01:51:27'),
(19, 5, 1, '2026-02-26 03:00:09', '2026-02-26 03:00:09', '2026-02-26 03:00:09'),
(20, 29, 1, '2026-02-26 05:27:54', '2026-02-26 05:27:54', '2026-02-26 05:27:54'),
(21, 31, 1, '2026-02-26 17:29:03', '2026-02-26 17:29:03', '2026-02-26 17:29:03'),
(22, 18, 1, '2026-02-26 17:49:54', '2026-02-26 17:49:54', '2026-02-26 17:49:54'),
(23, 20, 1, '2026-02-26 18:32:28', '2026-02-26 18:32:28', '2026-02-26 18:32:28'),
(24, 30, 1, '2026-02-27 02:08:38', '2026-02-27 02:08:38', '2026-02-27 02:08:38'),
(25, 36, 1, '2026-02-27 17:34:33', '2026-02-27 17:34:33', '2026-02-27 17:34:33'),
(26, 37, 1, '2026-02-27 17:44:04', '2026-02-27 17:44:04', '2026-02-27 17:44:04'),
(27, 17, 1, '2026-02-28 03:23:27', '2026-02-28 03:23:27', '2026-02-28 03:23:27'),
(28, 23, 1, '2026-02-28 16:34:53', '2026-02-28 16:34:53', '2026-02-28 16:34:53'),
(29, 38, 1, '2026-02-28 16:49:16', '2026-02-28 16:49:16', '2026-02-28 16:49:16'),
(30, 19, 1, '2026-02-28 17:04:19', '2026-02-28 17:04:19', '2026-02-28 17:04:19');

-- --------------------------------------------------------

--
-- Table structure for table `virtual_gifts`
--

CREATE TABLE `virtual_gifts` (
  `id` bigint UNSIGNED NOT NULL,
  `name` varchar(255) COLLATE utf8mb4_unicode_ci NOT NULL,
  `image_url` varchar(255) COLLATE utf8mb4_unicode_ci DEFAULT NULL,
  `animation_url` varchar(500) COLLATE utf8mb4_unicode_ci DEFAULT NULL,
  `coin_cost` int NOT NULL,
  `is_active` tinyint(1) NOT NULL DEFAULT '1',
  `rarity` varchar(20) COLLATE utf8mb4_unicode_ci NOT NULL DEFAULT 'common',
  `created_at` timestamp NULL DEFAULT NULL,
  `updated_at` timestamp NULL DEFAULT NULL
) ENGINE=InnoDB DEFAULT CHARSET=utf8mb4 COLLATE=utf8mb4_unicode_ci;

--
-- Dumping data for table `virtual_gifts`
--

INSERT INTO `virtual_gifts` (`id`, `name`, `image_url`, `animation_url`, `coin_cost`, `is_active`, `rarity`, `created_at`, `updated_at`) VALUES
(1, 'Rose', 'https://chataura.indsoft24.com/storage/gifts/E1ZtPiBMyXP4WVYUVKKeKtNPvEpl2EdkffDdkQPz.png', NULL, 10, 1, 'common', '2026-02-25 08:55:32', '2026-02-27 22:20:33'),
(2, 'Heart', 'https://chataura.indsoft24.com/storage/gifts/eeK08ChieAZPfJAZr9VjBMDI28Li7nQARHF0FNpo.png', NULL, 20, 1, 'common', '2026-02-25 08:55:32', '2026-02-27 22:23:18'),
(3, 'Kiss', 'https://chataura.indsoft24.com/storage/gifts/riLcVsj8lgBLgUia53ofvWBq8Owup4yupD5uN8Gm.png', NULL, 50, 1, 'common', '2026-02-25 08:55:32', '2026-02-27 22:24:08'),
(4, 'Diamond', 'https://chataura.indsoft24.com/storage/gifts/j3m0mT3Zd0Y903h3MmW6eEhd1KKQ23YAcUPD9dXs.png', NULL, 100, 1, 'rare', '2026-02-25 08:55:32', '2026-02-27 22:26:18'),
(5, 'Flying Carpet', NULL, NULL, 200, 1, 'epic', '2026-02-25 08:55:32', '2026-02-25 08:55:32'),
(6, 'Crown', NULL, NULL, 500, 1, 'epic', '2026-02-25 08:55:32', '2026-02-25 08:55:32'),
(7, 'Rocket', NULL, NULL, 1000, 1, 'legendary', '2026-02-25 08:55:32', '2026-02-25 08:55:32');

-- --------------------------------------------------------

--
-- Table structure for table `wallet_packages`
--

CREATE TABLE `wallet_packages` (
  `id` bigint UNSIGNED NOT NULL,
  `coin_amount` int NOT NULL,
  `price_in_inr` decimal(10,2) NOT NULL,
  `is_active` tinyint(1) NOT NULL DEFAULT '1',
  `created_at` timestamp NULL DEFAULT NULL,
  `updated_at` timestamp NULL DEFAULT NULL
) ENGINE=InnoDB DEFAULT CHARSET=utf8mb4 COLLATE=utf8mb4_unicode_ci;

--
-- Dumping data for table `wallet_packages`
--

INSERT INTO `wallet_packages` (`id`, `coin_amount`, `price_in_inr`, `is_active`, `created_at`, `updated_at`) VALUES
(1, 1000, 100.00, 1, '2026-02-22 22:48:28', '2026-02-22 22:48:28'),
(2, 2500, 249.00, 1, '2026-02-27 02:23:47', '2026-02-27 02:23:47'),
(3, 5000, 498.00, 1, '2026-02-27 02:24:14', '2026-02-27 02:24:14'),
(4, 10000, 995.00, 1, '2026-02-27 02:24:35', '2026-02-27 02:24:35');

-- --------------------------------------------------------

--
-- Table structure for table `wallet_transactions`
--

CREATE TABLE `wallet_transactions` (
  `id` bigint UNSIGNED NOT NULL,
  `user_id` bigint UNSIGNED NOT NULL,
  `package_id` bigint UNSIGNED DEFAULT NULL,
  `razorpay_order_id` varchar(255) COLLATE utf8mb4_unicode_ci DEFAULT NULL,
  `razorpay_payment_id` varchar(255) COLLATE utf8mb4_unicode_ci DEFAULT NULL,
  `razorpay_signature` varchar(255) COLLATE utf8mb4_unicode_ci DEFAULT NULL,
  `status` varchar(20) COLLATE utf8mb4_unicode_ci NOT NULL DEFAULT 'PENDING',
  `amount_paid_inr` decimal(10,2) NOT NULL DEFAULT '0.00',
  `coins_credited` int NOT NULL DEFAULT '0',
  `created_at` timestamp NULL DEFAULT NULL,
  `updated_at` timestamp NULL DEFAULT NULL
) ENGINE=InnoDB DEFAULT CHARSET=utf8mb4 COLLATE=utf8mb4_unicode_ci;

--
-- Dumping data for table `wallet_transactions`
--

INSERT INTO `wallet_transactions` (`id`, `user_id`, `package_id`, `razorpay_order_id`, `razorpay_payment_id`, `razorpay_signature`, `status`, `amount_paid_inr`, `coins_credited`, `created_at`, `updated_at`) VALUES
(1, 5, 1, 'order_SJBlSrwVSa0XgD', NULL, NULL, 'PENDING', 100.00, 1000, '2026-02-22 22:48:39', '2026-02-22 22:48:39'),
(2, 5, 1, 'order_SJBldSYzfmCOD8', NULL, NULL, 'PENDING', 100.00, 1000, '2026-02-22 22:48:48', '2026-02-22 22:48:48'),
(3, 5, 1, 'order_SJBmWt2EG4BWmB', NULL, NULL, 'PENDING', 100.00, 1000, '2026-02-22 22:49:39', '2026-02-22 22:49:39'),
(4, 5, 1, 'order_SJBmde6bbQqbyt', NULL, NULL, 'PENDING', 100.00, 1000, '2026-02-22 22:49:45', '2026-02-22 22:49:45'),
(5, 5, 1, 'order_SJBsKTNpkVazOR', NULL, NULL, 'PENDING', 100.00, 1000, '2026-02-22 22:55:09', '2026-02-22 22:55:09'),
(6, 8, 1, 'order_SJCJQqZizoGpm4', 'pay_SJCK8LDOYQDOdM', '8a9138584cebacabef483b5469cafa8bc30908dcbee4ad0b2efe3ed8c97ba7ac', 'SUCCESS', 100.00, 1000, '2026-02-22 23:20:48', '2026-02-22 23:21:34'),
(7, 5, 1, 'order_SJCc3VOcurYmqY', NULL, NULL, 'PENDING', 100.00, 1000, '2026-02-22 23:38:26', '2026-02-22 23:38:26'),
(8, 5, 1, 'order_SJCcRKlbsZaxjl', 'pay_SJCcitQekj8aty', 'ebcd6af7f9c7433ee13aa737544e34ad96cfe194935a4120b4b267c4e774cb28', 'SUCCESS', 100.00, 1000, '2026-02-22 23:38:48', '2026-02-22 23:39:09'),
(9, 6, 1, 'order_SJCfjWsYy36GQJ', NULL, NULL, 'PENDING', 100.00, 1000, '2026-02-22 23:41:55', '2026-02-22 23:41:55'),
(10, 8, 1, 'order_SJDb5q6WNW7XDn', NULL, NULL, 'PENDING', 100.00, 1000, '2026-02-23 00:36:13', '2026-02-23 00:36:13'),
(11, 6, 1, 'order_SJLRkOCR704wHt', 'pay_SJLS4PMGFhCQxp', '3024107c85bb1ffe8685928c3d2a2f6d9936da179f1bc1616438e2a1f224b2e7', 'SUCCESS', 100.00, 1000, '2026-02-23 08:16:55', '2026-02-23 08:17:20'),
(12, 15, 1, 'order_SJMvMwe6YNOSNA', 'pay_SJMvnwftAV4zhu', 'b3f0dfdbde00ff42fa4161bb38a8006c487f1784e07e21e7c51deefee9823704', 'SUCCESS', 100.00, 1000, '2026-02-23 09:43:39', '2026-02-23 09:44:30'),
(13, 8, 1, 'order_SJfBRq3lscAMW0', NULL, NULL, 'PENDING', 100.00, 1000, '2026-02-24 03:35:21', '2026-02-24 03:35:21'),
(14, 8, 1, 'order_SJfBvzUIlHsFcd', 'pay_SJfC37deDTIlWg', '68452805c8c82f9e515e5c9bd71d43ac630031d9241164a3b8e0b5ab354ccc1b', 'SUCCESS', 100.00, 1000, '2026-02-24 03:35:49', '2026-02-24 03:36:19'),
(15, 21, 1, 'order_SJpjADpDBByC1C', 'pay_SJpjXnHyK4amFV', 'f182349605ac768b6c5523e78658dede3de61d90229b8762574da7176ce0999f', 'SUCCESS', 100.00, 1000, '2026-02-24 13:54:13', '2026-02-24 13:54:41'),
(16, 14, 1, 'order_SJpySI8MGQIMKK', 'pay_SJpydVbgaqT3oI', 'e9af8a3c297e523d32fd6d17cfc8dfb60e72400963cb2b8b6c5920070805c7ab', 'SUCCESS', 100.00, 1000, '2026-02-24 14:08:41', '2026-02-24 14:09:00'),
(17, 24, 1, 'order_SK95eXMzBdxkpJ', 'pay_SK960Duoe224Fr', '1d53ad948cd6c60e3f3374c5de947ced693954c41ef371d3fc8e4d0ba937881d', 'SUCCESS', 100.00, 1000, '2026-02-25 08:50:41', '2026-02-25 08:51:07'),
(18, 24, 1, 'order_SK969kfEYAPyoi', 'pay_SK96F9MXyOcNFZ', '4619aa4b1b53ec692f948232d91015773a88d2cb93ceb354e53a36d0e9365340', 'SUCCESS', 100.00, 1000, '2026-02-25 08:51:09', '2026-02-25 08:51:20'),
(19, 24, 1, 'order_SK96Nb24IewXuv', 'pay_SK96Tydb3gPCk9', 'ed330076045951b09784664740a075d25be11b11424cb547685c0a32c624a86f', 'SUCCESS', 100.00, 1000, '2026-02-25 08:51:22', '2026-02-25 08:51:33'),
(20, 24, 1, 'order_SK96wPbmSFpfGf', 'pay_SK972P1aABpa8A', '8152f9aa41aff6924395a6d21ef52819b9bdf442151a3699d0f3a23dce5314f4', 'SUCCESS', 100.00, 1000, '2026-02-25 08:51:54', '2026-02-25 08:52:04'),
(21, 29, 1, 'order_SKUeL2OyQB8VBc', 'pay_SKUeh5Vt3J8nXK', 'ddbcf1b55e2d655be1a6249c8f31473a1051eb6430c27a0382cb500fd4b12d34', 'SUCCESS', 100.00, 1000, '2026-02-26 05:56:05', '2026-02-26 05:56:33'),
(22, 18, 1, 'order_SKgpRcFtewrRSk', NULL, NULL, 'PENDING', 100.00, 1000, '2026-02-26 17:50:55', '2026-02-26 17:50:55'),
(23, 36, 1, 'order_SL55QuWhCrZlH1', NULL, NULL, 'PENDING', 100.00, 1000, '2026-02-27 17:34:42', '2026-02-27 17:34:42'),
(24, 36, 1, 'order_SL55QvmS3uAEEJ', NULL, NULL, 'PENDING', 100.00, 1000, '2026-02-27 17:34:42', '2026-02-27 17:34:42'),
(25, 36, 1, 'order_SL55QwCoXNhdNP', NULL, NULL, 'PENDING', 100.00, 1000, '2026-02-27 17:34:42', '2026-02-27 17:34:42'),
(26, 36, 1, 'order_SL55S3nCRMuSyH', NULL, NULL, 'PENDING', 100.00, 1000, '2026-02-27 17:34:43', '2026-02-27 17:34:43'),
(27, 36, 1, 'order_SL55S6gQ0Nwqkn', NULL, NULL, 'PENDING', 100.00, 1000, '2026-02-27 17:34:43', '2026-02-27 17:34:43'),
(28, 36, 3, 'order_SL55SHb22XKudz', 'pay_SL55yQ9fMux2iF', '8aecbf95207fb6dcfd7e71a8508b20ab8b893f541c832faa9ab4a5b84d664beb', 'SUCCESS', 498.00, 5000, '2026-02-27 17:34:43', '2026-02-27 17:35:22'),
(29, 15, 1, 'order_SL95UgJFxlVTPd', 'pay_SL95zJm1hCGIdT', '92407fc1de8b73a598865b012df0a2ee9a9b11e20359dd572ad54236f901d222', 'SUCCESS', 100.00, 1000, '2026-02-27 21:29:32', '2026-02-27 21:30:27'),
(30, 14, 4, 'order_SL9ZzUCDNNX3YF', 'pay_SL9aB1fDQJSjgg', 'dda29d8f3f38a9283ce53e26c1f8fcc9764ae9edca9fa5c1c432671af06444d5', 'SUCCESS', 995.00, 10000, '2026-02-27 21:58:24', '2026-02-27 21:58:41'),
(31, 6, 1, 'order_SLFP21pNSHT1xW', NULL, NULL, 'PENDING', 100.00, 1000, '2026-02-28 03:40:11', '2026-02-28 03:40:11'),
(32, 6, 2, 'order_SLFQBST8aLp5f7', NULL, NULL, 'PENDING', 249.00, 2500, '2026-02-28 03:41:17', '2026-02-28 03:41:17'),
(33, 6, 1, 'order_SLFTAHbGIG4BlS', NULL, NULL, 'PENDING', 100.00, 1000, '2026-02-28 03:44:06', '2026-02-28 03:44:06');

-- --------------------------------------------------------

--
-- Table structure for table `wealth_privileges`
--

CREATE TABLE `wealth_privileges` (
  `id` bigint UNSIGNED NOT NULL,
  `title` varchar(255) COLLATE utf8mb4_unicode_ci NOT NULL,
  `description` varchar(500) COLLATE utf8mb4_unicode_ci DEFAULT NULL,
  `icon_identifier` varchar(50) COLLATE utf8mb4_unicode_ci NOT NULL,
  `level_required` tinyint UNSIGNED NOT NULL DEFAULT '0',
  `sort_order` tinyint UNSIGNED NOT NULL DEFAULT '0',
  `is_active` tinyint(1) NOT NULL DEFAULT '1',
  `created_at` timestamp NULL DEFAULT NULL,
  `updated_at` timestamp NULL DEFAULT NULL
) ENGINE=InnoDB DEFAULT CHARSET=utf8mb4 COLLATE=utf8mb4_unicode_ci;

--
-- Dumping data for table `wealth_privileges`
--

INSERT INTO `wealth_privileges` (`id`, `title`, `description`, `icon_identifier`, `level_required`, `sort_order`, `is_active`, `created_at`, `updated_at`) VALUES
(1, 'Entry Bar', 'There will be a striking bar when you enter a room', 'entry_bar', 0, 1, 1, '2026-02-25 08:53:34', '2026-02-25 08:53:34'),
(2, 'Nameplate', 'Show your noble status', 'nameplate', 2, 2, 1, '2026-02-25 08:53:34', '2026-02-25 08:53:34'),
(3, 'Screen Share', 'Share your screen with the room', 'screen_share', 5, 3, 1, '2026-02-25 08:53:34', '2026-02-25 08:53:34');

-- --------------------------------------------------------

--
-- Table structure for table `withdrawal_requests`
--

CREATE TABLE `withdrawal_requests` (
  `id` bigint UNSIGNED NOT NULL,
  `user_id` bigint UNSIGNED NOT NULL,
  `gems_amount` int UNSIGNED NOT NULL,
  `payment_method` varchar(50) COLLATE utf8mb4_unicode_ci NOT NULL,
  `payment_details` text COLLATE utf8mb4_unicode_ci NOT NULL,
  `ifsc_code` varchar(50) COLLATE utf8mb4_unicode_ci DEFAULT NULL,
  `full_name` varchar(255) COLLATE utf8mb4_unicode_ci DEFAULT NULL,
  `bank_name` varchar(255) COLLATE utf8mb4_unicode_ci DEFAULT NULL,
  `bank_address` varchar(500) COLLATE utf8mb4_unicode_ci DEFAULT NULL,
  `swift_code` varchar(50) COLLATE utf8mb4_unicode_ci DEFAULT NULL,
  `country` varchar(100) COLLATE utf8mb4_unicode_ci DEFAULT NULL,
  `is_international` tinyint(1) NOT NULL DEFAULT '0',
  `status` varchar(20) COLLATE utf8mb4_unicode_ci NOT NULL DEFAULT 'pending',
  `admin_note` text COLLATE utf8mb4_unicode_ci,
  `created_at` timestamp NULL DEFAULT NULL,
  `updated_at` timestamp NULL DEFAULT NULL
) ENGINE=InnoDB DEFAULT CHARSET=utf8mb4 COLLATE=utf8mb4_unicode_ci;

--
-- Dumping data for table `withdrawal_requests`
--

INSERT INTO `withdrawal_requests` (`id`, `user_id`, `gems_amount`, `payment_method`, `payment_details`, `ifsc_code`, `full_name`, `bank_name`, `bank_address`, `swift_code`, `country`, `is_international`, `status`, `admin_note`, `created_at`, `updated_at`) VALUES
(1, 29, 100, 'up1', '12345678', NULL, NULL, NULL, NULL, NULL, NULL, 0, 'approved', '6546576', '2026-02-27 02:10:14', '2026-02-27 02:10:38'),
(2, 6, 100, 'UPI', 'BIBHU@OKHDFC', NULL, NULL, NULL, NULL, NULL, NULL, 0, 'rejected', 'invalid', '2026-02-28 05:33:30', '2026-02-28 05:34:54'),
(3, 6, 100, 'IMPS', '987656743238', 'SBIN005643', NULL, NULL, NULL, NULL, NULL, 0, 'rejected', 'uyh', '2026-02-28 05:41:35', '2026-02-28 05:45:26'),
(4, 6, 100, 'International Bank Transfer', 'Acc: 987654321', NULL, 'BIBHU', 'UGC', 'IYG,UT,FYY,876546', 'JYFCJHV7643', 'PHILIPINS', 1, 'rejected', 'tuygh', '2026-02-28 05:42:39', '2026-02-28 05:45:20');

--
-- Indexes for dumped tables
--

--
-- Indexes for table `admin_settings`
--
ALTER TABLE `admin_settings`
  ADD PRIMARY KEY (`id`);

--
-- Indexes for table `blocked_users`
--
ALTER TABLE `blocked_users`
  ADD PRIMARY KEY (`id`),
  ADD UNIQUE KEY `blocked_users_blocker_id_blocked_id_unique` (`blocker_id`,`blocked_id`),
  ADD KEY `blocked_users_blocked_id_foreign` (`blocked_id`);

--
-- Indexes for table `cache`
--
ALTER TABLE `cache`
  ADD PRIMARY KEY (`key`),
  ADD KEY `cache_expiration_index` (`expiration`);

--
-- Indexes for table `cache_locks`
--
ALTER TABLE `cache_locks`
  ADD PRIMARY KEY (`key`),
  ADD KEY `cache_locks_expiration_index` (`expiration`);

--
-- Indexes for table `calls`
--
ALTER TABLE `calls`
  ADD PRIMARY KEY (`id`),
  ADD KEY `calls_caller_id_index` (`caller_id`),
  ADD KEY `calls_receiver_id_index` (`receiver_id`),
  ADD KEY `calls_status_index` (`status`),
  ADD KEY `calls_receiver_id_status_index` (`receiver_id`,`status`),
  ADD KEY `calls_caller_id_status_index` (`caller_id`,`status`),
  ADD KEY `calls_status_last_heartbeat_at_index` (`status`,`last_heartbeat_at`);

--
-- Indexes for table `call_logs`
--
ALTER TABLE `call_logs`
  ADD PRIMARY KEY (`id`),
  ADD KEY `call_logs_caller_id_created_at_index` (`caller_id`,`created_at`),
  ADD KEY `call_logs_receiver_id_created_at_index` (`receiver_id`,`created_at`),
  ADD KEY `call_logs_conversation_id_foreign` (`conversation_id`);

--
-- Indexes for table `call_sessions`
--
ALTER TABLE `call_sessions`
  ADD PRIMARY KEY (`id`),
  ADD KEY `call_sessions_conversation_id_foreign` (`conversation_id`),
  ADD KEY `call_sessions_caller_id_index` (`caller_id`),
  ADD KEY `call_sessions_receiver_id_index` (`receiver_id`),
  ADD KEY `call_sessions_status_index` (`status`),
  ADD KEY `call_sessions_receiver_id_status_index` (`receiver_id`,`status`);

--
-- Indexes for table `chat_groups`
--
ALTER TABLE `chat_groups`
  ADD PRIMARY KEY (`id`),
  ADD KEY `chat_groups_created_by_foreign` (`created_by`),
  ADD KEY `chat_groups_conversation_id_foreign` (`conversation_id`);

--
-- Indexes for table `coin_transactions`
--
ALTER TABLE `coin_transactions`
  ADD PRIMARY KEY (`id`),
  ADD KEY `coin_transactions_sender_id_created_at_index` (`sender_id`,`created_at`),
  ADD KEY `coin_transactions_receiver_id_created_at_index` (`receiver_id`,`created_at`);

--
-- Indexes for table `conversations`
--
ALTER TABLE `conversations`
  ADD PRIMARY KEY (`id`),
  ADD KEY `conversations_group_id_foreign` (`group_id`);

--
-- Indexes for table `conversation_participants`
--
ALTER TABLE `conversation_participants`
  ADD PRIMARY KEY (`id`),
  ADD UNIQUE KEY `conversation_participants_conversation_id_user_id_unique` (`conversation_id`,`user_id`),
  ADD KEY `conversation_participants_user_id_index` (`user_id`);

--
-- Indexes for table `countries`
--
ALTER TABLE `countries`
  ADD PRIMARY KEY (`id`);

--
-- Indexes for table `failed_jobs`
--
ALTER TABLE `failed_jobs`
  ADD PRIMARY KEY (`id`),
  ADD UNIQUE KEY `failed_jobs_uuid_unique` (`uuid`);

--
-- Indexes for table `faq_items`
--
ALTER TABLE `faq_items`
  ADD PRIMARY KEY (`id`);

--
-- Indexes for table `feedback`
--
ALTER TABLE `feedback`
  ADD PRIMARY KEY (`id`),
  ADD KEY `feedback_user_id_foreign` (`user_id`);

--
-- Indexes for table `frames`
--
ALTER TABLE `frames`
  ADD PRIMARY KEY (`id`),
  ADD KEY `frames_level_required_index` (`level_required`);

--
-- Indexes for table `friendships`
--
ALTER TABLE `friendships`
  ADD PRIMARY KEY (`id`),
  ADD UNIQUE KEY `friendships_user_id_friend_id_unique` (`user_id`,`friend_id`),
  ADD KEY `friendships_friend_id_status_index` (`friend_id`,`status`);

--
-- Indexes for table `gift_types`
--
ALTER TABLE `gift_types`
  ADD PRIMARY KEY (`id`);

--
-- Indexes for table `group_members`
--
ALTER TABLE `group_members`
  ADD PRIMARY KEY (`id`),
  ADD UNIQUE KEY `group_members_chat_group_id_user_id_unique` (`chat_group_id`,`user_id`),
  ADD KEY `group_members_user_id_foreign` (`user_id`);

--
-- Indexes for table `jobs`
--
ALTER TABLE `jobs`
  ADD PRIMARY KEY (`id`),
  ADD KEY `jobs_queue_index` (`queue`);

--
-- Indexes for table `job_batches`
--
ALTER TABLE `job_batches`
  ADD PRIMARY KEY (`id`);

--
-- Indexes for table `languages`
--
ALTER TABLE `languages`
  ADD PRIMARY KEY (`id`),
  ADD UNIQUE KEY `languages_code_unique` (`code`);

--
-- Indexes for table `levels`
--
ALTER TABLE `levels`
  ADD PRIMARY KEY (`id`);

--
-- Indexes for table `messages`
--
ALTER TABLE `messages`
  ADD PRIMARY KEY (`id`),
  ADD KEY `messages_conversation_id_created_at_index` (`conversation_id`,`created_at`),
  ADD KEY `messages_conversation_id_index` (`conversation_id`),
  ADD KEY `messages_sender_id_index` (`sender_id`),
  ADD KEY `messages_created_at_index` (`created_at`);

--
-- Indexes for table `migrations`
--
ALTER TABLE `migrations`
  ADD PRIMARY KEY (`id`);

--
-- Indexes for table `password_reset_tokens`
--
ALTER TABLE `password_reset_tokens`
  ADD PRIMARY KEY (`email`);

--
-- Indexes for table `referral_history`
--
ALTER TABLE `referral_history`
  ADD PRIMARY KEY (`id`),
  ADD KEY `referral_history_referrer_id_created_at_index` (`referrer_id`,`created_at`),
  ADD KEY `referral_history_referee_id_created_at_index` (`referee_id`,`created_at`);

--
-- Indexes for table `refresh_tokens`
--
ALTER TABLE `refresh_tokens`
  ADD PRIMARY KEY (`id`),
  ADD UNIQUE KEY `refresh_tokens_token_unique` (`token`),
  ADD KEY `refresh_tokens_user_id_expires_at_index` (`user_id`,`expires_at`);

--
-- Indexes for table `rooms`
--
ALTER TABLE `rooms`
  ADD PRIMARY KEY (`id`),
  ADD UNIQUE KEY `rooms_agora_channel_name_unique` (`agora_channel_name`),
  ADD UNIQUE KEY `rooms_display_id_unique` (`display_id`),
  ADD KEY `rooms_owner_id_foreign` (`owner_id`),
  ADD KEY `rooms_is_live_created_at_index` (`is_live`,`created_at`),
  ADD KEY `rooms_host_id_foreign` (`host_id`),
  ADD KEY `rooms_theme_id_foreign` (`theme_id`);

--
-- Indexes for table `room_members`
--
ALTER TABLE `room_members`
  ADD PRIMARY KEY (`id`),
  ADD UNIQUE KEY `room_members_room_id_user_id_joined_at_unique` (`room_id`,`user_id`,`joined_at`),
  ADD KEY `room_members_user_id_foreign` (`user_id`),
  ADD KEY `room_members_room_id_user_id_left_at_index` (`room_id`,`user_id`,`left_at`);

--
-- Indexes for table `room_themes`
--
ALTER TABLE `room_themes`
  ADD PRIMARY KEY (`id`);

--
-- Indexes for table `seats`
--
ALTER TABLE `seats`
  ADD PRIMARY KEY (`id`),
  ADD UNIQUE KEY `seats_room_id_seat_index_unique` (`room_id`,`seat_index`),
  ADD KEY `seats_user_id_foreign` (`user_id`),
  ADD KEY `seats_room_id_user_id_index` (`room_id`,`user_id`);

--
-- Indexes for table `sessions`
--
ALTER TABLE `sessions`
  ADD PRIMARY KEY (`id`),
  ADD KEY `sessions_user_id_index` (`user_id`),
  ADD KEY `sessions_last_activity_index` (`last_activity`);

--
-- Indexes for table `transactions`
--
ALTER TABLE `transactions`
  ADD PRIMARY KEY (`id`),
  ADD KEY `transactions_room_id_foreign` (`room_id`),
  ADD KEY `transactions_gift_type_id_foreign` (`gift_type_id`),
  ADD KEY `transactions_sender_id_created_at_index` (`sender_id`,`created_at`),
  ADD KEY `transactions_receiver_id_created_at_index` (`receiver_id`,`created_at`);

--
-- Indexes for table `users`
--
ALTER TABLE `users`
  ADD PRIMARY KEY (`id`),
  ADD UNIQUE KEY `users_phone_unique` (`phone`),
  ADD UNIQUE KEY `users_invite_code_unique` (`invite_code`),
  ADD UNIQUE KEY `users_email_unique` (`email`),
  ADD KEY `users_invited_by_foreign` (`invited_by`),
  ADD KEY `users_phone_email_index` (`phone`,`email`),
  ADD KEY `users_selected_frame_id_foreign` (`selected_frame_id`);

--
-- Indexes for table `user_devices`
--
ALTER TABLE `user_devices`
  ADD PRIMARY KEY (`id`),
  ADD KEY `user_devices_user_id_index` (`user_id`),
  ADD KEY `user_devices_fcm_token_index` (`fcm_token`);

--
-- Indexes for table `user_followers`
--
ALTER TABLE `user_followers`
  ADD PRIMARY KEY (`id`),
  ADD UNIQUE KEY `user_followers_follower_id_following_id_unique` (`follower_id`,`following_id`),
  ADD KEY `user_followers_following_id_foreign` (`following_id`);

--
-- Indexes for table `user_unlocked_frames`
--
ALTER TABLE `user_unlocked_frames`
  ADD PRIMARY KEY (`id`),
  ADD UNIQUE KEY `user_unlocked_frames_user_id_frame_id_unique` (`user_id`,`frame_id`),
  ADD KEY `user_unlocked_frames_frame_id_foreign` (`frame_id`),
  ADD KEY `user_unlocked_frames_user_id_index` (`user_id`);

--
-- Indexes for table `virtual_gifts`
--
ALTER TABLE `virtual_gifts`
  ADD PRIMARY KEY (`id`);

--
-- Indexes for table `wallet_packages`
--
ALTER TABLE `wallet_packages`
  ADD PRIMARY KEY (`id`);

--
-- Indexes for table `wallet_transactions`
--
ALTER TABLE `wallet_transactions`
  ADD PRIMARY KEY (`id`),
  ADD KEY `wallet_transactions_package_id_foreign` (`package_id`),
  ADD KEY `wallet_transactions_user_id_created_at_index` (`user_id`,`created_at`),
  ADD KEY `wallet_transactions_razorpay_order_id_index` (`razorpay_order_id`);

--
-- Indexes for table `wealth_privileges`
--
ALTER TABLE `wealth_privileges`
  ADD PRIMARY KEY (`id`);

--
-- Indexes for table `withdrawal_requests`
--
ALTER TABLE `withdrawal_requests`
  ADD PRIMARY KEY (`id`),
  ADD KEY `withdrawal_requests_user_id_created_at_index` (`user_id`,`created_at`),
  ADD KEY `withdrawal_requests_status_index` (`status`);

--
-- AUTO_INCREMENT for dumped tables
--

--
-- AUTO_INCREMENT for table `admin_settings`
--
ALTER TABLE `admin_settings`
  MODIFY `id` bigint UNSIGNED NOT NULL AUTO_INCREMENT, AUTO_INCREMENT=2;

--
-- AUTO_INCREMENT for table `blocked_users`
--
ALTER TABLE `blocked_users`
  MODIFY `id` bigint UNSIGNED NOT NULL AUTO_INCREMENT, AUTO_INCREMENT=4;

--
-- AUTO_INCREMENT for table `calls`
--
ALTER TABLE `calls`
  MODIFY `id` bigint UNSIGNED NOT NULL AUTO_INCREMENT, AUTO_INCREMENT=223;

--
-- AUTO_INCREMENT for table `call_logs`
--
ALTER TABLE `call_logs`
  MODIFY `id` bigint UNSIGNED NOT NULL AUTO_INCREMENT, AUTO_INCREMENT=3;

--
-- AUTO_INCREMENT for table `call_sessions`
--
ALTER TABLE `call_sessions`
  MODIFY `id` bigint UNSIGNED NOT NULL AUTO_INCREMENT, AUTO_INCREMENT=116;

--
-- AUTO_INCREMENT for table `chat_groups`
--
ALTER TABLE `chat_groups`
  MODIFY `id` bigint UNSIGNED NOT NULL AUTO_INCREMENT, AUTO_INCREMENT=7;

--
-- AUTO_INCREMENT for table `coin_transactions`
--
ALTER TABLE `coin_transactions`
  MODIFY `id` bigint UNSIGNED NOT NULL AUTO_INCREMENT, AUTO_INCREMENT=231;

--
-- AUTO_INCREMENT for table `conversations`
--
ALTER TABLE `conversations`
  MODIFY `id` bigint UNSIGNED NOT NULL AUTO_INCREMENT, AUTO_INCREMENT=76;

--
-- AUTO_INCREMENT for table `conversation_participants`
--
ALTER TABLE `conversation_participants`
  MODIFY `id` bigint UNSIGNED NOT NULL AUTO_INCREMENT, AUTO_INCREMENT=163;

--
-- AUTO_INCREMENT for table `failed_jobs`
--
ALTER TABLE `failed_jobs`
  MODIFY `id` bigint UNSIGNED NOT NULL AUTO_INCREMENT;

--
-- AUTO_INCREMENT for table `faq_items`
--
ALTER TABLE `faq_items`
  MODIFY `id` bigint UNSIGNED NOT NULL AUTO_INCREMENT, AUTO_INCREMENT=4;

--
-- AUTO_INCREMENT for table `feedback`
--
ALTER TABLE `feedback`
  MODIFY `id` bigint UNSIGNED NOT NULL AUTO_INCREMENT;

--
-- AUTO_INCREMENT for table `frames`
--
ALTER TABLE `frames`
  MODIFY `id` bigint UNSIGNED NOT NULL AUTO_INCREMENT, AUTO_INCREMENT=12;

--
-- AUTO_INCREMENT for table `friendships`
--
ALTER TABLE `friendships`
  MODIFY `id` bigint UNSIGNED NOT NULL AUTO_INCREMENT, AUTO_INCREMENT=35;

--
-- AUTO_INCREMENT for table `group_members`
--
ALTER TABLE `group_members`
  MODIFY `id` bigint UNSIGNED NOT NULL AUTO_INCREMENT, AUTO_INCREMENT=25;

--
-- AUTO_INCREMENT for table `jobs`
--
ALTER TABLE `jobs`
  MODIFY `id` bigint UNSIGNED NOT NULL AUTO_INCREMENT, AUTO_INCREMENT=17;

--
-- AUTO_INCREMENT for table `languages`
--
ALTER TABLE `languages`
  MODIFY `id` bigint UNSIGNED NOT NULL AUTO_INCREMENT, AUTO_INCREMENT=7;

--
-- AUTO_INCREMENT for table `messages`
--
ALTER TABLE `messages`
  MODIFY `id` bigint UNSIGNED NOT NULL AUTO_INCREMENT, AUTO_INCREMENT=119;

--
-- AUTO_INCREMENT for table `migrations`
--
ALTER TABLE `migrations`
  MODIFY `id` int UNSIGNED NOT NULL AUTO_INCREMENT, AUTO_INCREMENT=65;

--
-- AUTO_INCREMENT for table `referral_history`
--
ALTER TABLE `referral_history`
  MODIFY `id` bigint UNSIGNED NOT NULL AUTO_INCREMENT, AUTO_INCREMENT=2;

--
-- AUTO_INCREMENT for table `room_themes`
--
ALTER TABLE `room_themes`
  MODIFY `id` bigint UNSIGNED NOT NULL AUTO_INCREMENT, AUTO_INCREMENT=2;

--
-- AUTO_INCREMENT for table `users`
--
ALTER TABLE `users`
  MODIFY `id` bigint UNSIGNED NOT NULL AUTO_INCREMENT, AUTO_INCREMENT=39;

--
-- AUTO_INCREMENT for table `user_devices`
--
ALTER TABLE `user_devices`
  MODIFY `id` bigint UNSIGNED NOT NULL AUTO_INCREMENT, AUTO_INCREMENT=28;

--
-- AUTO_INCREMENT for table `user_followers`
--
ALTER TABLE `user_followers`
  MODIFY `id` bigint UNSIGNED NOT NULL AUTO_INCREMENT, AUTO_INCREMENT=21;

--
-- AUTO_INCREMENT for table `user_unlocked_frames`
--
ALTER TABLE `user_unlocked_frames`
  MODIFY `id` bigint UNSIGNED NOT NULL AUTO_INCREMENT, AUTO_INCREMENT=31;

--
-- AUTO_INCREMENT for table `virtual_gifts`
--
ALTER TABLE `virtual_gifts`
  MODIFY `id` bigint UNSIGNED NOT NULL AUTO_INCREMENT, AUTO_INCREMENT=8;

--
-- AUTO_INCREMENT for table `wallet_packages`
--
ALTER TABLE `wallet_packages`
  MODIFY `id` bigint UNSIGNED NOT NULL AUTO_INCREMENT, AUTO_INCREMENT=5;

--
-- AUTO_INCREMENT for table `wallet_transactions`
--
ALTER TABLE `wallet_transactions`
  MODIFY `id` bigint UNSIGNED NOT NULL AUTO_INCREMENT, AUTO_INCREMENT=34;

--
-- AUTO_INCREMENT for table `wealth_privileges`
--
ALTER TABLE `wealth_privileges`
  MODIFY `id` bigint UNSIGNED NOT NULL AUTO_INCREMENT, AUTO_INCREMENT=4;

--
-- AUTO_INCREMENT for table `withdrawal_requests`
--
ALTER TABLE `withdrawal_requests`
  MODIFY `id` bigint UNSIGNED NOT NULL AUTO_INCREMENT, AUTO_INCREMENT=5;

--
-- Constraints for dumped tables
--

--
-- Constraints for table `blocked_users`
--
ALTER TABLE `blocked_users`
  ADD CONSTRAINT `blocked_users_blocked_id_foreign` FOREIGN KEY (`blocked_id`) REFERENCES `users` (`id`) ON DELETE CASCADE,
  ADD CONSTRAINT `blocked_users_blocker_id_foreign` FOREIGN KEY (`blocker_id`) REFERENCES `users` (`id`) ON DELETE CASCADE;

--
-- Constraints for table `calls`
--
ALTER TABLE `calls`
  ADD CONSTRAINT `calls_caller_id_foreign` FOREIGN KEY (`caller_id`) REFERENCES `users` (`id`) ON DELETE CASCADE,
  ADD CONSTRAINT `calls_receiver_id_foreign` FOREIGN KEY (`receiver_id`) REFERENCES `users` (`id`) ON DELETE CASCADE;

--
-- Constraints for table `call_logs`
--
ALTER TABLE `call_logs`
  ADD CONSTRAINT `call_logs_caller_id_foreign` FOREIGN KEY (`caller_id`) REFERENCES `users` (`id`) ON DELETE CASCADE,
  ADD CONSTRAINT `call_logs_conversation_id_foreign` FOREIGN KEY (`conversation_id`) REFERENCES `conversations` (`id`) ON DELETE SET NULL,
  ADD CONSTRAINT `call_logs_receiver_id_foreign` FOREIGN KEY (`receiver_id`) REFERENCES `users` (`id`) ON DELETE CASCADE;

--
-- Constraints for table `call_sessions`
--
ALTER TABLE `call_sessions`
  ADD CONSTRAINT `call_sessions_caller_id_foreign` FOREIGN KEY (`caller_id`) REFERENCES `users` (`id`) ON DELETE CASCADE,
  ADD CONSTRAINT `call_sessions_conversation_id_foreign` FOREIGN KEY (`conversation_id`) REFERENCES `conversations` (`id`) ON DELETE SET NULL,
  ADD CONSTRAINT `call_sessions_receiver_id_foreign` FOREIGN KEY (`receiver_id`) REFERENCES `users` (`id`) ON DELETE CASCADE;

--
-- Constraints for table `chat_groups`
--
ALTER TABLE `chat_groups`
  ADD CONSTRAINT `chat_groups_conversation_id_foreign` FOREIGN KEY (`conversation_id`) REFERENCES `conversations` (`id`) ON DELETE SET NULL,
  ADD CONSTRAINT `chat_groups_created_by_foreign` FOREIGN KEY (`created_by`) REFERENCES `users` (`id`) ON DELETE CASCADE;

--
-- Constraints for table `coin_transactions`
--
ALTER TABLE `coin_transactions`
  ADD CONSTRAINT `coin_transactions_receiver_id_foreign` FOREIGN KEY (`receiver_id`) REFERENCES `users` (`id`) ON DELETE CASCADE,
  ADD CONSTRAINT `coin_transactions_sender_id_foreign` FOREIGN KEY (`sender_id`) REFERENCES `users` (`id`) ON DELETE CASCADE;

--
-- Constraints for table `conversations`
--
ALTER TABLE `conversations`
  ADD CONSTRAINT `conversations_group_id_foreign` FOREIGN KEY (`group_id`) REFERENCES `chat_groups` (`id`) ON DELETE SET NULL;

--
-- Constraints for table `conversation_participants`
--
ALTER TABLE `conversation_participants`
  ADD CONSTRAINT `conversation_participants_conversation_id_foreign` FOREIGN KEY (`conversation_id`) REFERENCES `conversations` (`id`) ON DELETE CASCADE,
  ADD CONSTRAINT `conversation_participants_user_id_foreign` FOREIGN KEY (`user_id`) REFERENCES `users` (`id`) ON DELETE CASCADE;

--
-- Constraints for table `feedback`
--
ALTER TABLE `feedback`
  ADD CONSTRAINT `feedback_user_id_foreign` FOREIGN KEY (`user_id`) REFERENCES `users` (`id`) ON DELETE SET NULL;

--
-- Constraints for table `friendships`
--
ALTER TABLE `friendships`
  ADD CONSTRAINT `friendships_friend_id_foreign` FOREIGN KEY (`friend_id`) REFERENCES `users` (`id`) ON DELETE CASCADE,
  ADD CONSTRAINT `friendships_user_id_foreign` FOREIGN KEY (`user_id`) REFERENCES `users` (`id`) ON DELETE CASCADE;

--
-- Constraints for table `group_members`
--
ALTER TABLE `group_members`
  ADD CONSTRAINT `group_members_chat_group_id_foreign` FOREIGN KEY (`chat_group_id`) REFERENCES `chat_groups` (`id`) ON DELETE CASCADE,
  ADD CONSTRAINT `group_members_user_id_foreign` FOREIGN KEY (`user_id`) REFERENCES `users` (`id`) ON DELETE CASCADE;

--
-- Constraints for table `messages`
--
ALTER TABLE `messages`
  ADD CONSTRAINT `messages_conversation_id_foreign` FOREIGN KEY (`conversation_id`) REFERENCES `conversations` (`id`) ON DELETE CASCADE,
  ADD CONSTRAINT `messages_sender_id_foreign` FOREIGN KEY (`sender_id`) REFERENCES `users` (`id`) ON DELETE CASCADE;

--
-- Constraints for table `referral_history`
--
ALTER TABLE `referral_history`
  ADD CONSTRAINT `referral_history_referee_id_foreign` FOREIGN KEY (`referee_id`) REFERENCES `users` (`id`) ON DELETE CASCADE,
  ADD CONSTRAINT `referral_history_referrer_id_foreign` FOREIGN KEY (`referrer_id`) REFERENCES `users` (`id`) ON DELETE CASCADE;

--
-- Constraints for table `refresh_tokens`
--
ALTER TABLE `refresh_tokens`
  ADD CONSTRAINT `refresh_tokens_user_id_foreign` FOREIGN KEY (`user_id`) REFERENCES `users` (`id`) ON DELETE CASCADE;

--
-- Constraints for table `rooms`
--
ALTER TABLE `rooms`
  ADD CONSTRAINT `rooms_host_id_foreign` FOREIGN KEY (`host_id`) REFERENCES `users` (`id`) ON DELETE SET NULL,
  ADD CONSTRAINT `rooms_owner_id_foreign` FOREIGN KEY (`owner_id`) REFERENCES `users` (`id`) ON DELETE CASCADE,
  ADD CONSTRAINT `rooms_theme_id_foreign` FOREIGN KEY (`theme_id`) REFERENCES `room_themes` (`id`) ON DELETE SET NULL;

--
-- Constraints for table `room_members`
--
ALTER TABLE `room_members`
  ADD CONSTRAINT `room_members_room_id_foreign` FOREIGN KEY (`room_id`) REFERENCES `rooms` (`id`) ON DELETE CASCADE,
  ADD CONSTRAINT `room_members_user_id_foreign` FOREIGN KEY (`user_id`) REFERENCES `users` (`id`) ON DELETE CASCADE;

--
-- Constraints for table `seats`
--
ALTER TABLE `seats`
  ADD CONSTRAINT `seats_room_id_foreign` FOREIGN KEY (`room_id`) REFERENCES `rooms` (`id`) ON DELETE CASCADE,
  ADD CONSTRAINT `seats_user_id_foreign` FOREIGN KEY (`user_id`) REFERENCES `users` (`id`) ON DELETE SET NULL;

--
-- Constraints for table `transactions`
--
ALTER TABLE `transactions`
  ADD CONSTRAINT `transactions_gift_type_id_foreign` FOREIGN KEY (`gift_type_id`) REFERENCES `gift_types` (`id`) ON DELETE CASCADE,
  ADD CONSTRAINT `transactions_receiver_id_foreign` FOREIGN KEY (`receiver_id`) REFERENCES `users` (`id`) ON DELETE CASCADE,
  ADD CONSTRAINT `transactions_room_id_foreign` FOREIGN KEY (`room_id`) REFERENCES `rooms` (`id`) ON DELETE CASCADE,
  ADD CONSTRAINT `transactions_sender_id_foreign` FOREIGN KEY (`sender_id`) REFERENCES `users` (`id`) ON DELETE CASCADE;

--
-- Constraints for table `users`
--
ALTER TABLE `users`
  ADD CONSTRAINT `users_invited_by_foreign` FOREIGN KEY (`invited_by`) REFERENCES `users` (`id`) ON DELETE SET NULL,
  ADD CONSTRAINT `users_selected_frame_id_foreign` FOREIGN KEY (`selected_frame_id`) REFERENCES `frames` (`id`) ON DELETE SET NULL;

--
-- Constraints for table `user_devices`
--
ALTER TABLE `user_devices`
  ADD CONSTRAINT `user_devices_user_id_foreign` FOREIGN KEY (`user_id`) REFERENCES `users` (`id`) ON DELETE CASCADE;

--
-- Constraints for table `user_followers`
--
ALTER TABLE `user_followers`
  ADD CONSTRAINT `user_followers_follower_id_foreign` FOREIGN KEY (`follower_id`) REFERENCES `users` (`id`) ON DELETE CASCADE,
  ADD CONSTRAINT `user_followers_following_id_foreign` FOREIGN KEY (`following_id`) REFERENCES `users` (`id`) ON DELETE CASCADE;

--
-- Constraints for table `user_unlocked_frames`
--
ALTER TABLE `user_unlocked_frames`
  ADD CONSTRAINT `user_unlocked_frames_frame_id_foreign` FOREIGN KEY (`frame_id`) REFERENCES `frames` (`id`) ON DELETE CASCADE,
  ADD CONSTRAINT `user_unlocked_frames_user_id_foreign` FOREIGN KEY (`user_id`) REFERENCES `users` (`id`) ON DELETE CASCADE;

--
-- Constraints for table `wallet_transactions`
--
ALTER TABLE `wallet_transactions`
  ADD CONSTRAINT `wallet_transactions_package_id_foreign` FOREIGN KEY (`package_id`) REFERENCES `wallet_packages` (`id`) ON DELETE SET NULL,
  ADD CONSTRAINT `wallet_transactions_user_id_foreign` FOREIGN KEY (`user_id`) REFERENCES `users` (`id`) ON DELETE CASCADE;

--
-- Constraints for table `withdrawal_requests`
--
ALTER TABLE `withdrawal_requests`
  ADD CONSTRAINT `withdrawal_requests_user_id_foreign` FOREIGN KEY (`user_id`) REFERENCES `users` (`id`) ON DELETE CASCADE;
COMMIT;

/*!40101 SET CHARACTER_SET_CLIENT=@OLD_CHARACTER_SET_CLIENT */;
/*!40101 SET CHARACTER_SET_RESULTS=@OLD_CHARACTER_SET_RESULTS */;
/*!40101 SET COLLATION_CONNECTION=@OLD_COLLATION_CONNECTION */;
